machine_id,lifespan_class,Type,Air temperature [K],Process temperature [K],Rotational speed [rpm],Torque [Nm],Tool wear [min],timestamp
MCH-S-01,short,H,300.326,311.803,1570.441,55.78,13.067,2026-02-01T09:18:00
MCH-S-01,short,H,300.579,312.011,1562.908,56.158,13.189,2026-02-01T09:18:10
MCH-S-01,short,H,300.815,312.341,1554.18,56.02,13.374,2026-02-01T09:18:20
MCH-S-01,short,H,301.094,312.699,1550.576,56.615,13.527,2026-02-01T09:18:30
MCH-S-01,short,H,301.202,312.89,1552.841,56.159,13.617,2026-02-01T09:18:40
MCH-S-01,short,H,301.374,313.038,1559.577,56.913,13.77,2026-02-01T09:18:50
MCH-S-01,short,H,301.527,313.135,1562.807,57.178,13.909,2026-02-01T09:19:00
MCH-S-01,short,H,301.765,313.213,1570.782,57.565,14.082,2026-02-01T09:19:10
MCH-S-01,short,H,302.043,313.638,1566.23,57.453,14.265,2026-02-01T09:19:20
MCH-S-01,short,H,302.29,314.088,1569.704,57.529,14.417,2026-02-01T09:19:30
MCH-S-01,short,H,302.595,314.317,1563.99,57.758,14.603,2026-02-01T09:19:40
MCH-S-01,short,H,302.944,314.574,1568.397,57.269,14.723,2026-02-01T09:19:50
MCH-S-01,short,H,303.402,315.057,1574.807,57.594,14.862,2026-02-01T09:20:00
MCH-S-01,short,H,303.645,315.466,1560.413,57.795,15.064,2026-02-01T09:20:10
MCH-S-01,short,H,304.055,315.736,1555.207,58.427,15.241,2026-02-01T09:20:20
MCH-S-01,short,H,304.472,316.291,1548.229,58.851,15.397,2026-02-01T09:20:30
MCH-S-01,short,H,304.851,316.866,1556.439,58.768,15.555,2026-02-01T09:20:40
MCH-S-01,short,H,305.116,317.319,1550.803,59.108,15.725,2026-02-01T09:20:50
MCH-S-01,short,H,305.568,317.671,1554.436,59.711,15.961,2026-02-01T09:21:00
MCH-S-01,short,H,306.01,318.018,1559.906,60.548,16.169,2026-02-01T09:21:10
MCH-S-01,short,H,306.409,318.315,1567.752,60.819,16.293,2026-02-01T09:21:20
MCH-S-01,short,H,306.846,318.737,1578.503,60.901,16.534,2026-02-01T09:21:30
MCH-S-01,short,H,307.237,319.477,1590.934,61.064,16.661,2026-02-01T09:21:40
MCH-S-01,short,H,307.619,319.671,1591.248,61.524,16.925,2026-02-01T09:21:50
MCH-S-01,short,H,308.17,319.989,1597.914,62.312,17.104,2026-02-01T09:22:00
MCH-S-01,short,H,308.821,320.462,1609.465,62.514,17.27,2026-02-01T09:22:10
MCH-S-01,short,H,309.244,320.856,1612.768,62.553,17.426,2026-02-01T09:22:20
MCH-S-01,short,H,309.878,321.234,1630.26,63.163,17.561,2026-02-01T09:22:30
MCH-S-01,short,H,310.273,321.774,1653.354,63.221,17.71,2026-02-01T09:22:40
MCH-S-01,short,H,310.679,322.22,1657.614,63.993,17.877,2026-02-01T09:22:50
MCH-S-01,short,H,311.174,322.615,1669.793,64.676,18.068,2026-02-01T09:23:00
MCH-S-01,short,H,311.577,322.861,1695.531,65.293,18.262,2026-02-01T09:23:10
MCH-S-01,short,H,312.045,323.513,1714.789,66.137,18.51,2026-02-01T09:23:20
MCH-S-01,short,H,312.486,323.869,1727.193,66.777,18.714,2026-02-01T09:23:30
MCH-S-01,short,H,312.968,324.303,1743.635,67.051,18.818,2026-02-01T09:23:40
MCH-S-01,short,H,313.43,324.769,1763.482,67.526,18.943,2026-02-01T09:23:50
MCH-S-01,short,H,314.144,325.072,1777.209,68.777,19.052,2026-02-01T09:24:00
MCH-S-01,short,H,314.482,325.618,1791.184,69.965,19.241,2026-02-01T09:24:10
MCH-S-01,short,H,314.873,326.052,1814.307,70.5,19.358,2026-02-01T09:24:20
MCH-S-01,short,H,315.399,331.255,1678.12,78.784,19.542,2026-02-01T09:24:30
MCH-S-01,short,H,315.954,331.615,1705.514,79.643,19.734,2026-02-01T09:24:40
MCH-S-01,short,H,316.543,332.186,1735.561,80.403,19.894,2026-02-01T09:24:50
MCH-S-01,short,H,317.053,332.699,1760.481,81.064,20.136,2026-02-01T09:25:00
MCH-S-01,short,H,317.488,333.335,1777.127,81.297,20.19,2026-02-01T09:25:10
MCH-S-01,short,H,317.886,334.01,1788.629,81.786,20.326,2026-02-01T09:25:20
MCH-S-01,short,H,318.361,334.689,1809.121,82.653,20.458,2026-02-01T09:25:30
MCH-S-01,short,H,318.753,335.297,1837.27,83.204,20.66,2026-02-01T09:25:40
MCH-S-01,short,H,319.382,335.848,1862.369,83.757,20.895,2026-02-01T09:25:50
MCH-S-01,short,H,319.821,336.455,1880.283,84.292,21.012,2026-02-01T09:26:00
MCH-S-01,short,H,320.0,336.62,1892.318,85.327,21.176,2026-02-01T09:26:10
MCH-S-01,short,H,320.0,337.125,1900.0,86.316,21.396,2026-02-01T09:26:20
MCH-S-01,short,H,320.0,337.505,1900.0,86.595,21.604,2026-02-01T09:26:30
MCH-S-01,short,H,320.0,338.028,1900.0,87.196,21.795,2026-02-01T09:26:40
MCH-S-01,short,H,320.0,338.523,1900.0,87.732,21.991,2026-02-01T09:26:50
MCH-S-01,short,H,320.0,338.985,1900.0,88.322,22.106,2026-02-01T09:27:00
MCH-S-01,short,H,320.0,339.43,1900.0,89.194,22.271,2026-02-01T09:27:10
MCH-S-01,short,H,320.0,339.835,1900.0,90.0,22.36,2026-02-01T09:27:20
MCH-S-01,short,H,320.0,340.0,1900.0,90.0,22.566,2026-02-01T09:27:30
MCH-S-01,short,H,320.0,340.0,1900.0,90.0,22.738,2026-02-01T09:27:40
MCH-S-01,short,H,320.0,340.0,1900.0,90.0,22.955,2026-02-01T09:27:50
MCH-S-01,short,H,320.0,340.0,1900.0,90.0,23.166,2026-02-01T09:28:00
MCH-S-01,short,H,320.0,340.0,1900.0,90.0,23.299,2026-02-01T09:28:10
MCH-S-01,short,H,320.0,340.0,1900.0,90.0,23.482,2026-02-01T09:28:20
MCH-S-01,short,H,320.0,340.0,1900.0,90.0,23.714,2026-02-01T09:28:30
MCH-S-01,short,H,320.0,340.0,1900.0,90.0,23.917,2026-02-01T09:28:40
MCH-S-01,short,H,320.0,340.0,1900.0,90.0,24.085,2026-02-01T09:28:50
MCH-S-01,short,H,320.0,340.0,1900.0,90.0,24.285,2026-02-01T09:29:00
MCH-S-01,short,H,320.0,340.0,1900.0,90.0,24.476,2026-02-01T09:29:10
MCH-S-01,short,H,320.0,340.0,1900.0,90.0,24.612,2026-02-01T09:29:20
MCH-S-01,short,H,320.0,340.0,1900.0,90.0,24.796,2026-02-01T09:29:30
MCH-S-01,short,H,320.0,340.0,1900.0,90.0,24.951,2026-02-01T09:29:40
MCH-S-01,short,H,320.0,340.0,1900.0,90.0,25.131,2026-02-01T09:29:50
MCH-S-01,short,H,320.0,340.0,1900.0,90.0,25.288,2026-02-01T09:30:00
MCH-S-01,short,H,320.0,340.0,1900.0,90.0,25.496,2026-02-01T09:30:10
MCH-S-01,short,H,320.0,340.0,1900.0,90.0,25.681,2026-02-01T09:30:20
MCH-S-01,short,H,320.0,340.0,1900.0,90.0,25.878,2026-02-01T09:30:30
MCH-S-01,short,H,320.0,340.0,1900.0,90.0,26.054,2026-02-01T09:30:40
MCH-S-01,short,H,320.0,340.0,1900.0,90.0,26.28,2026-02-01T09:30:50
MCH-S-01,short,H,320.0,340.0,1900.0,90.0,26.463,2026-02-01T09:31:00
MCH-S-01,short,H,320.0,340.0,1900.0,90.0,26.658,2026-02-01T09:31:10
MCH-S-01,short,H,320.0,340.0,1900.0,90.0,26.801,2026-02-01T09:31:20
MCH-S-01,short,H,320.0,340.0,1900.0,90.0,26.951,2026-02-01T09:31:30
MCH-S-01,short,H,320.0,340.0,1900.0,90.0,27.116,2026-02-01T09:31:40
MCH-S-01,short,H,320.0,340.0,1900.0,90.0,27.342,2026-02-01T09:31:50
MCH-S-01,short,H,320.0,340.0,1900.0,90.0,27.507,2026-02-01T09:32:00
MCH-S-01,short,H,320.0,340.0,1900.0,90.0,27.652,2026-02-01T09:32:10
MCH-S-01,short,H,320.0,340.0,1900.0,90.0,27.805,2026-02-01T09:32:20
MCH-S-01,short,H,320.0,340.0,1900.0,90.0,28.044,2026-02-01T09:32:30
MCH-S-01,short,H,320.0,340.0,1900.0,90.0,28.209,2026-02-01T09:32:40
MCH-S-01,short,H,320.0,340.0,1900.0,90.0,28.376,2026-02-01T09:32:50
MCH-S-01,short,H,320.0,340.0,1900.0,90.0,28.444,2026-02-01T09:33:00
MCH-S-01,short,H,320.0,340.0,1900.0,90.0,28.595,2026-02-01T09:33:10
MCH-S-01,short,H,320.0,340.0,1900.0,90.0,28.764,2026-02-01T09:33:20
MCH-S-01,short,H,320.0,340.0,1900.0,90.0,28.885,2026-02-01T09:33:30
MCH-S-01,short,H,320.0,340.0,1900.0,90.0,29.076,2026-02-01T09:33:40
MCH-S-01,short,H,320.0,340.0,1900.0,90.0,29.246,2026-02-01T09:33:50
MCH-S-01,short,H,320.0,340.0,1900.0,90.0,29.425,2026-02-01T09:34:00
MCH-S-01,short,H,320.0,340.0,1900.0,90.0,29.655,2026-02-01T09:34:10
MCH-S-01,short,H,320.0,340.0,1900.0,90.0,29.807,2026-02-01T09:34:20
MCH-S-01,short,H,320.0,340.0,1900.0,90.0,29.985,2026-02-01T09:34:30
MCH-S-01,short,H,320.0,340.0,1900.0,90.0,30.16,2026-02-01T09:34:40
MCH-S-01,short,H,320.0,340.0,1900.0,90.0,30.371,2026-02-01T09:34:50
MCH-S-01,short,H,320.0,340.0,1900.0,90.0,30.543,2026-02-01T09:35:00
MCH-S-01,short,H,320.0,340.0,1900.0,90.0,30.686,2026-02-01T09:35:10
MCH-S-01,short,H,320.0,340.0,1900.0,90.0,30.858,2026-02-01T09:35:20
MCH-S-01,short,H,320.0,340.0,1900.0,90.0,31.093,2026-02-01T09:35:30
MCH-S-01,short,H,320.0,340.0,1900.0,90.0,31.274,2026-02-01T09:35:40
MCH-S-01,short,H,320.0,340.0,1900.0,90.0,31.535,2026-02-01T09:35:50
MCH-S-01,short,H,320.0,340.0,1900.0,90.0,31.744,2026-02-01T09:36:00
MCH-S-01,short,H,320.0,340.0,1900.0,90.0,31.878,2026-02-01T09:36:10
MCH-S-01,short,H,320.0,340.0,1900.0,90.0,32.066,2026-02-01T09:36:20
MCH-S-01,short,H,320.0,340.0,1900.0,90.0,32.259,2026-02-01T09:36:30
MCH-S-01,short,H,320.0,340.0,1900.0,90.0,32.409,2026-02-01T09:36:40
MCH-S-01,short,H,320.0,340.0,1900.0,90.0,32.567,2026-02-01T09:36:50
MCH-S-01,short,H,320.0,340.0,1900.0,90.0,32.727,2026-02-01T09:37:00
MCH-S-01,short,H,320.0,340.0,1900.0,90.0,32.835,2026-02-01T09:37:10
MCH-S-01,short,H,320.0,340.0,1900.0,90.0,33.029,2026-02-01T09:37:20
MCH-S-01,short,H,320.0,340.0,1900.0,90.0,33.164,2026-02-01T09:37:30
MCH-S-01,short,H,320.0,340.0,1900.0,90.0,33.359,2026-02-01T09:37:40
MCH-S-01,short,H,320.0,340.0,1900.0,90.0,33.517,2026-02-01T09:37:50
MCH-S-01,short,H,320.0,340.0,1900.0,90.0,33.703,2026-02-01T09:38:00
MCH-S-01,short,H,320.0,340.0,1900.0,90.0,33.798,2026-02-01T09:38:10
MCH-S-01,short,H,320.0,340.0,1900.0,90.0,34.019,2026-02-01T09:38:20
MCH-S-01,short,H,320.0,340.0,1900.0,90.0,34.193,2026-02-01T09:38:30
MCH-S-01,short,H,320.0,340.0,1900.0,90.0,34.321,2026-02-01T09:38:40
MCH-S-01,short,H,320.0,339.944,1900.0,90.0,34.516,2026-02-01T09:38:50
MCH-S-01,short,H,320.0,339.474,1900.0,90.0,34.685,2026-02-01T09:39:00
MCH-S-01,short,H,320.0,339.319,1900.0,90.0,34.846,2026-02-01T09:39:10
MCH-S-01,short,H,320.0,340.0,1900.0,90.0,35.05,2026-02-01T09:39:20
MCH-S-01,short,H,320.0,340.0,1900.0,90.0,35.244,2026-02-01T09:39:30
MCH-S-01,short,H,320.0,340.0,1900.0,90.0,35.378,2026-02-01T09:39:40
MCH-S-01,short,H,320.0,340.0,1900.0,90.0,35.572,2026-02-01T09:39:50
MCH-S-01,short,H,320.0,340.0,1900.0,90.0,35.738,2026-02-01T09:40:00
MCH-S-01,short,H,320.0,339.702,1900.0,90.0,35.894,2026-02-01T09:40:10
MCH-S-01,short,H,320.0,339.173,1900.0,90.0,36.099,2026-02-01T09:40:20
MCH-S-01,short,H,320.0,338.864,1900.0,90.0,36.315,2026-02-01T09:40:30
MCH-S-01,short,H,320.0,338.483,1900.0,90.0,36.541,2026-02-01T09:40:40
MCH-S-01,short,H,320.0,338.106,1900.0,90.0,36.734,2026-02-01T09:40:50
MCH-S-01,short,H,320.0,337.577,1900.0,90.0,36.86,2026-02-01T09:41:00
MCH-S-01,short,H,320.0,336.984,1900.0,90.0,37.008,2026-02-01T09:41:10
MCH-S-01,short,H,320.0,336.583,1900.0,90.0,37.171,2026-02-01T09:41:20
MCH-S-01,short,H,320.0,336.042,1900.0,90.0,37.282,2026-02-01T09:41:30
MCH-S-01,short,H,320.0,335.624,1900.0,90.0,37.428,2026-02-01T09:41:40
MCH-S-01,short,H,320.0,335.317,1900.0,90.0,37.569,2026-02-01T09:41:50
MCH-S-01,short,H,320.0,334.864,1900.0,90.0,37.736,2026-02-01T09:42:00
MCH-S-01,short,H,320.0,334.728,1900.0,90.0,37.945,2026-02-01T09:42:10
MCH-S-01,short,H,320.0,334.273,1900.0,90.0,38.119,2026-02-01T09:42:20
MCH-S-01,short,H,320.0,334.634,1900.0,90.0,38.303,2026-02-01T09:42:30
MCH-S-01,short,H,320.0,334.027,1900.0,90.0,38.458,2026-02-01T09:42:40
MCH-S-01,short,H,320.0,333.409,1900.0,90.0,38.614,2026-02-01T09:42:50
MCH-S-01,short,H,320.0,332.89,1900.0,90.0,38.827,2026-02-01T09:43:00
MCH-S-01,short,H,320.0,332.479,1900.0,90.0,39.047,2026-02-01T09:43:10
MCH-S-01,short,H,320.0,332.08,1900.0,90.0,39.167,2026-02-01T09:43:20
MCH-S-01,short,H,320.0,331.549,1900.0,90.0,39.374,2026-02-01T09:43:30
MCH-S-01,short,H,320.0,331.206,1900.0,90.0,39.514,2026-02-01T09:43:40
MCH-S-01,short,H,319.773,330.442,1900.0,90.0,39.699,2026-02-01T09:43:50
MCH-S-01,short,H,319.403,330.02,1900.0,90.0,39.838,2026-02-01T09:44:00
MCH-S-01,short,H,319.106,329.486,1900.0,90.0,40.006,2026-02-01T09:44:10
MCH-S-01,short,H,318.782,329.091,1900.0,90.0,40.164,2026-02-01T09:44:20
MCH-S-01,short,H,318.416,328.624,1900.0,90.0,40.304,2026-02-01T09:44:30
MCH-S-01,short,H,318.118,328.234,1900.0,90.0,40.45,2026-02-01T09:44:40
MCH-S-01,short,H,317.658,327.8,1900.0,90.0,40.704,2026-02-01T09:44:50
MCH-S-01,short,H,317.268,327.247,1900.0,90.0,40.91,2026-02-01T09:45:00
MCH-S-01,short,H,317.007,326.826,1900.0,90.0,41.034,2026-02-01T09:45:10
MCH-S-01,short,H,316.646,326.536,1900.0,90.0,41.234,2026-02-01T09:45:20
MCH-S-01,short,H,316.357,326.137,1900.0,90.0,41.302,2026-02-01T09:45:30
MCH-S-01,short,H,315.918,325.736,1900.0,90.0,41.472,2026-02-01T09:45:40
MCH-S-01,short,H,315.552,325.486,1900.0,90.0,41.579,2026-02-01T09:45:50
MCH-S-01,short,H,315.045,325.424,1900.0,90.0,41.732,2026-02-01T09:46:00
MCH-S-01,short,H,314.479,325.033,1900.0,90.0,41.943,2026-02-01T09:46:10
MCH-S-01,short,H,314.153,324.581,1900.0,90.0,42.165,2026-02-01T09:46:20
MCH-S-01,short,H,313.811,324.49,1900.0,90.0,42.287,2026-02-01T09:46:30
MCH-S-01,short,H,313.362,324.219,1900.0,90.0,42.477,2026-02-01T09:46:40
MCH-S-01,short,H,312.889,324.021,1900.0,90.0,42.632,2026-02-01T09:46:50
MCH-S-01,short,H,312.435,323.642,1900.0,90.0,42.792,2026-02-01T09:47:00
MCH-S-01,short,H,312.128,323.505,1900.0,90.0,42.919,2026-02-01T09:47:10
MCH-S-01,short,H,311.675,323.164,1900.0,90.0,43.063,2026-02-01T09:47:20
MCH-S-01,short,H,311.346,323.11,1900.0,90.0,43.275,2026-02-01T09:47:30
MCH-S-01,short,H,310.87,323.133,1900.0,90.0,43.491,2026-02-01T09:47:40
MCH-S-01,short,H,310.564,323.142,1900.0,90.0,43.669,2026-02-01T09:47:50
MCH-S-01,short,H,310.221,322.95,1900.0,90.0,43.817,2026-02-01T09:48:00
MCH-S-01,short,H,309.862,322.905,1900.0,90.0,43.935,2026-02-01T09:48:10
MCH-S-01,short,H,309.567,322.876,1900.0,90.0,44.084,2026-02-01T09:48:20
MCH-S-01,short,H,309.314,322.834,1900.0,90.0,44.227,2026-02-01T09:48:30
MCH-S-01,short,H,308.918,322.661,1900.0,90.0,44.414,2026-02-01T09:48:40
MCH-S-01,short,H,308.512,322.695,1900.0,90.0,44.621,2026-02-01T09:48:50
MCH-S-01,short,H,308.277,322.726,1900.0,90.0,44.711,2026-02-01T09:49:00
MCH-S-01,short,H,308.019,322.548,1900.0,90.0,44.925,2026-02-01T09:49:10
MCH-S-01,short,H,307.768,322.615,1900.0,90.0,45.075,2026-02-01T09:49:20
MCH-S-01,short,H,307.355,322.586,1900.0,90.0,45.252,2026-02-01T09:49:30
MCH-S-01,short,H,307.1,322.599,1900.0,90.0,45.394,2026-02-01T09:49:40
MCH-S-01,short,H,306.836,322.578,1900.0,90.0,45.574,2026-02-01T09:49:50
MCH-S-01,short,H,306.633,322.578,1900.0,90.0,45.706,2026-02-01T09:50:00
MCH-S-01,short,H,306.417,322.589,1900.0,90.0,45.909,2026-02-01T09:50:10
MCH-S-01,short,H,306.168,322.877,1900.0,90.0,46.027,2026-02-01T09:50:20
MCH-S-01,short,H,306.035,322.987,1900.0,90.0,46.196,2026-02-01T09:50:30
MCH-S-01,short,H,305.935,323.023,1900.0,90.0,46.346,2026-02-01T09:50:40
MCH-S-01,short,H,305.645,323.4,1900.0,90.0,46.426,2026-02-01T09:50:50
MCH-S-01,short,H,305.422,323.643,1900.0,90.0,46.569,2026-02-01T09:51:00
MCH-S-01,short,H,305.423,323.747,1900.0,90.0,46.74,2026-02-01T09:51:10
MCH-S-01,short,H,305.382,323.935,1900.0,90.0,46.846,2026-02-01T09:51:20
MCH-S-01,short,H,305.143,324.246,1900.0,90.0,47.025,2026-02-01T09:51:30
MCH-S-01,short,H,305.069,324.625,1900.0,90.0,47.15,2026-02-01T09:51:40
MCH-S-01,short,H,304.983,324.894,1900.0,90.0,47.343,2026-02-01T09:51:50
MCH-S-01,short,H,304.657,325.175,1900.0,90.0,47.485,2026-02-01T09:52:00
MCH-S-01,short,H,304.329,325.476,1900.0,90.0,47.579,2026-02-01T09:52:10
MCH-S-01,short,H,304.33,325.662,1900.0,90.0,47.742,2026-02-01T09:52:20
MCH-S-01,short,H,304.314,325.791,1900.0,90.0,47.884,2026-02-01T09:52:30
MCH-S-01,short,H,304.285,325.991,1900.0,90.0,48.051,2026-02-01T09:52:40
MCH-S-01,short,H,304.121,326.422,1900.0,90.0,48.216,2026-02-01T09:52:50
MCH-S-01,short,H,304.031,326.857,1900.0,90.0,48.323,2026-02-01T09:53:00
MCH-S-01,short,H,303.743,327.691,1900.0,90.0,48.477,2026-02-01T09:53:10
MCH-S-01,short,H,303.696,328.035,1900.0,90.0,48.654,2026-02-01T09:53:20
MCH-S-01,short,H,303.801,328.478,1900.0,90.0,48.765,2026-02-01T09:53:30
MCH-S-01,short,H,303.99,328.966,1900.0,90.0,48.923,2026-02-01T09:53:40
MCH-S-01,short,H,304.006,329.383,1900.0,90.0,49.079,2026-02-01T09:53:50
MCH-S-01,short,H,303.957,329.776,1900.0,90.0,49.25,2026-02-01T09:54:00
MCH-S-01,short,H,303.904,330.18,1900.0,90.0,49.375,2026-02-01T09:54:10
MCH-S-01,short,H,304.045,330.696,1900.0,90.0,49.581,2026-02-01T09:54:20
MCH-S-01,short,H,304.144,331.054,1900.0,90.0,49.724,2026-02-01T09:54:30
MCH-S-01,short,H,304.096,331.752,1900.0,90.0,49.945,2026-02-01T09:54:40
MCH-S-01,short,H,304.044,332.44,1900.0,90.0,50.181,2026-02-01T09:54:50
MCH-S-01,short,H,304.19,333.028,1900.0,90.0,50.329,2026-02-01T09:55:00
MCH-S-01,short,H,304.256,333.303,1900.0,90.0,50.468,2026-02-01T09:55:10
MCH-S-01,short,H,304.422,333.997,1900.0,90.0,50.631,2026-02-01T09:55:20
MCH-S-01,short,H,304.602,334.55,1900.0,90.0,50.795,2026-02-01T09:55:30
MCH-S-01,short,H,304.645,334.924,1900.0,90.0,50.962,2026-02-01T09:55:40
MCH-S-01,short,H,304.925,335.312,1900.0,90.0,51.162,2026-02-01T09:55:50
MCH-S-01,short,H,305.053,335.963,1900.0,90.0,51.302,2026-02-01T09:56:00
MCH-S-01,short,H,305.273,336.516,1900.0,90.0,51.469,2026-02-01T09:56:10
MCH-S-01,short,H,305.537,337.065,1900.0,90.0,51.608,2026-02-01T09:56:20
MCH-S-01,short,H,305.679,337.84,1900.0,90.0,51.743,2026-02-01T09:56:30
MCH-S-01,short,H,305.899,338.782,1900.0,90.0,51.895,2026-02-01T09:56:40
MCH-S-01,short,H,306.13,339.408,1900.0,90.0,51.995,2026-02-01T09:56:50
MCH-S-01,short,H,306.198,339.991,1900.0,90.0,52.193,2026-02-01T09:57:00
MCH-S-01,short,H,306.457,340.0,1900.0,90.0,52.333,2026-02-01T09:57:10
MCH-S-01,short,H,306.752,340.0,1900.0,90.0,52.494,2026-02-01T09:57:20
MCH-S-01,short,H,307.063,340.0,1900.0,90.0,52.635,2026-02-01T09:57:30
MCH-S-01,short,H,307.366,340.0,1900.0,90.0,52.832,2026-02-01T09:57:40
MCH-S-01,short,H,307.657,340.0,1900.0,90.0,52.94,2026-02-01T09:57:50
MCH-S-01,short,H,307.793,340.0,1900.0,90.0,53.159,2026-02-01T09:58:00
MCH-S-01,short,H,308.155,340.0,1900.0,90.0,53.33,2026-02-01T09:58:10
MCH-S-01,short,H,308.286,340.0,1900.0,90.0,53.532,2026-02-01T09:58:20
MCH-S-01,short,H,308.476,340.0,1900.0,90.0,53.687,2026-02-01T09:58:30
MCH-S-01,short,H,308.682,340.0,1900.0,90.0,53.872,2026-02-01T09:58:40
MCH-S-01,short,H,308.988,340.0,1900.0,90.0,53.983,2026-02-01T09:58:50
MCH-S-01,short,H,309.228,340.0,1900.0,90.0,54.182,2026-02-01T09:59:00
MCH-S-01,short,H,309.409,340.0,1900.0,90.0,54.299,2026-02-01T09:59:10
MCH-S-01,short,H,309.565,340.0,1900.0,90.0,54.505,2026-02-01T09:59:20
MCH-S-01,short,H,309.898,340.0,1900.0,90.0,54.685,2026-02-01T09:59:30
MCH-S-01,short,H,310.188,340.0,1900.0,90.0,54.8,2026-02-01T09:59:40
MCH-S-01,short,H,310.533,340.0,1900.0,90.0,54.918,2026-02-01T09:59:50
MCH-S-01,short,H,310.834,340.0,1900.0,90.0,55.09,2026-02-01T10:00:00
MCH-S-01,short,H,311.125,340.0,1900.0,90.0,55.284,2026-02-01T10:00:10
MCH-S-01,short,H,311.349,340.0,1900.0,90.0,55.46,2026-02-01T10:00:20
MCH-S-01,short,H,311.556,340.0,1900.0,90.0,55.65,2026-02-01T10:00:30
MCH-S-01,short,H,311.697,340.0,1900.0,90.0,55.794,2026-02-01T10:00:40
MCH-S-01,short,H,311.85,340.0,1900.0,90.0,55.958,2026-02-01T10:00:50
MCH-S-01,short,H,312.287,340.0,1900.0,90.0,56.091,2026-02-01T10:01:00
MCH-S-01,short,H,312.657,340.0,1900.0,90.0,56.293,2026-02-01T10:01:10
MCH-S-01,short,H,313.007,340.0,1900.0,90.0,56.433,2026-02-01T10:01:20
MCH-S-01,short,H,313.205,340.0,1900.0,90.0,56.543,2026-02-01T10:01:30
MCH-S-01,short,H,313.51,340.0,1900.0,90.0,56.768,2026-02-01T10:01:40
MCH-S-01,short,H,313.796,340.0,1900.0,90.0,57.023,2026-02-01T10:01:50
MCH-S-01,short,H,314.171,340.0,1900.0,90.0,57.163,2026-02-01T10:02:00
MCH-S-01,short,H,314.339,340.0,1900.0,90.0,57.329,2026-02-01T10:02:10
MCH-S-01,short,H,314.571,340.0,1900.0,90.0,57.353,2026-02-01T10:02:20
MCH-S-01,short,H,314.768,340.0,1900.0,90.0,57.52,2026-02-01T10:02:30
MCH-S-01,short,H,315.107,340.0,1900.0,90.0,57.736,2026-02-01T10:02:40
MCH-S-01,short,H,315.392,340.0,1900.0,90.0,57.867,2026-02-01T10:02:50
MCH-S-01,short,H,315.65,340.0,1900.0,90.0,57.952,2026-02-01T10:03:00
MCH-S-01,short,H,315.848,340.0,1900.0,90.0,58.15,2026-02-01T10:03:10
MCH-S-01,short,H,316.127,340.0,1900.0,90.0,58.306,2026-02-01T10:03:20
MCH-S-01,short,H,316.508,340.0,1900.0,90.0,58.527,2026-02-01T10:03:30
MCH-S-01,short,H,316.631,340.0,1900.0,90.0,58.694,2026-02-01T10:03:40
MCH-S-01,short,H,316.936,340.0,1900.0,90.0,58.878,2026-02-01T10:03:50
MCH-S-01,short,H,317.083,340.0,1900.0,90.0,59.056,2026-02-01T10:04:00
MCH-S-01,short,H,317.074,340.0,1900.0,90.0,59.203,2026-02-01T10:04:10
MCH-S-01,short,H,317.349,340.0,1900.0,90.0,59.382,2026-02-01T10:04:20
MCH-S-01,short,H,317.628,340.0,1900.0,90.0,59.514,2026-02-01T10:04:30
MCH-S-01,short,H,317.858,340.0,1900.0,90.0,59.715,2026-02-01T10:04:40
MCH-S-01,short,H,318.048,340.0,1900.0,90.0,59.897,2026-02-01T10:04:50
MCH-S-01,short,H,318.247,340.0,1900.0,90.0,59.984,2026-02-01T10:05:00
MCH-S-01,short,H,318.379,340.0,1900.0,90.0,60.169,2026-02-01T10:05:10
MCH-S-01,short,H,318.653,340.0,1900.0,90.0,60.344,2026-02-01T10:05:20
MCH-S-01,short,H,318.908,340.0,1900.0,90.0,60.583,2026-02-01T10:05:30
MCH-S-01,short,H,318.984,340.0,1900.0,90.0,60.731,2026-02-01T10:05:40
MCH-S-01,short,H,319.173,340.0,1900.0,90.0,60.92,2026-02-01T10:05:50
MCH-S-01,short,H,319.236,340.0,1900.0,90.0,61.068,2026-02-01T10:06:00
MCH-S-01,short,H,319.274,340.0,1872.973,90.0,61.272,2026-02-01T10:06:10
MCH-S-01,short,H,319.252,340.0,1856.482,90.0,61.404,2026-02-01T10:06:20
MCH-S-01,short,H,319.38,340.0,1837.763,90.0,61.512,2026-02-01T10:06:30
MCH-S-01,short,H,319.518,340.0,1812.642,90.0,61.671,2026-02-01T10:06:40
MCH-S-01,short,H,319.566,340.0,1794.6,90.0,61.81,2026-02-01T10:06:50
MCH-S-01,short,H,319.783,340.0,1762.451,90.0,61.952,2026-02-01T10:07:00
MCH-S-01,short,H,319.875,340.0,1744.733,90.0,62.112,2026-02-01T10:07:10
MCH-S-01,short,H,319.951,340.0,1708.256,90.0,62.256,2026-02-01T10:07:20
MCH-S-01,short,H,320.0,340.0,1698.969,90.0,62.489,2026-02-01T10:07:30
MCH-S-01,short,H,320.0,340.0,1673.168,90.0,62.62,2026-02-01T10:07:40
MCH-S-01,short,H,320.0,340.0,1646.576,90.0,62.755,2026-02-01T10:07:50
MCH-S-01,short,H,320.0,340.0,1651.258,90.0,62.986,2026-02-01T10:08:00
MCH-S-01,short,H,320.0,340.0,1631.657,90.0,63.188,2026-02-01T10:08:10
MCH-S-01,short,H,320.0,340.0,1607.489,90.0,63.421,2026-02-01T10:08:20
MCH-S-01,short,H,320.0,340.0,1599.782,90.0,63.511,2026-02-01T10:08:30
MCH-S-01,short,H,320.0,340.0,1605.015,90.0,63.661,2026-02-01T10:08:40
MCH-S-01,short,H,320.0,340.0,1590.132,90.0,63.777,2026-02-01T10:08:50
MCH-S-01,short,H,320.0,340.0,1558.431,90.0,63.885,2026-02-01T10:09:00
MCH-S-01,short,H,320.0,340.0,1548.554,90.0,64.075,2026-02-01T10:09:10
MCH-S-01,short,H,320.0,340.0,1526.4,90.0,64.282,2026-02-01T10:09:20
MCH-S-01,short,H,320.0,340.0,1511.092,90.0,64.407,2026-02-01T10:09:30
MCH-S-01,short,H,320.0,340.0,1493.568,90.0,64.567,2026-02-01T10:09:40
MCH-S-01,short,H,320.0,340.0,1484.164,90.0,64.632,2026-02-01T10:09:50
MCH-S-01,short,H,320.0,340.0,1463.461,90.0,64.716,2026-02-01T10:10:00
MCH-S-01,short,H,320.0,340.0,1461.063,90.0,64.829,2026-02-01T10:10:10
MCH-S-01,short,H,320.0,340.0,1452.71,90.0,64.984,2026-02-01T10:10:20
MCH-S-01,short,H,320.0,340.0,1448.67,90.0,65.205,2026-02-01T10:10:30
MCH-S-01,short,H,319.892,340.0,1430.96,90.0,65.393,2026-02-01T10:10:40
MCH-S-01,short,H,319.839,340.0,1428.673,90.0,65.521,2026-02-01T10:10:50
MCH-S-01,short,H,319.815,340.0,1415.118,90.0,65.629,2026-02-01T10:11:00
MCH-S-01,short,H,319.738,340.0,1407.284,90.0,65.857,2026-02-01T10:11:10
MCH-S-01,short,H,319.531,340.0,1400.943,90.0,66.021,2026-02-01T10:11:20
MCH-S-01,short,H,319.437,340.0,1387.727,90.0,66.134,2026-02-01T10:11:30
MCH-S-01,short,H,319.208,340.0,1389.974,90.0,66.25,2026-02-01T10:11:40
MCH-S-01,short,H,319.137,340.0,1387.682,90.0,66.367,2026-02-01T10:11:50
MCH-S-01,short,H,318.997,340.0,1369.427,90.0,66.54,2026-02-01T10:12:00
MCH-S-01,short,H,318.918,340.0,1354.012,90.0,66.67,2026-02-01T10:12:10
MCH-S-01,short,H,318.629,340.0,1351.624,90.0,66.833,2026-02-01T10:12:20
MCH-S-01,short,H,318.483,340.0,1340.783,90.0,66.98,2026-02-01T10:12:30
MCH-S-01,short,H,318.244,340.0,1346.196,90.0,67.173,2026-02-01T10:12:40
MCH-S-01,short,H,318.052,340.0,1342.074,90.0,67.36,2026-02-01T10:12:50
MCH-S-01,short,H,317.803,340.0,1330.0,90.0,67.564,2026-02-01T10:13:00
MCH-S-01,short,H,317.738,340.0,1323.892,90.0,67.685,2026-02-01T10:13:10
MCH-S-01,short,H,317.714,340.0,1305.991,90.0,67.74,2026-02-01T10:13:20
MCH-S-01,short,H,317.523,340.0,1306.734,90.0,67.862,2026-02-01T10:13:30
MCH-S-01,short,H,317.432,340.0,1299.62,90.0,68.027,2026-02-01T10:13:40
MCH-S-01,short,H,317.268,340.0,1288.059,90.0,68.117,2026-02-01T10:13:50
MCH-S-01,short,H,317.141,340.0,1286.352,90.0,68.262,2026-02-01T10:14:00
MCH-S-01,short,H,316.929,340.0,1278.485,90.0,68.382,2026-02-01T10:14:10
MCH-S-01,short,H,316.608,340.0,1273.559,90.0,68.481,2026-02-01T10:14:20
MCH-S-01,short,H,316.402,340.0,1252.91,90.0,68.593,2026-02-01T10:14:30
MCH-S-01,short,H,316.094,340.0,1266.288,90.0,68.742,2026-02-01T10:14:40
MCH-S-01,short,H,315.85,340.0,1267.41,90.0,68.935,2026-02-01T10:14:50
MCH-S-01,short,H,315.892,340.0,1259.638,90.0,69.137,2026-02-01T10:15:00
MCH-S-01,short,H,315.587,340.0,1255.45,90.0,69.335,2026-02-01T10:15:10
MCH-S-01,short,H,315.465,340.0,1262.795,90.0,69.495,2026-02-01T10:15:20
MCH-S-01,short,H,315.388,340.0,1268.452,90.0,69.664,2026-02-01T10:15:30
MCH-S-01,short,H,315.059,340.0,1285.53,90.0,69.844,2026-02-01T10:15:40
MCH-S-01,short,H,314.697,340.0,1308.689,90.0,70.087,2026-02-01T10:15:50
MCH-S-01,short,H,314.421,340.0,1316.973,90.0,70.284,2026-02-01T10:16:00
MCH-S-01,short,H,314.194,340.0,1304.012,90.0,70.442,2026-02-01T10:16:10
MCH-S-01,short,H,313.99,340.0,1317.231,90.0,70.554,2026-02-01T10:16:20
MCH-S-01,short,H,313.789,340.0,1318.848,90.0,70.707,2026-02-01T10:16:30
MCH-S-01,short,H,313.536,340.0,1320.8,90.0,70.959,2026-02-01T10:16:40
MCH-S-01,short,H,313.487,340.0,1349.204,90.0,71.122,2026-02-01T10:16:50
MCH-S-01,short,H,313.411,340.0,1356.351,90.0,71.365,2026-02-01T10:17:00
MCH-S-01,short,H,313.165,340.0,1375.54,90.0,71.536,2026-02-01T10:17:10
MCH-S-01,short,H,312.873,340.0,1377.109,90.0,71.757,2026-02-01T10:17:20
MCH-S-01,short,H,312.736,340.0,1396.874,90.0,71.972,2026-02-01T10:17:30
MCH-S-01,short,H,312.485,340.0,1400.522,90.0,72.088,2026-02-01T10:17:40
MCH-S-01,short,H,312.243,340.0,1405.254,90.0,72.316,2026-02-01T10:17:50
MCH-S-01,short,H,311.865,340.0,1419.525,90.0,72.412,2026-02-01T10:18:00
MCH-S-01,short,H,311.572,340.0,1439.997,90.0,72.578,2026-02-01T10:18:10
MCH-S-01,short,H,311.49,340.0,1434.761,90.0,72.706,2026-02-01T10:18:20
MCH-S-01,short,H,311.234,340.0,1439.161,90.0,72.802,2026-02-01T10:18:30
MCH-S-01,short,H,311.073,340.0,1451.588,90.0,72.964,2026-02-01T10:18:40
MCH-S-01,short,H,310.856,340.0,1472.007,90.0,73.136,2026-02-01T10:18:50
MCH-S-01,short,H,310.788,340.0,1469.942,90.0,73.295,2026-02-01T10:19:00
MCH-S-01,short,H,310.615,339.748,1473.669,90.0,73.446,2026-02-01T10:19:10
MCH-S-01,short,H,310.327,339.488,1466.105,90.0,73.592,2026-02-01T10:19:20
MCH-S-01,short,H,310.215,339.259,1466.585,90.0,73.695,2026-02-01T10:19:30
MCH-S-01,short,H,309.936,339.022,1478.353,90.0,73.92,2026-02-01T10:19:40
MCH-S-01,short,H,309.835,338.777,1492.049,90.0,74.103,2026-02-01T10:19:50
MCH-S-01,short,H,309.727,338.789,1510.772,90.0,74.278,2026-02-01T10:20:00
MCH-S-01,short,H,309.583,338.629,1533.469,90.0,74.422,2026-02-01T10:20:10
MCH-S-01,short,H,309.607,338.42,1551.963,90.0,74.628,2026-02-01T10:20:20
MCH-S-01,short,H,309.673,338.42,1571.407,90.0,74.787,2026-02-01T10:20:30
MCH-S-01,short,H,309.543,338.308,1584.365,90.0,74.989,2026-02-01T10:20:40
MCH-S-01,short,H,309.469,338.195,1607.99,90.0,75.163,2026-02-01T10:20:50
MCH-S-01,short,H,309.384,338.003,1631.709,90.0,75.308,2026-02-01T10:21:00
MCH-S-01,short,H,309.213,338.077,1638.899,90.0,75.531,2026-02-01T10:21:10
MCH-S-01,short,H,309.163,337.882,1661.093,90.0,75.708,2026-02-01T10:21:20
MCH-S-01,short,H,309.215,337.883,1687.875,90.0,75.853,2026-02-01T10:21:30
MCH-S-01,short,H,309.273,337.784,1714.755,90.0,76.02,2026-02-01T10:21:40
MCH-S-01,short,H,309.31,337.814,1729.046,90.0,76.188,2026-02-01T10:21:50
MCH-S-01,short,H,309.433,337.825,1751.258,90.0,76.376,2026-02-01T10:22:00
MCH-S-01,short,H,309.534,337.99,1783.369,90.0,76.567,2026-02-01T10:22:10
MCH-S-01,short,H,309.503,338.207,1798.913,90.0,76.72,2026-02-01T10:22:20
MCH-S-01,short,H,309.564,338.124,1818.998,90.0,76.818,2026-02-01T10:22:30
MCH-S-01,short,H,309.675,337.928,1830.531,90.0,77.004,2026-02-01T10:22:40
MCH-S-01,short,H,309.667,338.217,1843.491,90.0,77.209,2026-02-01T10:22:50
MCH-S-01,short,H,309.925,338.356,1864.017,90.0,77.355,2026-02-01T10:23:00
MCH-S-01,short,H,310.141,338.69,1886.903,90.0,77.554,2026-02-01T10:23:10
MCH-S-01,short,H,310.188,338.9,1900.0,90.0,77.813,2026-02-01T10:23:20
MCH-S-01,short,H,310.351,340.0,1888.522,90.0,77.974,2026-02-01T10:23:30
MCH-S-01,short,H,310.582,340.0,1895.33,90.0,78.127,2026-02-01T10:23:40
MCH-S-01,short,H,310.586,340.0,1900.0,90.0,78.166,2026-02-01T10:23:50
MCH-S-01,short,H,310.538,340.0,1900.0,90.0,78.328,2026-02-01T10:24:00
MCH-S-01,short,H,310.683,340.0,1900.0,90.0,78.474,2026-02-01T10:24:10
MCH-S-01,short,H,310.785,340.0,1900.0,90.0,78.629,2026-02-01T10:24:20
MCH-S-01,short,H,311.017,340.0,1900.0,90.0,78.717,2026-02-01T10:24:30
MCH-S-01,short,H,311.086,340.0,1900.0,90.0,78.847,2026-02-01T10:24:40
MCH-S-01,short,H,311.336,340.0,1900.0,90.0,79.057,2026-02-01T10:24:50
MCH-S-01,short,H,311.639,340.0,1900.0,90.0,79.225,2026-02-01T10:25:00
MCH-S-01,short,H,311.933,340.0,1900.0,90.0,79.45,2026-02-01T10:25:10
MCH-S-01,short,H,312.267,340.0,1900.0,90.0,79.59,2026-02-01T10:25:20
MCH-S-01,short,H,312.523,340.0,1900.0,90.0,79.756,2026-02-01T10:25:30
MCH-S-01,short,H,312.879,340.0,1900.0,90.0,79.895,2026-02-01T10:25:40
MCH-S-01,short,H,313.084,340.0,1900.0,90.0,80.005,2026-02-01T10:25:50
MCH-S-01,short,H,313.07,340.0,1900.0,90.0,80.116,2026-02-01T10:26:00
MCH-S-01,short,H,313.173,340.0,1900.0,90.0,80.264,2026-02-01T10:26:10
MCH-S-01,short,H,313.464,340.0,1900.0,90.0,80.396,2026-02-01T10:26:20
MCH-S-01,short,H,313.834,340.0,1900.0,90.0,80.553,2026-02-01T10:26:30
MCH-S-01,short,H,314.045,340.0,1900.0,90.0,80.792,2026-02-01T10:26:40
MCH-S-01,short,H,314.278,340.0,1900.0,90.0,80.953,2026-02-01T10:26:50
MCH-S-01,short,H,314.542,340.0,1900.0,90.0,81.082,2026-02-01T10:27:00
MCH-S-01,short,H,314.846,340.0,1900.0,90.0,81.189,2026-02-01T10:27:10
MCH-S-01,short,H,315.145,340.0,1900.0,90.0,81.369,2026-02-01T10:27:20
MCH-S-01,short,H,315.54,340.0,1900.0,90.0,81.51,2026-02-01T10:27:30
MCH-S-01,short,H,315.976,340.0,1900.0,90.0,81.685,2026-02-01T10:27:40
MCH-S-01,short,H,316.129,340.0,1900.0,90.0,81.86,2026-02-01T10:27:50
MCH-S-01,short,H,316.58,340.0,1900.0,90.0,81.988,2026-02-01T10:28:00
MCH-S-01,short,H,317.018,340.0,1900.0,90.0,82.177,2026-02-01T10:28:10
MCH-S-01,short,H,317.496,340.0,1900.0,90.0,82.299,2026-02-01T10:28:20
MCH-S-01,short,H,317.909,340.0,1900.0,90.0,82.387,2026-02-01T10:28:30
MCH-S-01,short,H,318.308,340.0,1900.0,90.0,82.544,2026-02-01T10:28:40
MCH-S-01,short,H,318.519,340.0,1900.0,90.0,82.677,2026-02-01T10:28:50
MCH-S-01,short,H,318.656,340.0,1900.0,90.0,82.812,2026-02-01T10:29:00
MCH-S-01,short,H,319.093,340.0,1900.0,90.0,82.959,2026-02-01T10:29:10
MCH-S-01,short,H,319.375,340.0,1900.0,90.0,83.095,2026-02-01T10:29:20
MCH-S-01,short,H,319.935,340.0,1900.0,90.0,83.233,2026-02-01T10:29:30
MCH-S-01,short,H,320.0,340.0,1900.0,90.0,83.425,2026-02-01T10:29:40
MCH-S-01,short,H,320.0,340.0,1900.0,90.0,83.533,2026-02-01T10:29:50
MCH-S-01,short,H,320.0,340.0,1900.0,90.0,83.688,2026-02-01T10:30:00
MCH-S-01,short,H,320.0,340.0,1900.0,90.0,83.876,2026-02-01T10:30:10
MCH-S-01,short,H,320.0,340.0,1900.0,90.0,84.026,2026-02-01T10:30:20
MCH-S-01,short,H,320.0,340.0,1900.0,90.0,84.152,2026-02-01T10:30:30
MCH-S-01,short,H,320.0,340.0,1900.0,90.0,84.267,2026-02-01T10:30:40
MCH-S-01,short,H,320.0,340.0,1900.0,90.0,84.474,2026-02-01T10:30:50
MCH-S-01,short,H,320.0,340.0,1900.0,90.0,84.66,2026-02-01T10:31:00
MCH-S-01,short,H,320.0,340.0,1900.0,90.0,84.84,2026-02-01T10:31:10
MCH-S-01,short,H,320.0,340.0,1900.0,90.0,85.018,2026-02-01T10:31:20
MCH-S-01,short,H,320.0,340.0,1900.0,90.0,85.158,2026-02-01T10:31:30
MCH-S-01,short,H,320.0,340.0,1900.0,90.0,85.301,2026-02-01T10:31:40
MCH-S-01,short,H,320.0,340.0,1900.0,90.0,85.497,2026-02-01T10:31:50
MCH-S-01,short,H,320.0,340.0,1900.0,90.0,85.678,2026-02-01T10:32:00
MCH-S-01,short,H,320.0,340.0,1900.0,90.0,85.889,2026-02-01T10:32:10
MCH-S-01,short,H,320.0,340.0,1900.0,90.0,86.173,2026-02-01T10:32:20
MCH-S-01,short,H,320.0,340.0,1900.0,90.0,86.379,2026-02-01T10:32:30
MCH-S-01,short,H,320.0,340.0,1900.0,90.0,86.565,2026-02-01T10:32:40
MCH-S-01,short,H,320.0,340.0,1900.0,90.0,86.764,2026-02-01T10:32:50
MCH-S-01,short,H,320.0,340.0,1900.0,90.0,86.89,2026-02-01T10:33:00
MCH-S-01,short,H,320.0,340.0,1900.0,90.0,87.073,2026-02-01T10:33:10
MCH-S-01,short,H,320.0,340.0,1900.0,90.0,87.197,2026-02-01T10:33:20
MCH-S-01,short,H,320.0,340.0,1900.0,90.0,87.409,2026-02-01T10:33:30
MCH-S-01,short,H,320.0,340.0,1900.0,90.0,87.588,2026-02-01T10:33:40
MCH-S-01,short,H,320.0,340.0,1900.0,90.0,87.762,2026-02-01T10:33:50
MCH-S-01,short,H,320.0,340.0,1900.0,90.0,87.919,2026-02-01T10:34:00
MCH-S-01,short,H,320.0,340.0,1900.0,90.0,88.055,2026-02-01T10:34:10
MCH-S-01,short,H,320.0,340.0,1900.0,90.0,88.161,2026-02-01T10:34:20
MCH-S-01,short,H,320.0,340.0,1900.0,90.0,88.394,2026-02-01T10:34:30
MCH-S-01,short,H,320.0,340.0,1900.0,90.0,88.508,2026-02-01T10:34:40
MCH-S-01,short,H,320.0,340.0,1900.0,90.0,88.651,2026-02-01T10:34:50
MCH-S-01,short,H,320.0,340.0,1900.0,90.0,88.867,2026-02-01T10:35:00
MCH-S-01,short,H,320.0,340.0,1900.0,90.0,89.013,2026-02-01T10:35:10
MCH-S-01,short,H,320.0,340.0,1900.0,90.0,89.169,2026-02-01T10:35:20
MCH-S-01,short,H,320.0,340.0,1900.0,90.0,89.353,2026-02-01T10:35:30
MCH-S-01,short,H,320.0,340.0,1900.0,90.0,89.546,2026-02-01T10:35:40
MCH-S-01,short,H,320.0,340.0,1900.0,90.0,89.717,2026-02-01T10:35:50
MCH-S-01,short,H,320.0,340.0,1900.0,90.0,89.787,2026-02-01T10:36:00
MCH-S-01,short,H,320.0,340.0,1900.0,90.0,89.948,2026-02-01T10:36:10
MCH-S-01,short,H,320.0,340.0,1900.0,90.0,90.071,2026-02-01T10:36:20
MCH-S-01,short,H,320.0,340.0,1900.0,90.0,90.264,2026-02-01T10:36:30
MCH-S-01,short,H,320.0,340.0,1900.0,90.0,90.427,2026-02-01T10:36:40
MCH-S-01,short,H,320.0,340.0,1900.0,90.0,90.595,2026-02-01T10:36:50
MCH-S-01,short,H,320.0,340.0,1900.0,90.0,90.802,2026-02-01T10:37:00
MCH-S-01,short,H,320.0,340.0,1900.0,90.0,90.995,2026-02-01T10:37:10
MCH-S-01,short,H,320.0,340.0,1900.0,90.0,91.152,2026-02-01T10:37:20
MCH-S-01,short,H,320.0,340.0,1900.0,90.0,91.311,2026-02-01T10:37:30
MCH-S-01,short,H,320.0,340.0,1900.0,90.0,91.501,2026-02-01T10:37:40
MCH-S-01,short,H,320.0,340.0,1900.0,90.0,91.731,2026-02-01T10:37:50
MCH-S-01,short,H,320.0,340.0,1900.0,90.0,91.974,2026-02-01T10:38:00
MCH-S-01,short,H,320.0,340.0,1900.0,90.0,92.145,2026-02-01T10:38:10
MCH-S-01,short,H,320.0,340.0,1900.0,90.0,92.253,2026-02-01T10:38:20
MCH-S-01,short,H,320.0,340.0,1900.0,90.0,92.414,2026-02-01T10:38:30
MCH-S-01,short,H,320.0,340.0,1900.0,90.0,92.601,2026-02-01T10:38:40
MCH-S-01,short,H,320.0,340.0,1900.0,90.0,92.743,2026-02-01T10:38:50
MCH-S-01,short,H,320.0,340.0,1900.0,90.0,92.924,2026-02-01T10:39:00
MCH-S-01,short,H,320.0,340.0,1900.0,90.0,93.184,2026-02-01T10:39:10
MCH-S-01,short,H,320.0,340.0,1900.0,90.0,93.33,2026-02-01T10:39:20
MCH-S-01,short,H,320.0,340.0,1900.0,90.0,93.487,2026-02-01T10:39:30
MCH-S-01,short,H,320.0,340.0,1900.0,90.0,93.671,2026-02-01T10:39:40
MCH-S-01,short,H,320.0,340.0,1900.0,90.0,93.77,2026-02-01T10:39:50
MCH-S-01,short,H,320.0,340.0,1900.0,90.0,93.934,2026-02-01T10:40:00
MCH-S-01,short,H,320.0,340.0,1900.0,90.0,94.0,2026-02-01T10:40:10
MCH-S-01,short,H,320.0,340.0,1900.0,90.0,94.198,2026-02-01T10:40:20
MCH-S-01,short,H,320.0,340.0,1900.0,90.0,94.43,2026-02-01T10:40:30
MCH-S-01,short,H,320.0,340.0,1900.0,90.0,94.62,2026-02-01T10:40:40
MCH-S-01,short,H,320.0,340.0,1900.0,90.0,94.726,2026-02-01T10:40:50
MCH-S-01,short,H,320.0,340.0,1900.0,90.0,94.903,2026-02-01T10:41:00
MCH-S-01,short,H,320.0,340.0,1900.0,90.0,95.041,2026-02-01T10:41:10
MCH-S-01,short,H,320.0,340.0,1900.0,90.0,95.251,2026-02-01T10:41:20
MCH-S-01,short,H,320.0,340.0,1900.0,90.0,95.379,2026-02-01T10:41:30
MCH-S-01,short,H,320.0,340.0,1900.0,90.0,95.605,2026-02-01T10:41:40
MCH-S-01,short,H,320.0,340.0,1900.0,90.0,95.771,2026-02-01T10:41:50
MCH-S-01,short,H,320.0,340.0,1900.0,90.0,95.961,2026-02-01T10:42:00
MCH-S-01,short,H,320.0,340.0,1900.0,90.0,96.194,2026-02-01T10:42:10
MCH-S-01,short,H,320.0,340.0,1900.0,90.0,96.361,2026-02-01T10:42:20
MCH-S-01,short,H,320.0,340.0,1900.0,90.0,96.556,2026-02-01T10:42:30
MCH-S-01,short,H,320.0,340.0,1900.0,90.0,96.737,2026-02-01T10:42:40
MCH-S-01,short,H,320.0,340.0,1900.0,90.0,96.83,2026-02-01T10:42:50
MCH-S-01,short,H,320.0,340.0,1900.0,90.0,96.982,2026-02-01T10:43:00
MCH-S-01,short,H,320.0,340.0,1900.0,90.0,97.184,2026-02-01T10:43:10
MCH-S-01,short,H,320.0,340.0,1900.0,90.0,97.424,2026-02-01T10:43:20
MCH-S-01,short,H,320.0,340.0,1900.0,90.0,97.587,2026-02-01T10:43:30
MCH-S-01,short,H,320.0,340.0,1900.0,90.0,97.75,2026-02-01T10:43:40
MCH-S-01,short,H,320.0,340.0,1900.0,90.0,97.9,2026-02-01T10:43:50
MCH-S-01,short,H,320.0,340.0,1900.0,90.0,98.042,2026-02-01T10:44:00
MCH-S-01,short,H,320.0,340.0,1900.0,90.0,98.238,2026-02-01T10:44:10
MCH-S-01,short,H,320.0,340.0,1900.0,90.0,98.367,2026-02-01T10:44:20
MCH-S-01,short,H,320.0,340.0,1900.0,90.0,98.587,2026-02-01T10:44:30
MCH-S-01,short,H,320.0,340.0,1900.0,90.0,98.75,2026-02-01T10:44:40
MCH-S-01,short,H,320.0,340.0,1900.0,90.0,98.894,2026-02-01T10:44:50
MCH-S-01,short,H,320.0,340.0,1900.0,90.0,99.034,2026-02-01T10:45:00
MCH-S-01,short,H,320.0,340.0,1900.0,90.0,99.153,2026-02-01T10:45:10
MCH-S-01,short,H,320.0,340.0,1900.0,90.0,99.345,2026-02-01T10:45:20
MCH-S-01,short,H,320.0,340.0,1900.0,90.0,99.513,2026-02-01T10:45:30
MCH-S-01,short,H,320.0,340.0,1900.0,90.0,99.665,2026-02-01T10:45:40
MCH-S-01,short,H,320.0,340.0,1900.0,90.0,99.862,2026-02-01T10:45:50
MCH-S-01,short,H,320.0,340.0,1900.0,90.0,100.07,2026-02-01T10:46:00
MCH-S-01,short,H,320.0,340.0,1900.0,90.0,100.358,2026-02-01T10:46:10
MCH-S-01,short,H,320.0,340.0,1900.0,90.0,100.53,2026-02-01T10:46:20
MCH-S-01,short,H,320.0,340.0,1900.0,90.0,100.701,2026-02-01T10:46:30
MCH-S-01,short,H,320.0,340.0,1900.0,90.0,100.879,2026-02-01T10:46:40
MCH-S-01,short,H,320.0,340.0,1900.0,90.0,101.045,2026-02-01T10:46:50
MCH-S-01,short,H,320.0,340.0,1900.0,90.0,101.227,2026-02-01T10:47:00
MCH-S-01,short,H,320.0,340.0,1900.0,90.0,101.398,2026-02-01T10:47:10
MCH-S-01,short,H,320.0,340.0,1900.0,90.0,101.573,2026-02-01T10:47:20
MCH-S-01,short,H,320.0,340.0,1900.0,90.0,101.773,2026-02-01T10:47:30
MCH-S-01,short,H,320.0,340.0,1900.0,90.0,101.926,2026-02-01T10:47:40
MCH-S-01,short,H,320.0,340.0,1900.0,90.0,102.013,2026-02-01T10:47:50
MCH-S-01,short,H,320.0,340.0,1900.0,90.0,102.276,2026-02-01T10:48:00
MCH-S-01,short,H,320.0,340.0,1900.0,90.0,102.475,2026-02-01T10:48:10
MCH-S-01,short,H,320.0,340.0,1900.0,90.0,102.629,2026-02-01T10:48:20
MCH-S-01,short,H,320.0,340.0,1900.0,90.0,102.852,2026-02-01T10:48:30
MCH-S-01,short,H,320.0,340.0,1900.0,90.0,103.022,2026-02-01T10:48:40
MCH-S-01,short,H,320.0,340.0,1900.0,90.0,103.253,2026-02-01T10:48:50
MCH-S-01,short,H,320.0,340.0,1900.0,90.0,103.422,2026-02-01T10:49:00
MCH-S-01,short,H,320.0,340.0,1900.0,90.0,103.618,2026-02-01T10:49:10
MCH-S-01,short,H,320.0,340.0,1900.0,90.0,103.765,2026-02-01T10:49:20
MCH-S-01,short,H,320.0,340.0,1900.0,90.0,103.893,2026-02-01T10:49:30
MCH-S-01,short,H,320.0,340.0,1900.0,90.0,104.034,2026-02-01T10:49:40
MCH-S-01,short,H,320.0,340.0,1900.0,90.0,104.157,2026-02-01T10:49:50
MCH-S-01,short,H,320.0,340.0,1900.0,90.0,104.303,2026-02-01T10:50:00
MCH-S-01,short,H,320.0,340.0,1900.0,90.0,104.392,2026-02-01T10:50:10
MCH-S-01,short,H,320.0,340.0,1900.0,90.0,104.55,2026-02-01T10:50:20
MCH-S-01,short,H,320.0,340.0,1900.0,90.0,104.754,2026-02-01T10:50:30
MCH-S-01,short,H,320.0,340.0,1900.0,90.0,104.897,2026-02-01T10:50:40
MCH-S-01,short,H,320.0,340.0,1900.0,90.0,105.016,2026-02-01T10:50:50
MCH-S-01,short,H,320.0,340.0,1900.0,90.0,105.14,2026-02-01T10:51:00
MCH-S-01,short,H,320.0,340.0,1900.0,90.0,105.222,2026-02-01T10:51:10
MCH-S-01,short,H,320.0,340.0,1900.0,90.0,105.344,2026-02-01T10:51:20
MCH-S-01,short,H,320.0,340.0,1900.0,90.0,105.545,2026-02-01T10:51:30
MCH-S-01,short,H,320.0,340.0,1900.0,90.0,105.658,2026-02-01T10:51:40
MCH-S-01,short,H,320.0,340.0,1900.0,90.0,105.821,2026-02-01T10:51:50
MCH-S-01,short,H,320.0,340.0,1900.0,90.0,105.911,2026-02-01T10:52:00
MCH-S-01,short,H,320.0,340.0,1900.0,90.0,106.032,2026-02-01T10:52:10
MCH-S-01,short,H,320.0,340.0,1900.0,90.0,106.163,2026-02-01T10:52:20
MCH-S-01,short,H,320.0,340.0,1900.0,90.0,106.414,2026-02-01T10:52:30
MCH-S-01,short,H,320.0,340.0,1900.0,90.0,106.635,2026-02-01T10:52:40
MCH-S-01,short,H,320.0,340.0,1900.0,90.0,106.753,2026-02-01T10:52:50
MCH-S-01,short,H,320.0,340.0,1900.0,90.0,106.868,2026-02-01T10:53:00
MCH-S-01,short,H,320.0,340.0,1900.0,90.0,107.028,2026-02-01T10:53:10
MCH-S-01,short,H,320.0,340.0,1900.0,90.0,107.22,2026-02-01T10:53:20
MCH-S-01,short,H,320.0,340.0,1900.0,90.0,107.346,2026-02-01T10:53:30
MCH-S-01,short,H,320.0,340.0,1900.0,90.0,107.514,2026-02-01T10:53:40
MCH-S-01,short,H,320.0,340.0,1900.0,90.0,107.715,2026-02-01T10:53:50
MCH-S-01,short,H,320.0,340.0,1900.0,90.0,107.898,2026-02-01T10:54:00
MCH-S-01,short,H,319.862,340.0,1900.0,90.0,108.055,2026-02-01T10:54:10
MCH-S-01,short,H,319.432,340.0,1900.0,90.0,108.214,2026-02-01T10:54:20
MCH-S-01,short,H,319.165,340.0,1900.0,90.0,108.417,2026-02-01T10:54:30
MCH-S-01,short,H,318.927,340.0,1900.0,90.0,108.588,2026-02-01T10:54:40
MCH-S-01,short,H,318.541,340.0,1900.0,90.0,108.803,2026-02-01T10:54:50
MCH-S-01,short,H,318.193,340.0,1900.0,90.0,108.952,2026-02-01T10:55:00
MCH-S-01,short,H,317.748,340.0,1900.0,90.0,109.113,2026-02-01T10:55:10
MCH-S-01,short,H,317.588,340.0,1900.0,90.0,109.246,2026-02-01T10:55:20
MCH-S-01,short,H,317.543,340.0,1900.0,90.0,109.497,2026-02-01T10:55:30
MCH-S-01,short,H,317.272,340.0,1900.0,90.0,109.717,2026-02-01T10:55:40
MCH-S-01,short,H,317.044,340.0,1900.0,90.0,109.92,2026-02-01T10:55:50
MCH-S-01,short,H,316.68,340.0,1900.0,90.0,110.112,2026-02-01T10:56:00
MCH-S-01,short,H,316.419,340.0,1900.0,90.0,110.295,2026-02-01T10:56:10
MCH-S-01,short,H,316.291,340.0,1900.0,90.0,110.441,2026-02-01T10:56:20
MCH-S-01,short,H,316.097,340.0,1900.0,90.0,110.601,2026-02-01T10:56:30
MCH-S-01,short,H,315.813,340.0,1900.0,90.0,110.821,2026-02-01T10:56:40
MCH-S-01,short,H,315.611,340.0,1900.0,90.0,110.914,2026-02-01T10:56:50
MCH-S-01,short,H,315.628,340.0,1900.0,90.0,111.069,2026-02-01T10:57:00
MCH-S-01,short,H,315.538,340.0,1900.0,90.0,111.183,2026-02-01T10:57:10
MCH-S-01,short,H,315.378,340.0,1900.0,90.0,111.387,2026-02-01T10:57:20
MCH-S-01,short,H,315.411,340.0,1900.0,90.0,111.547,2026-02-01T10:57:30
MCH-S-01,short,H,315.207,340.0,1900.0,90.0,111.706,2026-02-01T10:57:40
MCH-S-01,short,H,315.078,340.0,1900.0,90.0,111.797,2026-02-01T10:57:50
MCH-S-01,short,H,315.021,340.0,1900.0,90.0,112.022,2026-02-01T10:58:00
MCH-S-01,short,H,314.785,340.0,1900.0,90.0,112.163,2026-02-01T10:58:10
MCH-S-01,short,H,314.804,340.0,1900.0,90.0,112.294,2026-02-01T10:58:20
MCH-S-01,short,H,314.62,340.0,1900.0,90.0,112.502,2026-02-01T10:58:30
MCH-S-01,short,H,314.61,340.0,1900.0,90.0,112.673,2026-02-01T10:58:40
MCH-S-01,short,H,314.544,340.0,1900.0,90.0,112.912,2026-02-01T10:58:50
MCH-S-01,short,H,314.518,340.0,1900.0,90.0,113.066,2026-02-01T10:59:00
MCH-S-01,short,H,314.471,340.0,1900.0,90.0,113.308,2026-02-01T10:59:10
MCH-S-01,short,H,314.26,340.0,1900.0,90.0,113.539,2026-02-01T10:59:20
MCH-S-01,short,H,314.062,340.0,1900.0,90.0,113.733,2026-02-01T10:59:30
MCH-S-01,short,H,313.948,340.0,1900.0,90.0,113.913,2026-02-01T10:59:40
MCH-S-01,short,H,313.829,340.0,1900.0,90.0,114.091,2026-02-01T10:59:50
MCH-S-01,short,H,313.915,340.0,1900.0,90.0,114.267,2026-02-01T11:00:00
MCH-S-01,short,H,313.956,340.0,1900.0,90.0,114.525,2026-02-01T11:00:10
MCH-S-01,short,H,313.761,340.0,1900.0,90.0,114.728,2026-02-01T11:00:20
MCH-S-01,short,H,313.781,340.0,1900.0,90.0,114.855,2026-02-01T11:00:30
MCH-S-01,short,H,313.735,340.0,1900.0,90.0,114.945,2026-02-01T11:00:40
MCH-S-01,short,H,313.586,340.0,1900.0,90.0,115.066,2026-02-01T11:00:50
MCH-S-01,short,H,313.511,340.0,1900.0,90.0,115.232,2026-02-01T11:01:00
MCH-S-01,short,H,313.542,340.0,1900.0,90.0,115.381,2026-02-01T11:01:10
MCH-S-01,short,H,313.546,340.0,1900.0,90.0,115.528,2026-02-01T11:01:20
MCH-S-01,short,H,313.659,340.0,1900.0,90.0,115.803,2026-02-01T11:01:30
MCH-S-01,short,H,313.716,340.0,1900.0,90.0,116.026,2026-02-01T11:01:40
MCH-S-01,short,H,313.744,340.0,1900.0,90.0,116.245,2026-02-01T11:01:50
MCH-S-01,short,H,314.098,340.0,1900.0,90.0,116.366,2026-02-01T11:02:00
MCH-S-01,short,H,314.213,340.0,1900.0,90.0,116.535,2026-02-01T11:02:10
MCH-S-01,short,H,314.396,340.0,1900.0,90.0,116.704,2026-02-01T11:02:20
MCH-S-01,short,H,314.606,340.0,1900.0,90.0,116.891,2026-02-01T11:02:30
MCH-S-01,short,H,314.646,340.0,1900.0,90.0,117.011,2026-02-01T11:02:40
MCH-S-01,short,H,314.899,340.0,1900.0,90.0,117.21,2026-02-01T11:02:50
MCH-S-01,short,H,315.11,340.0,1900.0,90.0,117.388,2026-02-01T11:03:00
MCH-S-01,short,H,315.387,340.0,1900.0,90.0,117.483,2026-02-01T11:03:10
MCH-S-01,short,H,315.499,340.0,1900.0,90.0,117.601,2026-02-01T11:03:20
MCH-S-01,short,H,315.934,340.0,1900.0,90.0,117.738,2026-02-01T11:03:30
MCH-S-01,short,H,316.174,340.0,1900.0,90.0,117.884,2026-02-01T11:03:40
MCH-S-01,short,H,316.348,340.0,1890.93,90.0,118.005,2026-02-01T11:03:50
MCH-S-01,short,H,316.572,340.0,1874.381,90.0,118.19,2026-02-01T11:04:00
MCH-S-01,short,H,316.849,340.0,1854.249,90.0,118.4,2026-02-01T11:04:10
MCH-S-01,short,H,317.143,340.0,1825.21,90.0,118.522,2026-02-01T11:04:20
MCH-S-01,short,H,317.464,340.0,1797.047,90.0,118.666,2026-02-01T11:04:30
MCH-S-01,short,H,317.736,340.0,1783.764,90.0,118.812,2026-02-01T11:04:40
MCH-S-01,short,H,317.772,340.0,1765.787,90.0,118.947,2026-02-01T11:04:50
MCH-S-01,short,H,318.065,340.0,1751.883,90.0,119.135,2026-02-01T11:05:00
MCH-S-01,short,H,318.494,340.0,1729.886,90.0,119.251,2026-02-01T11:05:10
MCH-S-01,short,H,318.674,340.0,1697.175,90.0,119.43,2026-02-01T11:05:20
MCH-S-01,short,H,318.846,340.0,1687.002,90.0,119.631,2026-02-01T11:05:30
MCH-S-01,short,H,319.255,340.0,1666.252,90.0,119.791,2026-02-01T11:05:40
MCH-S-01,short,H,319.47,340.0,1657.572,90.0,119.945,2026-02-01T11:05:50
MCH-S-01,short,H,319.671,340.0,1651.729,90.0,120.091,2026-02-01T11:06:00
MCH-S-01,short,H,319.919,340.0,1636.499,90.0,120.263,2026-02-01T11:06:10
MCH-S-01,short,H,320.0,340.0,1615.013,90.0,120.452,2026-02-01T11:06:20
MCH-S-01,short,H,320.0,340.0,1607.273,90.0,120.57,2026-02-01T11:06:30
MCH-S-01,short,H,320.0,340.0,1596.917,90.0,120.757,2026-02-01T11:06:40
MCH-S-01,short,H,320.0,340.0,1569.765,90.0,120.945,2026-02-01T11:06:50
MCH-S-01,short,H,320.0,340.0,1558.449,90.0,121.084,2026-02-01T11:07:00
MCH-S-01,short,H,320.0,340.0,1540.426,90.0,121.214,2026-02-01T11:07:10
MCH-S-01,short,H,320.0,340.0,1545.449,90.0,121.393,2026-02-01T11:07:20
MCH-S-01,short,H,320.0,340.0,1536.526,90.0,121.568,2026-02-01T11:07:30
MCH-S-01,short,H,320.0,340.0,1535.727,90.0,121.714,2026-02-01T11:07:40
MCH-S-01,short,H,320.0,340.0,1524.772,90.0,121.863,2026-02-01T11:07:50
MCH-S-01,short,H,320.0,340.0,1510.237,90.0,122.088,2026-02-01T11:08:00
MCH-S-01,short,H,320.0,340.0,1509.338,90.0,122.239,2026-02-01T11:08:10
MCH-S-01,short,H,320.0,340.0,1495.899,90.0,122.369,2026-02-01T11:08:20
MCH-S-01,short,H,320.0,340.0,1504.29,90.0,122.535,2026-02-01T11:08:30
MCH-S-01,short,H,320.0,340.0,1511.157,90.0,122.689,2026-02-01T11:08:40
MCH-S-01,short,H,320.0,340.0,1513.961,90.0,122.884,2026-02-01T11:08:50
MCH-S-01,short,H,320.0,340.0,1497.585,90.0,123.092,2026-02-01T11:09:00
MCH-S-01,short,H,320.0,340.0,1486.079,90.0,123.266,2026-02-01T11:09:10
MCH-S-01,short,H,320.0,340.0,1489.883,90.0,123.411,2026-02-01T11:09:20
MCH-S-01,short,H,320.0,340.0,1485.725,90.0,123.565,2026-02-01T11:09:30
MCH-S-01,short,H,320.0,340.0,1485.466,90.0,123.743,2026-02-01T11:09:40
MCH-S-01,short,H,320.0,340.0,1479.028,90.0,123.855,2026-02-01T11:09:50
MCH-S-01,short,H,320.0,340.0,1480.753,90.0,123.998,2026-02-01T11:10:00
MCH-S-01,short,H,320.0,340.0,1479.183,90.0,124.169,2026-02-01T11:10:10
MCH-S-01,short,H,320.0,340.0,1469.013,90.0,124.323,2026-02-01T11:10:20
MCH-S-01,short,H,320.0,340.0,1480.864,90.0,124.477,2026-02-01T11:10:30
MCH-S-01,short,H,320.0,340.0,1491.373,90.0,124.629,2026-02-01T11:10:40
MCH-S-01,short,H,320.0,340.0,1491.763,90.0,124.82,2026-02-01T11:10:50
MCH-S-01,short,H,320.0,340.0,1493.849,90.0,124.967,2026-02-01T11:11:00
MCH-S-01,short,H,320.0,340.0,1490.617,90.0,125.154,2026-02-01T11:11:10
MCH-S-01,short,H,320.0,340.0,1488.333,90.0,125.286,2026-02-01T11:11:20
MCH-S-01,short,H,320.0,340.0,1488.782,90.0,125.483,2026-02-01T11:11:30
MCH-S-01,short,H,320.0,340.0,1487.44,90.0,125.574,2026-02-01T11:11:40
MCH-S-01,short,H,320.0,340.0,1568.85,90.0,125.708,2026-02-01T11:11:50
MCH-S-01,short,H,320.0,340.0,1563.791,90.0,125.842,2026-02-01T11:12:00
MCH-S-01,short,H,320.0,340.0,1556.019,90.0,125.946,2026-02-01T11:12:10
MCH-S-01,short,H,320.0,340.0,1572.431,90.0,126.076,2026-02-01T11:12:20
MCH-S-01,short,H,320.0,340.0,1571.929,90.0,126.273,2026-02-01T11:12:30
MCH-S-01,short,H,320.0,340.0,1569.022,90.0,126.408,2026-02-01T11:12:40
MCH-S-01,short,H,320.0,340.0,1572.687,90.0,126.486,2026-02-01T11:12:50
MCH-S-01,short,H,320.0,340.0,1575.369,90.0,126.627,2026-02-01T11:13:00
MCH-S-01,short,H,320.0,340.0,1569.976,90.0,126.854,2026-02-01T11:13:10
MCH-S-01,short,H,320.0,340.0,1581.375,90.0,126.991,2026-02-01T11:13:20
MCH-S-01,short,H,320.0,340.0,1588.776,90.0,127.126,2026-02-01T11:13:30
MCH-S-01,short,H,320.0,340.0,1594.144,90.0,127.318,2026-02-01T11:13:40
MCH-S-01,short,H,320.0,340.0,1599.254,90.0,127.478,2026-02-01T11:13:50
MCH-S-01,short,H,320.0,340.0,1611.612,90.0,127.649,2026-02-01T11:14:00
MCH-S-01,short,H,320.0,340.0,1613.139,90.0,127.795,2026-02-01T11:14:10
MCH-S-01,short,H,320.0,340.0,1613.915,90.0,127.895,2026-02-01T11:14:20
MCH-S-01,short,H,320.0,340.0,1630.834,90.0,128.112,2026-02-01T11:14:30
MCH-S-01,short,H,320.0,340.0,1664.989,90.0,128.26,2026-02-01T11:14:40
MCH-S-01,short,H,320.0,340.0,1680.157,90.0,128.394,2026-02-01T11:14:50
MCH-S-01,short,H,320.0,340.0,1700.056,90.0,128.576,2026-02-01T11:15:00
MCH-S-01,short,H,320.0,340.0,1706.763,90.0,128.746,2026-02-01T11:15:10
MCH-S-01,short,H,320.0,340.0,1707.707,90.0,128.858,2026-02-01T11:15:20
MCH-S-01,short,H,320.0,340.0,1709.875,90.0,128.99,2026-02-01T11:15:30
MCH-S-01,short,H,320.0,340.0,1716.779,90.0,129.132,2026-02-01T11:15:40
MCH-S-01,short,H,320.0,340.0,1710.639,90.0,129.241,2026-02-01T11:15:50
MCH-S-01,short,H,320.0,340.0,1725.288,90.0,129.418,2026-02-01T11:16:00
MCH-S-01,short,H,320.0,340.0,1735.805,90.0,129.655,2026-02-01T11:16:10
MCH-S-01,short,H,320.0,340.0,1745.91,90.0,129.867,2026-02-01T11:16:20
MCH-S-01,short,H,320.0,340.0,1753.01,90.0,130.14,2026-02-01T11:16:30
MCH-S-01,short,H,320.0,340.0,1766.707,90.0,130.303,2026-02-01T11:16:40
MCH-S-01,short,H,320.0,340.0,1768.884,90.0,130.466,2026-02-01T11:16:50
MCH-S-01,short,H,320.0,340.0,1780.901,90.0,130.648,2026-02-01T11:17:00
MCH-S-01,short,H,320.0,340.0,1785.368,90.0,130.794,2026-02-01T11:17:10
MCH-S-01,short,H,320.0,340.0,1792.692,90.0,131.031,2026-02-01T11:17:20
MCH-S-01,short,H,320.0,340.0,1802.199,90.0,131.224,2026-02-01T11:17:30
MCH-S-01,short,H,320.0,340.0,1802.419,90.0,131.37,2026-02-01T11:17:40
MCH-S-01,short,H,320.0,340.0,1828.687,90.0,131.497,2026-02-01T11:17:50
MCH-S-01,short,H,320.0,340.0,1847.753,90.0,131.628,2026-02-01T11:18:00
MCH-S-01,short,H,320.0,340.0,1866.043,90.0,131.825,2026-02-01T11:18:10
MCH-S-01,short,H,320.0,340.0,1888.316,90.0,131.969,2026-02-01T11:18:20
MCH-S-01,short,H,320.0,340.0,1900.0,90.0,132.153,2026-02-01T11:18:30
MCH-S-01,short,H,320.0,340.0,1900.0,90.0,132.354,2026-02-01T11:18:40
MCH-S-01,short,H,320.0,340.0,1900.0,90.0,132.421,2026-02-01T11:18:50
MCH-S-01,short,H,320.0,340.0,1900.0,90.0,132.549,2026-02-01T11:19:00
MCH-S-01,short,H,320.0,340.0,1900.0,90.0,132.754,2026-02-01T11:19:10
MCH-S-01,short,H,320.0,340.0,1900.0,90.0,132.897,2026-02-01T11:19:20
MCH-S-01,short,H,320.0,340.0,1900.0,90.0,132.987,2026-02-01T11:19:30
MCH-S-01,short,H,320.0,340.0,1900.0,90.0,133.2,2026-02-01T11:19:40
MCH-S-01,short,H,320.0,340.0,1900.0,90.0,133.388,2026-02-01T11:19:50
MCH-S-01,short,H,320.0,340.0,1900.0,90.0,133.536,2026-02-01T11:20:00
MCH-S-01,short,H,320.0,340.0,1900.0,90.0,133.711,2026-02-01T11:20:10
MCH-S-01,short,H,320.0,340.0,1900.0,90.0,133.845,2026-02-01T11:20:20
MCH-S-01,short,H,320.0,340.0,1900.0,90.0,133.977,2026-02-01T11:20:30
MCH-S-01,short,H,320.0,340.0,1900.0,90.0,134.17,2026-02-01T11:20:40
MCH-S-01,short,H,320.0,340.0,1900.0,90.0,134.306,2026-02-01T11:20:50
MCH-S-01,short,H,320.0,340.0,1900.0,90.0,134.448,2026-02-01T11:21:00
MCH-S-01,short,H,320.0,340.0,1900.0,90.0,134.634,2026-02-01T11:21:10
MCH-S-01,short,H,320.0,340.0,1900.0,90.0,134.73,2026-02-01T11:21:20
MCH-S-01,short,H,320.0,340.0,1900.0,90.0,134.816,2026-02-01T11:21:30
MCH-S-01,short,H,320.0,340.0,1900.0,90.0,134.957,2026-02-01T11:21:40
MCH-S-01,short,H,320.0,340.0,1900.0,90.0,135.118,2026-02-01T11:21:50
MCH-S-01,short,H,320.0,340.0,1900.0,90.0,135.253,2026-02-01T11:22:00
MCH-S-01,short,H,320.0,340.0,1900.0,90.0,135.341,2026-02-01T11:22:10
MCH-S-01,short,H,320.0,340.0,1900.0,90.0,135.445,2026-02-01T11:22:20
MCH-S-01,short,H,320.0,340.0,1900.0,90.0,135.659,2026-02-01T11:22:30
MCH-S-01,short,H,320.0,340.0,1900.0,90.0,135.815,2026-02-01T11:22:40
MCH-S-01,short,H,320.0,340.0,1900.0,90.0,135.994,2026-02-01T11:22:50
MCH-S-01,short,H,320.0,340.0,1900.0,90.0,136.171,2026-02-01T11:23:00
MCH-S-01,short,H,320.0,340.0,1900.0,90.0,136.347,2026-02-01T11:23:10
MCH-S-01,short,H,320.0,340.0,1900.0,90.0,136.437,2026-02-01T11:23:20
MCH-S-01,short,H,320.0,340.0,1900.0,90.0,136.521,2026-02-01T11:23:30
MCH-S-01,short,H,320.0,340.0,1900.0,90.0,136.633,2026-02-01T11:23:40
MCH-S-01,short,H,320.0,340.0,1900.0,90.0,136.758,2026-02-01T11:23:50
MCH-S-01,short,H,320.0,340.0,1900.0,90.0,136.874,2026-02-01T11:24:00
MCH-S-01,short,H,320.0,340.0,1900.0,90.0,136.926,2026-02-01T11:24:10
MCH-S-01,short,H,320.0,340.0,1900.0,90.0,137.062,2026-02-01T11:24:20
MCH-S-01,short,H,320.0,340.0,1900.0,90.0,137.175,2026-02-01T11:24:30
MCH-S-01,short,H,320.0,340.0,1900.0,90.0,137.302,2026-02-01T11:24:40
MCH-S-01,short,H,320.0,340.0,1900.0,90.0,137.529,2026-02-01T11:24:50
MCH-S-01,short,H,320.0,340.0,1900.0,90.0,137.64,2026-02-01T11:25:00
MCH-S-01,short,H,320.0,340.0,1900.0,90.0,137.85,2026-02-01T11:25:10
MCH-S-01,short,H,320.0,340.0,1900.0,90.0,137.996,2026-02-01T11:25:20
MCH-S-01,short,H,320.0,340.0,1900.0,90.0,138.188,2026-02-01T11:25:30
MCH-S-01,short,H,320.0,340.0,1900.0,90.0,138.376,2026-02-01T11:25:40
MCH-S-01,short,H,319.949,340.0,1900.0,90.0,138.517,2026-02-01T11:25:50
MCH-S-01,short,H,319.624,340.0,1900.0,90.0,138.652,2026-02-01T11:26:00
MCH-S-01,short,H,319.518,340.0,1900.0,90.0,138.811,2026-02-01T11:26:10
MCH-S-01,short,H,319.449,340.0,1900.0,90.0,138.95,2026-02-01T11:26:20
MCH-S-01,short,H,319.193,340.0,1900.0,90.0,139.135,2026-02-01T11:26:30
MCH-S-01,short,H,319.185,340.0,1900.0,90.0,139.268,2026-02-01T11:26:40
MCH-S-01,short,H,319.11,340.0,1900.0,90.0,139.41,2026-02-01T11:26:50
MCH-S-01,short,H,318.962,340.0,1900.0,90.0,139.56,2026-02-01T11:27:00
MCH-S-01,short,H,318.845,340.0,1900.0,90.0,139.765,2026-02-01T11:27:10
MCH-S-01,short,H,318.598,340.0,1900.0,90.0,139.935,2026-02-01T11:27:20
MCH-S-01,short,H,318.537,340.0,1900.0,90.0,140.094,2026-02-01T11:27:30
MCH-S-01,short,H,318.512,340.0,1900.0,90.0,140.227,2026-02-01T11:27:40
MCH-S-01,short,H,318.348,340.0,1900.0,90.0,140.42,2026-02-01T11:27:50
MCH-S-01,short,H,318.334,340.0,1900.0,90.0,140.615,2026-02-01T11:28:00
MCH-S-01,short,H,318.137,340.0,1900.0,90.0,140.776,2026-02-01T11:28:10
MCH-S-01,short,H,318.131,340.0,1900.0,90.0,140.927,2026-02-01T11:28:20
MCH-S-01,short,H,318.24,340.0,1900.0,90.0,141.082,2026-02-01T11:28:30
MCH-S-01,short,H,318.208,340.0,1900.0,90.0,141.21,2026-02-01T11:28:40
MCH-S-01,short,H,318.446,340.0,1900.0,90.0,141.367,2026-02-01T11:28:50
MCH-S-01,short,H,318.301,340.0,1900.0,90.0,141.518,2026-02-01T11:29:00
MCH-S-01,short,H,318.308,340.0,1900.0,90.0,141.703,2026-02-01T11:29:10
MCH-S-01,short,H,318.464,340.0,1900.0,90.0,141.807,2026-02-01T11:29:20
MCH-S-01,short,H,318.497,340.0,1900.0,90.0,142.051,2026-02-01T11:29:30
MCH-S-01,short,H,318.494,340.0,1900.0,90.0,142.219,2026-02-01T11:29:40
MCH-S-01,short,H,318.577,340.0,1900.0,90.0,142.369,2026-02-01T11:29:50
MCH-S-01,short,H,318.75,340.0,1900.0,90.0,142.456,2026-02-01T11:30:00
MCH-S-01,short,H,318.908,340.0,1900.0,90.0,142.65,2026-02-01T11:30:10
MCH-S-01,short,H,319.092,340.0,1900.0,90.0,142.814,2026-02-01T11:30:20
MCH-S-01,short,H,319.263,340.0,1900.0,90.0,142.958,2026-02-01T11:30:30
MCH-S-01,short,H,319.276,340.0,1900.0,90.0,143.089,2026-02-01T11:30:40
MCH-S-01,short,H,319.34,340.0,1900.0,90.0,143.233,2026-02-01T11:30:50
MCH-S-01,short,H,319.416,340.0,1900.0,90.0,143.334,2026-02-01T11:31:00
MCH-S-01,short,H,319.496,340.0,1900.0,90.0,143.518,2026-02-01T11:31:10
MCH-S-01,short,H,319.528,340.0,1900.0,90.0,143.599,2026-02-01T11:31:20
MCH-S-01,short,H,319.63,340.0,1900.0,90.0,143.747,2026-02-01T11:31:30
MCH-S-01,short,H,319.769,340.0,1900.0,90.0,143.93,2026-02-01T11:31:40
MCH-S-01,short,H,319.867,340.0,1900.0,90.0,144.135,2026-02-01T11:31:50
MCH-S-01,short,H,320.0,340.0,1900.0,90.0,144.281,2026-02-01T11:32:00
MCH-S-01,short,H,320.0,340.0,1900.0,90.0,144.482,2026-02-01T11:32:10
MCH-S-01,short,H,320.0,340.0,1900.0,90.0,144.681,2026-02-01T11:32:20
MCH-S-01,short,H,320.0,340.0,1900.0,90.0,144.843,2026-02-01T11:32:30
MCH-S-01,short,H,320.0,340.0,1900.0,90.0,145.011,2026-02-01T11:32:40
MCH-S-01,short,H,320.0,340.0,1900.0,90.0,145.17,2026-02-01T11:32:50
MCH-S-01,short,H,320.0,340.0,1900.0,90.0,145.337,2026-02-01T11:33:00
MCH-S-01,short,H,320.0,340.0,1900.0,90.0,145.539,2026-02-01T11:33:10
MCH-S-01,short,H,320.0,340.0,1900.0,90.0,145.829,2026-02-01T11:33:20
MCH-S-01,short,H,320.0,340.0,1900.0,90.0,146.012,2026-02-01T11:33:30
MCH-S-01,short,H,320.0,340.0,1900.0,90.0,146.252,2026-02-01T11:33:40
MCH-S-01,short,H,320.0,340.0,1900.0,90.0,146.445,2026-02-01T11:33:50
MCH-S-01,short,H,320.0,340.0,1900.0,90.0,146.577,2026-02-01T11:34:00
MCH-S-01,short,H,320.0,340.0,1900.0,90.0,146.73,2026-02-01T11:34:10
MCH-S-01,short,H,320.0,340.0,1900.0,90.0,146.932,2026-02-01T11:34:20
MCH-S-01,short,H,320.0,340.0,1900.0,90.0,147.111,2026-02-01T11:34:30
MCH-S-01,short,H,320.0,340.0,1900.0,90.0,147.241,2026-02-01T11:34:40
MCH-S-01,short,H,320.0,340.0,1900.0,90.0,147.463,2026-02-01T11:34:50
MCH-S-01,short,H,320.0,340.0,1900.0,90.0,147.649,2026-02-01T11:35:00
MCH-S-01,short,H,320.0,340.0,1900.0,90.0,147.769,2026-02-01T11:35:10
MCH-S-01,short,H,320.0,340.0,1900.0,90.0,147.981,2026-02-01T11:35:20
MCH-S-01,short,H,320.0,340.0,1900.0,90.0,148.158,2026-02-01T11:35:30
MCH-S-01,short,H,320.0,340.0,1900.0,90.0,148.396,2026-02-01T11:35:40
MCH-S-01,short,H,320.0,340.0,1900.0,90.0,148.541,2026-02-01T11:35:50
MCH-S-01,short,H,320.0,340.0,1900.0,90.0,148.715,2026-02-01T11:36:00
MCH-S-01,short,H,320.0,340.0,1900.0,90.0,148.874,2026-02-01T11:36:10
MCH-S-01,short,H,320.0,340.0,1900.0,90.0,149.082,2026-02-01T11:36:20
MCH-S-01,short,H,320.0,340.0,1900.0,90.0,149.324,2026-02-01T11:36:30
MCH-S-01,short,H,320.0,340.0,1900.0,90.0,149.437,2026-02-01T11:36:40
MCH-S-01,short,H,320.0,340.0,1900.0,90.0,149.624,2026-02-01T11:36:50
MCH-S-01,short,H,320.0,340.0,1900.0,90.0,149.837,2026-02-01T11:37:00
MCH-S-01,short,H,320.0,340.0,1900.0,90.0,150.01,2026-02-01T11:37:10
MCH-S-01,short,H,320.0,340.0,1900.0,90.0,150.114,2026-02-01T11:37:20
MCH-S-01,short,H,320.0,340.0,1900.0,90.0,150.282,2026-02-01T11:37:30
MCH-S-01,short,H,320.0,340.0,1900.0,90.0,150.379,2026-02-01T11:37:40
MCH-S-01,short,H,320.0,340.0,1900.0,90.0,150.534,2026-02-01T11:37:50
MCH-S-01,short,H,320.0,340.0,1900.0,90.0,150.705,2026-02-01T11:38:00
MCH-S-01,short,H,320.0,340.0,1900.0,90.0,150.899,2026-02-01T11:38:10
MCH-S-01,short,H,320.0,340.0,1900.0,90.0,151.017,2026-02-01T11:38:20
MCH-S-01,short,H,320.0,340.0,1900.0,90.0,151.119,2026-02-01T11:38:30
MCH-S-01,short,H,320.0,340.0,1900.0,90.0,151.226,2026-02-01T11:38:40
MCH-S-01,short,H,320.0,340.0,1900.0,90.0,151.361,2026-02-01T11:38:50
MCH-S-01,short,H,320.0,340.0,1900.0,90.0,151.544,2026-02-01T11:39:00
MCH-S-01,short,H,320.0,340.0,1900.0,90.0,151.658,2026-02-01T11:39:10
MCH-S-01,short,H,320.0,340.0,1900.0,90.0,151.821,2026-02-01T11:39:20
MCH-S-01,short,H,320.0,340.0,1900.0,90.0,151.969,2026-02-01T11:39:30
MCH-S-01,short,H,320.0,340.0,1900.0,90.0,152.194,2026-02-01T11:39:40
MCH-S-01,short,H,320.0,340.0,1900.0,90.0,152.374,2026-02-01T11:39:50
MCH-S-01,short,H,320.0,340.0,1900.0,90.0,152.492,2026-02-01T11:40:00
MCH-S-01,short,H,320.0,340.0,1900.0,90.0,152.636,2026-02-01T11:40:10
MCH-S-01,short,H,320.0,340.0,1900.0,90.0,152.782,2026-02-01T11:40:20
MCH-S-01,short,H,320.0,340.0,1900.0,90.0,152.963,2026-02-01T11:40:30
MCH-S-01,short,H,320.0,340.0,1900.0,90.0,153.118,2026-02-01T11:40:40
MCH-S-01,short,H,320.0,340.0,1900.0,90.0,153.28,2026-02-01T11:40:50
MCH-S-01,short,H,320.0,340.0,1900.0,90.0,153.456,2026-02-01T11:41:00
MCH-S-01,short,H,320.0,340.0,1900.0,90.0,153.637,2026-02-01T11:41:10
MCH-S-01,short,H,320.0,340.0,1900.0,90.0,153.825,2026-02-01T11:41:20
MCH-S-01,short,H,320.0,340.0,1900.0,90.0,154.037,2026-02-01T11:41:30
MCH-S-01,short,H,320.0,340.0,1900.0,90.0,154.259,2026-02-01T11:41:40
MCH-S-01,short,H,320.0,340.0,1900.0,90.0,154.432,2026-02-01T11:41:50
MCH-S-01,short,H,320.0,340.0,1900.0,90.0,154.592,2026-02-01T11:42:00
MCH-S-01,short,H,320.0,340.0,1900.0,90.0,154.783,2026-02-01T11:42:10
MCH-S-01,short,H,320.0,340.0,1900.0,90.0,154.917,2026-02-01T11:42:20
MCH-S-01,short,H,320.0,340.0,1900.0,90.0,155.037,2026-02-01T11:42:30
MCH-S-01,short,H,320.0,340.0,1900.0,90.0,155.133,2026-02-01T11:42:40
MCH-S-01,short,H,320.0,340.0,1900.0,90.0,155.304,2026-02-01T11:42:50
MCH-S-01,short,H,320.0,340.0,1900.0,90.0,155.55,2026-02-01T11:43:00
MCH-S-01,short,H,320.0,340.0,1900.0,90.0,155.732,2026-02-01T11:43:10
MCH-S-01,short,H,320.0,340.0,1900.0,90.0,155.816,2026-02-01T11:43:20
MCH-S-01,short,H,320.0,340.0,1900.0,90.0,156.031,2026-02-01T11:43:30
MCH-S-01,short,H,320.0,340.0,1900.0,90.0,156.181,2026-02-01T11:43:40
MCH-S-01,short,H,320.0,340.0,1900.0,90.0,156.303,2026-02-01T11:43:50
MCH-S-01,short,H,320.0,340.0,1900.0,90.0,156.55,2026-02-01T11:44:00
MCH-S-01,short,H,320.0,340.0,1900.0,90.0,156.758,2026-02-01T11:44:10
MCH-S-01,short,H,320.0,340.0,1900.0,90.0,156.856,2026-02-01T11:44:20
MCH-S-01,short,H,320.0,340.0,1900.0,90.0,157.105,2026-02-01T11:44:30
MCH-S-01,short,H,320.0,340.0,1900.0,90.0,157.241,2026-02-01T11:44:40
MCH-S-01,short,H,320.0,340.0,1900.0,90.0,157.411,2026-02-01T11:44:50
MCH-S-01,short,H,320.0,340.0,1900.0,90.0,157.533,2026-02-01T11:45:00
MCH-S-01,short,H,320.0,340.0,1900.0,90.0,157.74,2026-02-01T11:45:10
MCH-S-01,short,H,320.0,340.0,1900.0,90.0,157.927,2026-02-01T11:45:20
MCH-S-01,short,H,320.0,340.0,1900.0,90.0,158.152,2026-02-01T11:45:30
MCH-S-01,short,H,320.0,340.0,1900.0,90.0,158.352,2026-02-01T11:45:40
MCH-S-01,short,H,320.0,340.0,1900.0,90.0,158.458,2026-02-01T11:45:50
MCH-S-01,short,H,320.0,340.0,1900.0,90.0,158.597,2026-02-01T11:46:00
MCH-S-01,short,H,320.0,340.0,1900.0,90.0,158.687,2026-02-01T11:46:10
MCH-S-01,short,H,320.0,340.0,1900.0,90.0,158.891,2026-02-01T11:46:20
MCH-S-01,short,H,320.0,340.0,1900.0,90.0,159.052,2026-02-01T11:46:30
MCH-S-01,short,H,320.0,340.0,1900.0,90.0,159.232,2026-02-01T11:46:40
MCH-S-01,short,H,320.0,340.0,1900.0,90.0,159.392,2026-02-01T11:46:50
MCH-S-01,short,H,320.0,340.0,1900.0,90.0,159.562,2026-02-01T11:47:00
MCH-S-01,short,H,320.0,340.0,1900.0,90.0,159.74,2026-02-01T11:47:10
MCH-S-01,short,H,320.0,340.0,1900.0,90.0,159.938,2026-02-01T11:47:20
MCH-S-01,short,H,320.0,340.0,1900.0,90.0,160.101,2026-02-01T11:47:30
MCH-S-01,short,H,320.0,340.0,1900.0,90.0,160.293,2026-02-01T11:47:40
MCH-S-01,short,H,320.0,340.0,1900.0,90.0,160.451,2026-02-01T11:47:50
MCH-S-01,short,H,320.0,340.0,1900.0,90.0,160.538,2026-02-01T11:48:00
MCH-S-01,short,H,320.0,340.0,1900.0,90.0,160.703,2026-02-01T11:48:10
MCH-S-01,short,H,320.0,340.0,1900.0,90.0,160.858,2026-02-01T11:48:20
MCH-S-01,short,H,320.0,340.0,1900.0,90.0,161.048,2026-02-01T11:48:30
MCH-S-01,short,H,320.0,340.0,1900.0,90.0,161.206,2026-02-01T11:48:40
MCH-S-01,short,H,320.0,340.0,1900.0,90.0,161.375,2026-02-01T11:48:50
MCH-S-01,short,H,320.0,340.0,1900.0,90.0,161.515,2026-02-01T11:49:00
MCH-S-01,short,H,320.0,340.0,1900.0,90.0,161.67,2026-02-01T11:49:10
MCH-S-01,short,H,320.0,340.0,1900.0,90.0,161.759,2026-02-01T11:49:20
MCH-S-01,short,H,320.0,340.0,1900.0,90.0,161.917,2026-02-01T11:49:30
MCH-S-01,short,H,320.0,340.0,1900.0,90.0,162.104,2026-02-01T11:49:40
MCH-S-01,short,H,320.0,340.0,1900.0,90.0,162.168,2026-02-01T11:49:50
MCH-S-01,short,H,320.0,340.0,1900.0,90.0,162.346,2026-02-01T11:50:00
MCH-S-01,short,H,320.0,340.0,1900.0,90.0,162.497,2026-02-01T11:50:10
MCH-S-01,short,H,320.0,340.0,1900.0,90.0,162.66,2026-02-01T11:50:20
MCH-S-01,short,H,320.0,340.0,1900.0,90.0,162.824,2026-02-01T11:50:30
MCH-S-01,short,H,320.0,340.0,1900.0,90.0,162.954,2026-02-01T11:50:40
MCH-S-01,short,H,320.0,340.0,1900.0,90.0,163.155,2026-02-01T11:50:50
MCH-S-01,short,H,320.0,340.0,1900.0,90.0,163.269,2026-02-01T11:51:00
MCH-S-01,short,H,320.0,340.0,1900.0,90.0,163.418,2026-02-01T11:51:10
MCH-S-01,short,H,320.0,340.0,1900.0,90.0,163.591,2026-02-01T11:51:20
MCH-S-01,short,H,320.0,340.0,1900.0,90.0,163.755,2026-02-01T11:51:30
MCH-S-01,short,H,320.0,340.0,1900.0,90.0,163.914,2026-02-01T11:51:40
MCH-S-01,short,H,320.0,340.0,1900.0,90.0,164.138,2026-02-01T11:51:50
MCH-S-01,short,H,320.0,340.0,1900.0,90.0,164.294,2026-02-01T11:52:00
MCH-S-01,short,H,320.0,340.0,1900.0,90.0,164.413,2026-02-01T11:52:10
MCH-S-01,short,H,320.0,340.0,1900.0,90.0,164.59,2026-02-01T11:52:20
MCH-S-01,short,H,320.0,340.0,1900.0,90.0,164.802,2026-02-01T11:52:30
MCH-S-01,short,H,320.0,340.0,1900.0,90.0,164.948,2026-02-01T11:52:40
MCH-S-01,short,H,320.0,340.0,1900.0,90.0,165.085,2026-02-01T11:52:50
MCH-S-01,short,H,320.0,340.0,1900.0,90.0,165.232,2026-02-01T11:53:00
MCH-S-01,short,H,320.0,340.0,1900.0,90.0,165.396,2026-02-01T11:53:10
MCH-S-01,short,H,320.0,340.0,1900.0,90.0,165.574,2026-02-01T11:53:20
MCH-S-01,short,H,320.0,340.0,1900.0,90.0,165.735,2026-02-01T11:53:30
MCH-S-01,short,H,320.0,340.0,1900.0,90.0,165.964,2026-02-01T11:53:40
MCH-S-01,short,H,320.0,340.0,1900.0,90.0,166.187,2026-02-01T11:53:50
MCH-S-01,short,H,320.0,340.0,1900.0,90.0,166.373,2026-02-01T11:54:00
MCH-S-01,short,H,320.0,340.0,1900.0,90.0,166.539,2026-02-01T11:54:10
MCH-S-01,short,H,320.0,340.0,1900.0,90.0,166.653,2026-02-01T11:54:20
MCH-S-01,short,H,320.0,340.0,1900.0,90.0,166.769,2026-02-01T11:54:30
MCH-S-01,short,H,320.0,340.0,1900.0,90.0,166.959,2026-02-01T11:54:40
MCH-S-01,short,H,320.0,340.0,1900.0,90.0,167.105,2026-02-01T11:54:50
MCH-S-01,short,H,320.0,340.0,1900.0,90.0,167.303,2026-02-01T11:55:00
MCH-S-01,short,H,320.0,340.0,1900.0,90.0,167.471,2026-02-01T11:55:10
MCH-S-01,short,H,320.0,340.0,1900.0,90.0,167.633,2026-02-01T11:55:20
MCH-S-01,short,H,320.0,340.0,1900.0,90.0,167.799,2026-02-01T11:55:30
MCH-S-01,short,H,320.0,340.0,1900.0,90.0,167.974,2026-02-01T11:55:40
MCH-S-01,short,H,320.0,340.0,1900.0,90.0,168.155,2026-02-01T11:55:50
MCH-S-01,short,H,320.0,340.0,1900.0,90.0,168.372,2026-02-01T11:56:00
MCH-S-01,short,H,320.0,340.0,1900.0,90.0,168.569,2026-02-01T11:56:10
MCH-S-01,short,H,320.0,340.0,1900.0,90.0,168.709,2026-02-01T11:56:20
MCH-S-01,short,H,320.0,340.0,1900.0,90.0,168.879,2026-02-01T11:56:30
MCH-S-01,short,H,320.0,340.0,1900.0,90.0,168.989,2026-02-01T11:56:40
MCH-S-01,short,H,320.0,340.0,1900.0,90.0,169.143,2026-02-01T11:56:50
MCH-S-01,short,H,320.0,340.0,1900.0,90.0,169.306,2026-02-01T11:57:00
MCH-S-01,short,H,320.0,340.0,1900.0,90.0,169.39,2026-02-01T11:57:10
MCH-S-01,short,H,320.0,340.0,1900.0,90.0,169.557,2026-02-01T11:57:20
MCH-S-01,short,H,320.0,340.0,1900.0,90.0,169.65,2026-02-01T11:57:30
MCH-S-01,short,H,320.0,340.0,1900.0,90.0,169.859,2026-02-01T11:57:40
MCH-S-01,short,H,320.0,340.0,1900.0,90.0,169.998,2026-02-01T11:57:50
MCH-S-01,short,H,320.0,340.0,1900.0,90.0,170.26,2026-02-01T11:58:00
MCH-S-01,short,H,320.0,340.0,1900.0,90.0,170.473,2026-02-01T11:58:10
MCH-S-01,short,H,320.0,340.0,1900.0,90.0,170.662,2026-02-01T11:58:20
MCH-S-01,short,H,320.0,340.0,1900.0,90.0,170.759,2026-02-01T11:58:30
MCH-S-01,short,H,320.0,340.0,1900.0,90.0,170.923,2026-02-01T11:58:40
MCH-S-01,short,H,320.0,340.0,1900.0,90.0,171.087,2026-02-01T11:58:50
MCH-S-01,short,H,320.0,340.0,1900.0,90.0,171.29,2026-02-01T11:59:00
MCH-S-01,short,H,320.0,340.0,1900.0,90.0,171.449,2026-02-01T11:59:10
MCH-S-01,short,H,320.0,340.0,1900.0,90.0,171.536,2026-02-01T11:59:20
MCH-S-01,short,H,320.0,340.0,1900.0,90.0,171.678,2026-02-01T11:59:30
MCH-S-01,short,H,320.0,340.0,1900.0,90.0,171.861,2026-02-01T11:59:40
MCH-S-01,short,H,320.0,340.0,1900.0,90.0,172.064,2026-02-01T11:59:50
MCH-S-01,short,H,320.0,340.0,1900.0,90.0,172.19,2026-02-01T12:00:00
MCH-S-01,short,H,320.0,340.0,1900.0,90.0,172.361,2026-02-01T12:00:10
MCH-S-01,short,H,320.0,340.0,1900.0,90.0,172.517,2026-02-01T12:00:20
MCH-S-01,short,H,320.0,340.0,1900.0,90.0,172.745,2026-02-01T12:00:30
MCH-S-01,short,H,320.0,340.0,1900.0,90.0,172.858,2026-02-01T12:00:40
MCH-S-01,short,H,320.0,340.0,1900.0,90.0,172.906,2026-02-01T12:00:50
MCH-S-01,short,H,320.0,340.0,1900.0,90.0,173.094,2026-02-01T12:01:00
MCH-S-01,short,H,320.0,340.0,1894.052,90.0,173.256,2026-02-01T12:01:10
MCH-S-01,short,H,320.0,340.0,1885.967,90.0,173.385,2026-02-01T12:01:20
MCH-S-01,short,H,320.0,340.0,1852.58,90.0,173.546,2026-02-01T12:01:30
MCH-S-01,short,H,320.0,340.0,1845.237,90.0,173.722,2026-02-01T12:01:40
MCH-S-01,short,H,320.0,340.0,1825.823,90.0,173.948,2026-02-01T12:01:50
MCH-S-01,short,H,320.0,340.0,1809.379,90.0,174.093,2026-02-01T12:02:00
MCH-S-01,short,H,320.0,340.0,1796.347,90.0,174.247,2026-02-01T12:02:10
MCH-S-01,short,H,320.0,340.0,1782.97,90.0,174.413,2026-02-01T12:02:20
MCH-S-01,short,H,320.0,340.0,1776.93,90.0,174.6,2026-02-01T12:02:30
MCH-S-01,short,H,320.0,340.0,1767.997,90.0,174.75,2026-02-01T12:02:40
MCH-S-01,short,H,320.0,340.0,1755.088,90.0,174.888,2026-02-01T12:02:50
MCH-S-01,short,H,320.0,340.0,1739.246,90.0,175.085,2026-02-01T12:03:00
MCH-S-01,short,H,320.0,340.0,1731.115,90.0,175.195,2026-02-01T12:03:10
MCH-S-01,short,H,320.0,340.0,1728.342,90.0,175.317,2026-02-01T12:03:20
MCH-S-01,short,H,320.0,340.0,1715.78,90.0,175.451,2026-02-01T12:03:30
MCH-S-01,short,H,320.0,340.0,1703.407,90.0,175.649,2026-02-01T12:03:40
MCH-S-01,short,H,320.0,340.0,1699.756,90.0,175.8,2026-02-01T12:03:50
MCH-S-01,short,H,320.0,340.0,1688.434,90.0,175.977,2026-02-01T12:04:00
MCH-S-01,short,H,320.0,340.0,1682.908,90.0,176.19,2026-02-01T12:04:10
MCH-S-01,short,H,320.0,340.0,1683.061,90.0,176.293,2026-02-01T12:04:20
MCH-S-01,short,H,320.0,340.0,1670.45,90.0,176.486,2026-02-01T12:04:30
MCH-S-02,short,M,299.193,309.9,1486.944,44.875,16.601,2026-02-01T09:19:00
MCH-S-02,short,M,299.371,310.165,1498.593,44.808,16.812,2026-02-01T09:19:10
MCH-S-02,short,M,299.522,310.323,1496.857,44.657,16.987,2026-02-01T09:19:20
MCH-S-02,short,M,299.76,310.854,1503.616,44.728,17.037,2026-02-01T09:19:30
MCH-S-02,short,M,299.896,311.25,1498.25,45.239,17.144,2026-02-01T09:19:40
MCH-S-02,short,M,300.23,311.533,1495.961,45.274,17.34,2026-02-01T09:19:50
MCH-S-02,short,M,300.582,311.942,1496.26,45.99,17.49,2026-02-01T09:20:00
MCH-S-02,short,M,300.753,312.305,1498.05,45.77,17.642,2026-02-01T09:20:10
MCH-S-02,short,M,300.956,312.593,1511.257,46.165,17.734,2026-02-01T09:20:20
MCH-S-02,short,M,301.183,312.988,1509.461,46.457,17.996,2026-02-01T09:20:30
MCH-S-02,short,M,301.33,313.414,1514.924,46.553,18.202,2026-02-01T09:20:40
MCH-S-02,short,M,301.692,313.834,1516.468,47.114,18.398,2026-02-01T09:20:50
MCH-S-02,short,M,301.949,314.451,1541.48,47.111,18.655,2026-02-01T09:21:00
MCH-S-02,short,M,302.289,314.838,1540.596,46.836,18.832,2026-02-01T09:21:10
MCH-S-02,short,M,302.46,315.333,1556.259,46.83,19.01,2026-02-01T09:21:20
MCH-S-02,short,M,302.813,315.793,1560.987,46.811,19.216,2026-02-01T09:21:30
MCH-S-02,short,M,303.095,316.103,1580.299,47.105,19.355,2026-02-01T09:21:40
MCH-S-02,short,M,303.409,316.362,1603.782,48.157,19.555,2026-02-01T09:21:50
MCH-S-02,short,M,303.683,316.729,1628.794,48.841,19.705,2026-02-01T09:22:00
MCH-S-02,short,M,304.114,317.082,1635.625,48.926,19.856,2026-02-01T09:22:10
MCH-S-02,short,M,304.574,317.38,1632.51,49.594,20.001,2026-02-01T09:22:20
MCH-S-02,short,M,304.842,317.714,1641.383,49.972,20.229,2026-02-01T09:22:30
MCH-S-02,short,M,305.237,318.144,1667.173,50.561,20.401,2026-02-01T09:22:40
MCH-S-02,short,M,305.61,318.669,1692.648,51.199,20.501,2026-02-01T09:22:50
MCH-S-02,short,M,305.851,319.22,1705.216,51.717,20.644,2026-02-01T09:23:00
MCH-S-02,short,M,306.158,319.742,1731.678,52.101,20.774,2026-02-01T09:23:10
MCH-S-02,short,M,306.775,320.405,1747.078,52.791,20.983,2026-02-01T09:23:20
MCH-S-02,short,M,307.183,320.649,1757.528,52.959,21.103,2026-02-01T09:23:30
MCH-S-02,short,M,307.628,321.17,1765.425,53.595,21.253,2026-02-01T09:23:40
MCH-S-02,short,M,308.065,321.509,1769.941,54.236,21.458,2026-02-01T09:23:50
MCH-S-02,short,M,308.495,322.138,1773.913,54.562,21.607,2026-02-01T09:24:00
MCH-S-02,short,M,308.89,322.759,1777.617,54.889,21.795,2026-02-01T09:24:10
MCH-S-02,short,M,309.426,323.196,1787.401,55.652,21.976,2026-02-01T09:24:20
MCH-S-02,short,M,309.723,323.681,1797.263,56.004,22.212,2026-02-01T09:24:30
MCH-S-02,short,M,310.181,324.095,1814.649,56.288,22.313,2026-02-01T09:24:40
MCH-S-02,short,M,310.864,324.704,1841.783,56.442,22.458,2026-02-01T09:24:50
MCH-S-02,short,M,311.216,325.15,1858.226,56.724,22.607,2026-02-01T09:25:00
MCH-S-02,short,M,311.766,325.799,1882.953,57.115,22.796,2026-02-01T09:25:10
MCH-S-02,short,M,312.073,327.515,1900.0,59.871,22.983,2026-02-01T09:25:20
MCH-S-02,short,M,312.614,328.027,1900.0,60.8,23.121,2026-02-01T09:25:30
MCH-S-02,short,M,313.063,328.59,1900.0,61.589,23.219,2026-02-01T09:25:40
MCH-S-02,short,M,313.59,329.136,1900.0,62.305,23.335,2026-02-01T09:25:50
MCH-S-02,short,M,313.997,329.633,1900.0,62.833,23.509,2026-02-01T09:26:00
MCH-S-02,short,M,314.41,330.15,1900.0,63.349,23.634,2026-02-01T09:26:10
MCH-S-02,short,M,314.879,330.689,1900.0,64.233,23.792,2026-02-01T09:26:20
MCH-S-02,short,M,315.451,331.243,1900.0,64.454,23.975,2026-02-01T09:26:30
MCH-S-02,short,M,315.852,331.77,1900.0,65.045,24.116,2026-02-01T09:26:40
MCH-S-02,short,M,316.323,332.135,1900.0,65.794,24.3,2026-02-01T09:26:50
MCH-S-02,short,M,316.822,332.358,1900.0,66.519,24.473,2026-02-01T09:27:00
MCH-S-02,short,M,317.214,332.872,1900.0,67.403,24.648,2026-02-01T09:27:10
MCH-S-02,short,M,317.536,333.538,1900.0,68.025,24.74,2026-02-01T09:27:20
MCH-S-02,short,M,317.734,334.012,1900.0,68.851,24.989,2026-02-01T09:27:30
MCH-S-02,short,M,318.25,334.579,1900.0,69.844,25.183,2026-02-01T09:27:40
MCH-S-02,short,M,318.727,334.908,1900.0,70.848,25.312,2026-02-01T09:27:50
MCH-S-02,short,M,319.026,335.577,1900.0,71.299,25.418,2026-02-01T09:28:00
MCH-S-02,short,M,319.646,335.993,1900.0,71.755,25.605,2026-02-01T09:28:10
MCH-S-02,short,M,320.0,336.54,1900.0,72.272,25.759,2026-02-01T09:28:20
MCH-S-02,short,M,320.0,337.254,1900.0,72.944,26.011,2026-02-01T09:28:30
MCH-S-02,short,M,320.0,337.611,1900.0,73.839,26.191,2026-02-01T09:28:40
MCH-S-02,short,M,320.0,338.194,1900.0,74.3,26.328,2026-02-01T09:28:50
MCH-S-02,short,M,320.0,338.681,1900.0,75.669,26.496,2026-02-01T09:29:00
MCH-S-02,short,M,320.0,339.04,1900.0,76.875,26.67,2026-02-01T09:29:10
MCH-S-02,short,M,320.0,339.366,1900.0,77.696,26.854,2026-02-01T09:29:20
MCH-S-02,short,M,320.0,339.929,1900.0,78.328,27.04,2026-02-01T09:29:30
MCH-S-02,short,M,320.0,340.0,1900.0,79.402,27.212,2026-02-01T09:29:40
MCH-S-02,short,M,320.0,340.0,1900.0,80.166,27.345,2026-02-01T09:29:50
MCH-S-02,short,M,320.0,340.0,1900.0,81.434,27.434,2026-02-01T09:30:00
MCH-S-02,short,M,320.0,340.0,1900.0,82.622,27.571,2026-02-01T09:30:10
MCH-S-02,short,M,320.0,340.0,1900.0,83.777,27.681,2026-02-01T09:30:20
MCH-S-02,short,M,320.0,340.0,1900.0,85.23,27.794,2026-02-01T09:30:30
MCH-S-02,short,M,320.0,340.0,1900.0,86.998,27.889,2026-02-01T09:30:40
MCH-S-02,short,M,320.0,340.0,1900.0,87.797,28.022,2026-02-01T09:30:50
MCH-S-02,short,M,320.0,340.0,1900.0,89.263,28.181,2026-02-01T09:31:00
MCH-S-02,short,M,320.0,340.0,1900.0,90.0,28.305,2026-02-01T09:31:10
MCH-S-02,short,M,320.0,340.0,1900.0,90.0,28.402,2026-02-01T09:31:20
MCH-S-02,short,M,320.0,340.0,1900.0,90.0,28.59,2026-02-01T09:31:30
MCH-S-02,short,M,320.0,340.0,1900.0,90.0,28.8,2026-02-01T09:31:40
MCH-S-02,short,M,320.0,340.0,1900.0,90.0,28.954,2026-02-01T09:31:50
MCH-S-02,short,M,320.0,340.0,1900.0,90.0,29.108,2026-02-01T09:32:00
MCH-S-02,short,M,320.0,340.0,1900.0,90.0,29.322,2026-02-01T09:32:10
MCH-S-02,short,M,320.0,340.0,1900.0,90.0,29.499,2026-02-01T09:32:20
MCH-S-02,short,M,320.0,340.0,1900.0,90.0,29.65,2026-02-01T09:32:30
MCH-S-02,short,M,320.0,340.0,1900.0,90.0,29.797,2026-02-01T09:32:40
MCH-S-02,short,M,320.0,340.0,1900.0,90.0,29.987,2026-02-01T09:32:50
MCH-S-02,short,M,320.0,340.0,1900.0,90.0,30.135,2026-02-01T09:33:00
MCH-S-02,short,M,320.0,340.0,1900.0,90.0,30.342,2026-02-01T09:33:10
MCH-S-02,short,M,320.0,340.0,1900.0,90.0,30.458,2026-02-01T09:33:20
MCH-S-02,short,M,320.0,340.0,1900.0,90.0,30.634,2026-02-01T09:33:30
MCH-S-02,short,M,320.0,340.0,1900.0,90.0,30.734,2026-02-01T09:33:40
MCH-S-02,short,M,320.0,340.0,1900.0,90.0,30.934,2026-02-01T09:33:50
MCH-S-02,short,M,320.0,340.0,1900.0,90.0,31.107,2026-02-01T09:34:00
MCH-S-02,short,M,320.0,340.0,1900.0,90.0,31.328,2026-02-01T09:34:10
MCH-S-02,short,M,320.0,340.0,1900.0,90.0,31.502,2026-02-01T09:34:20
MCH-S-02,short,M,320.0,340.0,1900.0,90.0,31.617,2026-02-01T09:34:30
MCH-S-02,short,M,320.0,340.0,1900.0,90.0,31.806,2026-02-01T09:34:40
MCH-S-02,short,M,320.0,340.0,1900.0,90.0,31.918,2026-02-01T09:34:50
MCH-S-02,short,M,320.0,340.0,1900.0,90.0,32.11,2026-02-01T09:35:00
MCH-S-02,short,M,320.0,340.0,1900.0,90.0,32.294,2026-02-01T09:35:10
MCH-S-02,short,M,320.0,340.0,1900.0,90.0,32.459,2026-02-01T09:35:20
MCH-S-02,short,M,320.0,340.0,1900.0,90.0,32.632,2026-02-01T09:35:30
MCH-S-02,short,M,320.0,340.0,1900.0,90.0,32.864,2026-02-01T09:35:40
MCH-S-02,short,M,320.0,340.0,1900.0,90.0,32.984,2026-02-01T09:35:50
MCH-S-02,short,M,320.0,340.0,1900.0,90.0,33.149,2026-02-01T09:36:00
MCH-S-02,short,M,320.0,340.0,1900.0,90.0,33.334,2026-02-01T09:36:10
MCH-S-02,short,M,320.0,340.0,1900.0,90.0,33.493,2026-02-01T09:36:20
MCH-S-02,short,M,320.0,340.0,1900.0,90.0,33.658,2026-02-01T09:36:30
MCH-S-02,short,M,320.0,340.0,1900.0,90.0,33.878,2026-02-01T09:36:40
MCH-S-02,short,M,320.0,340.0,1900.0,90.0,34.052,2026-02-01T09:36:50
MCH-S-02,short,M,320.0,340.0,1900.0,90.0,34.202,2026-02-01T09:37:00
MCH-S-02,short,M,320.0,340.0,1900.0,90.0,34.361,2026-02-01T09:37:10
MCH-S-02,short,M,320.0,340.0,1900.0,90.0,34.516,2026-02-01T09:37:20
MCH-S-02,short,M,320.0,340.0,1900.0,90.0,34.713,2026-02-01T09:37:30
MCH-S-02,short,M,320.0,340.0,1900.0,90.0,34.826,2026-02-01T09:37:40
MCH-S-02,short,M,320.0,340.0,1900.0,90.0,34.996,2026-02-01T09:37:50
MCH-S-02,short,M,320.0,340.0,1900.0,90.0,35.138,2026-02-01T09:38:00
MCH-S-02,short,M,320.0,340.0,1900.0,90.0,35.254,2026-02-01T09:38:10
MCH-S-02,short,M,320.0,340.0,1900.0,90.0,35.36,2026-02-01T09:38:20
MCH-S-02,short,M,320.0,340.0,1900.0,90.0,35.489,2026-02-01T09:38:30
MCH-S-02,short,M,320.0,340.0,1900.0,90.0,35.637,2026-02-01T09:38:40
MCH-S-02,short,M,320.0,340.0,1900.0,90.0,35.828,2026-02-01T09:38:50
MCH-S-02,short,M,320.0,340.0,1900.0,90.0,35.988,2026-02-01T09:39:00
MCH-S-02,short,M,320.0,340.0,1900.0,90.0,36.187,2026-02-01T09:39:10
MCH-S-02,short,M,320.0,340.0,1900.0,90.0,36.366,2026-02-01T09:39:20
MCH-S-02,short,M,320.0,340.0,1900.0,90.0,36.527,2026-02-01T09:39:30
MCH-S-02,short,M,320.0,340.0,1900.0,90.0,36.705,2026-02-01T09:39:40
MCH-S-02,short,M,320.0,340.0,1900.0,90.0,36.84,2026-02-01T09:39:50
MCH-S-02,short,M,320.0,340.0,1900.0,90.0,37.005,2026-02-01T09:40:00
MCH-S-02,short,M,320.0,340.0,1900.0,90.0,37.127,2026-02-01T09:40:10
MCH-S-02,short,M,320.0,340.0,1900.0,90.0,37.31,2026-02-01T09:40:20
MCH-S-02,short,M,320.0,340.0,1900.0,90.0,37.518,2026-02-01T09:40:30
MCH-S-02,short,M,320.0,339.858,1900.0,90.0,37.726,2026-02-01T09:40:40
MCH-S-02,short,M,320.0,339.498,1900.0,90.0,37.883,2026-02-01T09:40:50
MCH-S-02,short,M,320.0,338.917,1900.0,90.0,38.056,2026-02-01T09:41:00
MCH-S-02,short,M,320.0,338.588,1900.0,90.0,38.257,2026-02-01T09:41:10
MCH-S-02,short,M,320.0,337.927,1900.0,90.0,38.393,2026-02-01T09:41:20
MCH-S-02,short,M,320.0,337.394,1900.0,90.0,38.554,2026-02-01T09:41:30
MCH-S-02,short,M,320.0,336.699,1900.0,90.0,38.718,2026-02-01T09:41:40
MCH-S-02,short,M,320.0,336.039,1900.0,90.0,38.826,2026-02-01T09:41:50
MCH-S-02,short,M,320.0,335.572,1900.0,90.0,39.021,2026-02-01T09:42:00
MCH-S-02,short,M,320.0,335.065,1900.0,90.0,39.189,2026-02-01T09:42:10
MCH-S-02,short,M,320.0,334.606,1900.0,90.0,39.347,2026-02-01T09:42:20
MCH-S-02,short,M,320.0,334.15,1900.0,90.0,39.494,2026-02-01T09:42:30
MCH-S-02,short,M,320.0,333.776,1900.0,90.0,39.682,2026-02-01T09:42:40
MCH-S-02,short,M,320.0,333.467,1900.0,90.0,39.853,2026-02-01T09:42:50
MCH-S-02,short,M,320.0,333.04,1900.0,90.0,39.982,2026-02-01T09:43:00
MCH-S-02,short,M,320.0,332.537,1900.0,90.0,40.147,2026-02-01T09:43:10
MCH-S-02,short,M,319.799,331.924,1900.0,90.0,40.358,2026-02-01T09:43:20
MCH-S-02,short,M,319.332,331.418,1900.0,90.0,40.465,2026-02-01T09:43:30
MCH-S-02,short,M,318.978,330.918,1900.0,90.0,40.647,2026-02-01T09:43:40
MCH-S-02,short,M,318.599,330.432,1900.0,90.0,40.868,2026-02-01T09:43:50
MCH-S-02,short,M,317.988,329.908,1900.0,90.0,41.044,2026-02-01T09:44:00
MCH-S-02,short,M,317.601,329.555,1900.0,90.0,41.172,2026-02-01T09:44:10
MCH-S-02,short,M,317.181,329.649,1900.0,90.0,41.357,2026-02-01T09:44:20
MCH-S-02,short,M,316.691,329.213,1900.0,90.0,41.554,2026-02-01T09:44:30
MCH-S-02,short,M,316.2,328.928,1900.0,90.0,41.74,2026-02-01T09:44:40
MCH-S-02,short,M,315.56,328.389,1900.0,90.0,41.909,2026-02-01T09:44:50
MCH-S-02,short,M,315.037,328.23,1900.0,90.0,42.067,2026-02-01T09:45:00
MCH-S-02,short,M,314.604,327.983,1900.0,90.0,42.172,2026-02-01T09:45:10
MCH-S-02,short,M,314.051,327.684,1900.0,90.0,42.3,2026-02-01T09:45:20
MCH-S-02,short,M,313.68,327.417,1900.0,90.0,42.416,2026-02-01T09:45:30
MCH-S-02,short,M,313.175,326.815,1900.0,90.0,42.618,2026-02-01T09:45:40
MCH-S-02,short,M,312.751,326.522,1900.0,90.0,42.857,2026-02-01T09:45:50
MCH-S-02,short,M,312.274,326.092,1900.0,90.0,43.072,2026-02-01T09:46:00
MCH-S-02,short,M,312.015,325.737,1900.0,90.0,43.308,2026-02-01T09:46:10
MCH-S-02,short,M,311.552,325.385,1900.0,90.0,43.444,2026-02-01T09:46:20
MCH-S-02,short,M,311.198,325.268,1900.0,90.0,43.629,2026-02-01T09:46:30
MCH-S-02,short,M,310.961,325.091,1900.0,90.0,43.754,2026-02-01T09:46:40
MCH-S-02,short,M,310.372,324.666,1900.0,90.0,43.944,2026-02-01T09:46:50
MCH-S-02,short,M,310.132,324.329,1900.0,90.0,44.106,2026-02-01T09:47:00
MCH-S-02,short,M,309.877,324.385,1900.0,90.0,44.242,2026-02-01T09:47:10
MCH-S-02,short,M,309.346,324.173,1900.0,90.0,44.396,2026-02-01T09:47:20
MCH-S-02,short,M,309.091,324.027,1900.0,90.0,44.544,2026-02-01T09:47:30
MCH-S-02,short,M,308.668,323.819,1900.0,90.0,44.785,2026-02-01T09:47:40
MCH-S-02,short,M,308.16,323.936,1900.0,90.0,44.917,2026-02-01T09:47:50
MCH-S-02,short,M,307.735,323.749,1900.0,90.0,45.058,2026-02-01T09:48:00
MCH-S-02,short,M,307.427,323.62,1900.0,90.0,45.217,2026-02-01T09:48:10
MCH-S-02,short,M,307.093,323.405,1900.0,90.0,45.357,2026-02-01T09:48:20
MCH-S-02,short,M,306.757,323.272,1900.0,90.0,45.462,2026-02-01T09:48:30
MCH-S-02,short,M,306.392,323.216,1900.0,90.0,45.601,2026-02-01T09:48:40
MCH-S-02,short,M,306.124,323.11,1900.0,90.0,45.793,2026-02-01T09:48:50
MCH-S-02,short,M,305.793,323.077,1900.0,90.0,45.991,2026-02-01T09:49:00
MCH-S-02,short,M,305.548,322.858,1900.0,90.0,46.183,2026-02-01T09:49:10
MCH-S-02,short,M,305.305,322.78,1900.0,90.0,46.382,2026-02-01T09:49:20
MCH-S-02,short,M,305.057,322.747,1900.0,90.0,46.594,2026-02-01T09:49:30
MCH-S-02,short,M,304.762,322.678,1900.0,90.0,46.74,2026-02-01T09:49:40
MCH-S-02,short,M,304.427,322.839,1900.0,90.0,46.88,2026-02-01T09:49:50
MCH-S-02,short,M,304.259,322.735,1900.0,90.0,47.075,2026-02-01T09:50:00
MCH-S-02,short,M,303.902,322.636,1900.0,90.0,47.296,2026-02-01T09:50:10
MCH-S-02,short,M,303.719,322.52,1900.0,90.0,47.421,2026-02-01T09:50:20
MCH-S-02,short,M,303.604,322.669,1900.0,90.0,47.53,2026-02-01T09:50:30
MCH-S-02,short,M,303.548,322.748,1900.0,90.0,47.662,2026-02-01T09:50:40
MCH-S-02,short,M,303.4,323.021,1900.0,90.0,47.736,2026-02-01T09:50:50
MCH-S-02,short,M,303.368,323.167,1900.0,90.0,47.913,2026-02-01T09:51:00
MCH-S-02,short,M,303.043,323.11,1900.0,90.0,48.092,2026-02-01T09:51:10
MCH-S-02,short,M,302.666,323.251,1900.0,90.0,48.212,2026-02-01T09:51:20
MCH-S-02,short,M,302.385,323.417,1900.0,90.0,48.377,2026-02-01T09:51:30
MCH-S-02,short,M,302.46,323.513,1900.0,90.0,48.58,2026-02-01T09:51:40
MCH-S-02,short,M,302.407,323.726,1900.0,90.0,48.782,2026-02-01T09:51:50
MCH-S-02,short,M,302.124,323.95,1900.0,90.0,48.968,2026-02-01T09:52:00
MCH-S-02,short,M,302.021,324.428,1900.0,90.0,49.085,2026-02-01T09:52:10
MCH-S-02,short,M,301.813,324.555,1900.0,90.0,49.309,2026-02-01T09:52:20
MCH-S-02,short,M,301.651,324.678,1900.0,90.0,49.461,2026-02-01T09:52:30
MCH-S-02,short,M,301.735,324.818,1900.0,90.0,49.617,2026-02-01T09:52:40
MCH-S-02,short,M,301.624,325.05,1900.0,90.0,49.791,2026-02-01T09:52:50
MCH-S-02,short,M,301.564,325.361,1900.0,90.0,49.973,2026-02-01T09:53:00
MCH-S-02,short,M,301.518,327.456,1900.0,90.0,50.141,2026-02-01T09:53:10
MCH-S-02,short,M,301.608,327.854,1900.0,90.0,50.378,2026-02-01T09:53:20
MCH-S-02,short,M,301.668,327.996,1900.0,90.0,50.594,2026-02-01T09:53:30
MCH-S-02,short,M,301.711,328.353,1900.0,90.0,50.735,2026-02-01T09:53:40
MCH-S-02,short,M,301.621,328.571,1900.0,90.0,50.878,2026-02-01T09:53:50
MCH-S-02,short,M,301.682,329.229,1900.0,90.0,51.001,2026-02-01T09:54:00
MCH-S-02,short,M,301.722,329.647,1900.0,90.0,51.188,2026-02-01T09:54:10
MCH-S-02,short,M,301.69,329.939,1900.0,90.0,51.362,2026-02-01T09:54:20
MCH-S-02,short,M,301.66,330.353,1900.0,90.0,51.594,2026-02-01T09:54:30
MCH-S-02,short,M,301.697,330.718,1900.0,90.0,51.766,2026-02-01T09:54:40
MCH-S-02,short,M,301.75,330.987,1900.0,90.0,51.967,2026-02-01T09:54:50
MCH-S-02,short,M,301.833,331.375,1900.0,90.0,52.122,2026-02-01T09:55:00
MCH-S-02,short,M,301.937,331.794,1900.0,90.0,52.275,2026-02-01T09:55:10
MCH-S-02,short,M,302.166,332.278,1900.0,90.0,52.373,2026-02-01T09:55:20
MCH-S-02,short,M,302.189,332.752,1900.0,90.0,52.617,2026-02-01T09:55:30
MCH-S-02,short,M,302.321,333.19,1900.0,90.0,52.769,2026-02-01T09:55:40
MCH-S-02,short,M,302.249,333.675,1900.0,90.0,52.997,2026-02-01T09:55:50
MCH-S-02,short,M,302.256,334.095,1900.0,90.0,53.21,2026-02-01T09:56:00
MCH-S-02,short,M,302.393,334.535,1900.0,90.0,53.366,2026-02-01T09:56:10
MCH-S-02,short,M,302.37,334.99,1900.0,90.0,53.473,2026-02-01T09:56:20
MCH-S-02,short,M,302.404,335.523,1900.0,90.0,53.64,2026-02-01T09:56:30
MCH-S-02,short,M,302.54,336.086,1900.0,90.0,53.789,2026-02-01T09:56:40
MCH-S-02,short,M,302.703,336.757,1900.0,90.0,53.99,2026-02-01T09:56:50
MCH-S-02,short,M,302.719,337.465,1900.0,90.0,54.092,2026-02-01T09:57:00
MCH-S-02,short,M,302.939,337.871,1900.0,90.0,54.279,2026-02-01T09:57:10
MCH-S-02,short,M,303.194,338.605,1900.0,90.0,54.421,2026-02-01T09:57:20
MCH-S-02,short,M,303.373,338.972,1900.0,90.0,54.607,2026-02-01T09:57:30
MCH-S-02,short,M,303.493,339.512,1900.0,90.0,54.814,2026-02-01T09:57:40
MCH-S-02,short,M,303.69,340.0,1900.0,90.0,55.005,2026-02-01T09:57:50
MCH-S-02,short,M,303.867,340.0,1900.0,90.0,55.169,2026-02-01T09:58:00
MCH-S-02,short,M,304.001,340.0,1900.0,90.0,55.316,2026-02-01T09:58:10
MCH-S-02,short,M,304.342,340.0,1900.0,90.0,55.467,2026-02-01T09:58:20
MCH-S-02,short,M,304.584,340.0,1900.0,90.0,55.698,2026-02-01T09:58:30
MCH-S-02,short,M,304.774,340.0,1900.0,90.0,55.882,2026-02-01T09:58:40
MCH-S-02,short,M,304.857,340.0,1900.0,90.0,56.008,2026-02-01T09:58:50
MCH-S-02,short,M,305.163,340.0,1900.0,90.0,56.115,2026-02-01T09:59:00
MCH-S-02,short,M,305.344,340.0,1900.0,90.0,56.26,2026-02-01T09:59:10
MCH-S-02,short,M,305.627,340.0,1900.0,90.0,56.43,2026-02-01T09:59:20
MCH-S-02,short,M,305.832,340.0,1900.0,90.0,56.59,2026-02-01T09:59:30
MCH-S-02,short,M,305.969,340.0,1900.0,90.0,56.696,2026-02-01T09:59:40
MCH-S-02,short,M,306.212,340.0,1900.0,90.0,56.887,2026-02-01T09:59:50
MCH-S-02,short,M,306.564,340.0,1900.0,90.0,57.134,2026-02-01T10:00:00
MCH-S-02,short,M,306.766,340.0,1900.0,90.0,57.24,2026-02-01T10:00:10
MCH-S-02,short,M,307.072,340.0,1900.0,90.0,57.351,2026-02-01T10:00:20
MCH-S-02,short,M,307.309,340.0,1900.0,90.0,57.535,2026-02-01T10:00:30
MCH-S-02,short,M,307.563,340.0,1900.0,90.0,57.701,2026-02-01T10:00:40
MCH-S-02,short,M,307.987,340.0,1900.0,90.0,57.882,2026-02-01T10:00:50
MCH-S-02,short,M,308.282,340.0,1900.0,90.0,58.019,2026-02-01T10:01:00
MCH-S-02,short,M,308.606,340.0,1900.0,90.0,58.249,2026-02-01T10:01:10
MCH-S-02,short,M,308.92,340.0,1900.0,90.0,58.457,2026-02-01T10:01:20
MCH-S-02,short,M,309.257,340.0,1900.0,90.0,58.604,2026-02-01T10:01:30
MCH-S-02,short,M,309.522,340.0,1900.0,90.0,58.754,2026-02-01T10:01:40
MCH-S-02,short,M,309.738,340.0,1900.0,90.0,58.956,2026-02-01T10:01:50
MCH-S-02,short,M,309.826,340.0,1900.0,90.0,59.15,2026-02-01T10:02:00
MCH-S-02,short,M,310.02,340.0,1900.0,90.0,59.331,2026-02-01T10:02:10
MCH-S-02,short,M,310.402,340.0,1900.0,90.0,59.551,2026-02-01T10:02:20
MCH-S-02,short,M,310.737,340.0,1900.0,90.0,59.65,2026-02-01T10:02:30
MCH-S-02,short,M,310.988,340.0,1900.0,90.0,59.841,2026-02-01T10:02:40
MCH-S-02,short,M,311.162,340.0,1900.0,90.0,60.013,2026-02-01T10:02:50
MCH-S-02,short,M,311.187,340.0,1900.0,90.0,60.201,2026-02-01T10:03:00
MCH-S-02,short,M,311.45,340.0,1900.0,90.0,60.398,2026-02-01T10:03:10
MCH-S-02,short,M,311.64,340.0,1900.0,90.0,60.587,2026-02-01T10:03:20
MCH-S-02,short,M,311.883,340.0,1900.0,90.0,60.814,2026-02-01T10:03:30
MCH-S-02,short,M,312.172,340.0,1900.0,90.0,60.969,2026-02-01T10:03:40
MCH-S-02,short,M,312.438,340.0,1900.0,90.0,61.095,2026-02-01T10:03:50
MCH-S-02,short,M,312.771,340.0,1900.0,90.0,61.231,2026-02-01T10:04:00
MCH-S-02,short,M,313.084,340.0,1900.0,90.0,61.393,2026-02-01T10:04:10
MCH-S-02,short,M,313.27,340.0,1900.0,90.0,61.594,2026-02-01T10:04:20
MCH-S-02,short,M,313.398,340.0,1900.0,90.0,61.71,2026-02-01T10:04:30
MCH-S-02,short,M,313.531,340.0,1900.0,90.0,61.797,2026-02-01T10:04:40
MCH-S-02,short,M,313.714,340.0,1900.0,90.0,61.937,2026-02-01T10:04:50
MCH-S-02,short,M,313.996,340.0,1900.0,90.0,62.108,2026-02-01T10:05:00
MCH-S-02,short,M,314.253,340.0,1900.0,90.0,62.283,2026-02-01T10:05:10
MCH-S-02,short,M,314.229,340.0,1900.0,90.0,62.406,2026-02-01T10:05:20
MCH-S-02,short,M,314.39,340.0,1900.0,90.0,62.571,2026-02-01T10:05:30
MCH-S-02,short,M,314.537,340.0,1900.0,90.0,62.743,2026-02-01T10:05:40
MCH-S-02,short,M,314.924,340.0,1900.0,90.0,62.927,2026-02-01T10:05:50
MCH-S-02,short,M,315.025,340.0,1900.0,90.0,63.093,2026-02-01T10:06:00
MCH-S-02,short,M,315.205,340.0,1900.0,90.0,63.282,2026-02-01T10:06:10
MCH-S-02,short,M,315.39,340.0,1900.0,90.0,63.391,2026-02-01T10:06:20
MCH-S-02,short,M,315.464,340.0,1900.0,90.0,63.583,2026-02-01T10:06:30
MCH-S-02,short,M,315.572,340.0,1900.0,90.0,63.73,2026-02-01T10:06:40
MCH-S-02,short,M,315.974,340.0,1900.0,90.0,63.868,2026-02-01T10:06:50
MCH-S-02,short,M,316.172,340.0,1900.0,90.0,64.092,2026-02-01T10:07:00
MCH-S-02,short,M,316.299,340.0,1900.0,90.0,64.285,2026-02-01T10:07:10
MCH-S-02,short,M,316.409,340.0,1900.0,90.0,64.391,2026-02-01T10:07:20
MCH-S-02,short,M,316.447,340.0,1900.0,90.0,64.534,2026-02-01T10:07:30
MCH-S-02,short,M,316.673,340.0,1900.0,90.0,64.637,2026-02-01T10:07:40
MCH-S-02,short,M,316.786,340.0,1900.0,90.0,64.789,2026-02-01T10:07:50
MCH-S-02,short,M,316.839,340.0,1900.0,90.0,64.965,2026-02-01T10:08:00
MCH-S-02,short,M,316.911,340.0,1891.5,90.0,65.108,2026-02-01T10:08:10
MCH-S-02,short,M,316.906,340.0,1871.336,90.0,65.331,2026-02-01T10:08:20
MCH-S-02,short,M,316.869,340.0,1847.609,90.0,65.538,2026-02-01T10:08:30
MCH-S-02,short,M,316.899,340.0,1821.929,90.0,65.744,2026-02-01T10:08:40
MCH-S-02,short,M,317.058,340.0,1802.684,90.0,65.917,2026-02-01T10:08:50
MCH-S-02,short,M,317.096,340.0,1777.141,90.0,66.124,2026-02-01T10:09:00
MCH-S-02,short,M,317.207,340.0,1761.482,90.0,66.379,2026-02-01T10:09:10
MCH-S-02,short,M,317.195,340.0,1753.432,90.0,66.476,2026-02-01T10:09:20
MCH-S-02,short,M,317.058,340.0,1728.365,90.0,66.694,2026-02-01T10:09:30
MCH-S-02,short,M,317.102,340.0,1714.45,90.0,66.805,2026-02-01T10:09:40
MCH-S-02,short,M,316.914,340.0,1714.777,90.0,66.994,2026-02-01T10:09:50
MCH-S-02,short,M,317.025,340.0,1704.901,90.0,67.185,2026-02-01T10:10:00
MCH-S-02,short,M,317.086,340.0,1608.179,90.0,67.352,2026-02-01T10:10:10
MCH-S-02,short,M,316.986,340.0,1597.81,90.0,67.511,2026-02-01T10:10:20
MCH-S-02,short,M,316.851,340.0,1589.48,90.0,67.69,2026-02-01T10:10:30
MCH-S-02,short,M,316.8,340.0,1578.587,90.0,67.828,2026-02-01T10:10:40
MCH-S-02,short,M,316.766,340.0,1552.579,90.0,67.991,2026-02-01T10:10:50
MCH-S-02,short,M,316.632,340.0,1539.163,90.0,68.206,2026-02-01T10:11:00
MCH-S-02,short,M,316.626,340.0,1535.226,90.0,68.316,2026-02-01T10:11:10
MCH-S-02,short,M,316.641,340.0,1512.023,90.0,68.519,2026-02-01T10:11:20
MCH-S-02,short,M,316.532,340.0,1493.377,90.0,68.674,2026-02-01T10:11:30
MCH-S-02,short,M,316.281,340.0,1472.625,90.0,68.742,2026-02-01T10:11:40
MCH-S-02,short,M,316.076,340.0,1455.444,90.0,69.002,2026-02-01T10:11:50
MCH-S-02,short,M,315.941,340.0,1461.366,90.0,69.226,2026-02-01T10:12:00
MCH-S-02,short,M,315.913,340.0,1449.186,90.0,69.368,2026-02-01T10:12:10
MCH-S-02,short,M,315.81,340.0,1445.565,90.0,69.504,2026-02-01T10:12:20
MCH-S-02,short,M,315.835,340.0,1430.724,90.0,69.596,2026-02-01T10:12:30
MCH-S-02,short,M,315.567,340.0,1417.369,90.0,69.746,2026-02-01T10:12:40
MCH-S-02,short,M,315.459,340.0,1397.823,90.0,69.875,2026-02-01T10:12:50
MCH-S-02,short,M,315.228,340.0,1387.371,90.0,70.072,2026-02-01T10:13:00
MCH-S-02,short,M,315.016,340.0,1385.214,90.0,70.208,2026-02-01T10:13:10
MCH-S-02,short,M,314.923,340.0,1394.971,90.0,70.38,2026-02-01T10:13:20
MCH-S-02,short,M,314.863,340.0,1385.397,90.0,70.554,2026-02-01T10:13:30
MCH-S-02,short,M,314.774,340.0,1385.887,90.0,70.698,2026-02-01T10:13:40
MCH-S-02,short,M,314.708,340.0,1375.878,90.0,70.835,2026-02-01T10:13:50
MCH-S-02,short,M,314.584,340.0,1367.159,90.0,71.008,2026-02-01T10:14:00
MCH-S-02,short,M,314.328,340.0,1361.932,90.0,71.152,2026-02-01T10:14:10
MCH-S-02,short,M,313.999,340.0,1349.287,90.0,71.29,2026-02-01T10:14:20
MCH-S-02,short,M,313.972,340.0,1351.351,90.0,71.456,2026-02-01T10:14:30
MCH-S-02,short,M,313.73,340.0,1347.734,90.0,71.608,2026-02-01T10:14:40
MCH-S-02,short,M,313.461,340.0,1346.227,90.0,71.803,2026-02-01T10:14:50
MCH-S-02,short,M,313.123,340.0,1362.081,90.0,71.975,2026-02-01T10:15:00
MCH-S-02,short,M,312.72,340.0,1353.171,90.0,72.202,2026-02-01T10:15:10
MCH-S-02,short,M,312.565,340.0,1350.833,90.0,72.303,2026-02-01T10:15:20
MCH-S-02,short,M,312.319,340.0,1345.509,90.0,72.422,2026-02-01T10:15:30
MCH-S-02,short,M,312.221,340.0,1342.316,90.0,72.559,2026-02-01T10:15:40
MCH-S-02,short,M,311.942,340.0,1337.137,90.0,72.698,2026-02-01T10:15:50
MCH-S-02,short,M,311.616,340.0,1338.973,90.0,72.816,2026-02-01T10:16:00
MCH-S-02,short,M,311.516,340.0,1340.032,90.0,73.013,2026-02-01T10:16:10
MCH-S-02,short,M,311.372,340.0,1335.34,90.0,73.155,2026-02-01T10:16:20
MCH-S-02,short,M,311.259,340.0,1333.821,90.0,73.368,2026-02-01T10:16:30
MCH-S-02,short,M,311.187,340.0,1322.89,90.0,73.489,2026-02-01T10:16:40
MCH-S-02,short,M,310.917,340.0,1312.745,90.0,73.619,2026-02-01T10:16:50
MCH-S-02,short,M,310.702,340.0,1328.622,90.0,73.784,2026-02-01T10:17:00
MCH-S-02,short,M,310.66,340.0,1324.877,90.0,73.922,2026-02-01T10:17:10
MCH-S-02,short,M,310.336,340.0,1330.816,90.0,74.144,2026-02-01T10:17:20
MCH-S-02,short,M,310.028,340.0,1336.78,90.0,74.318,2026-02-01T10:17:30
MCH-S-02,short,M,309.669,340.0,1358.648,90.0,74.575,2026-02-01T10:17:40
MCH-S-02,short,M,309.374,340.0,1365.676,90.0,74.721,2026-02-01T10:17:50
MCH-S-02,short,M,309.115,340.0,1380.919,90.0,74.918,2026-02-01T10:18:00
MCH-S-02,short,M,308.919,340.0,1393.764,90.0,75.128,2026-02-01T10:18:10
MCH-S-02,short,M,308.719,340.0,1406.382,90.0,75.307,2026-02-01T10:18:20
MCH-S-02,short,M,308.473,340.0,1415.384,90.0,75.469,2026-02-01T10:18:30
MCH-S-02,short,M,308.322,340.0,1427.079,90.0,75.593,2026-02-01T10:18:40
MCH-S-02,short,M,307.97,340.0,1440.834,90.0,75.796,2026-02-01T10:18:50
MCH-S-02,short,M,307.731,340.0,1441.742,90.0,75.971,2026-02-01T10:19:00
MCH-S-02,short,M,307.455,340.0,1444.513,90.0,76.107,2026-02-01T10:19:10
MCH-S-02,short,M,307.315,340.0,1452.185,90.0,76.276,2026-02-01T10:19:20
MCH-S-02,short,M,307.15,340.0,1475.689,90.0,76.42,2026-02-01T10:19:30
MCH-S-02,short,M,306.923,340.0,1482.842,90.0,76.556,2026-02-01T10:19:40
MCH-S-02,short,M,306.701,340.0,1495.13,90.0,76.731,2026-02-01T10:19:50
MCH-S-02,short,M,306.522,340.0,1505.005,90.0,76.874,2026-02-01T10:20:00
MCH-S-02,short,M,306.428,339.854,1502.878,90.0,77.058,2026-02-01T10:20:10
MCH-S-02,short,M,306.292,339.701,1519.972,90.0,77.271,2026-02-01T10:20:20
MCH-S-02,short,M,305.89,339.471,1536.295,90.0,77.427,2026-02-01T10:20:30
MCH-S-02,short,M,305.805,339.195,1545.07,90.0,77.582,2026-02-01T10:20:40
MCH-S-02,short,M,305.666,338.893,1555.53,90.0,77.699,2026-02-01T10:20:50
MCH-S-02,short,M,305.692,338.649,1565.248,90.0,77.905,2026-02-01T10:21:00
MCH-S-02,short,M,305.511,338.637,1576.874,90.0,78.169,2026-02-01T10:21:10
MCH-S-02,short,M,305.358,338.286,1601.668,90.0,78.329,2026-02-01T10:21:20
MCH-S-02,short,M,305.228,338.0,1609.329,90.0,78.553,2026-02-01T10:21:30
MCH-S-02,short,M,305.057,337.774,1630.576,90.0,78.707,2026-02-01T10:21:40
MCH-S-02,short,M,305.05,337.782,1648.475,90.0,78.869,2026-02-01T10:21:50
MCH-S-02,short,M,305.195,337.555,1670.338,90.0,79.022,2026-02-01T10:22:00
MCH-S-02,short,M,305.195,337.469,1674.224,90.0,79.209,2026-02-01T10:22:10
MCH-S-02,short,M,305.168,337.461,1684.657,90.0,79.31,2026-02-01T10:22:20
MCH-S-02,short,M,305.236,337.253,1704.268,90.0,79.479,2026-02-01T10:22:30
MCH-S-02,short,M,305.286,337.288,1705.872,90.0,79.655,2026-02-01T10:22:40
MCH-S-02,short,M,305.275,337.389,1727.19,90.0,79.874,2026-02-01T10:22:50
MCH-S-02,short,M,305.24,337.37,1748.179,90.0,80.052,2026-02-01T10:23:00
MCH-S-02,short,M,305.277,337.545,1764.791,90.0,80.096,2026-02-01T10:23:10
MCH-S-02,short,M,305.281,337.481,1771.89,90.0,80.214,2026-02-01T10:23:20
MCH-S-02,short,M,305.286,337.561,1788.844,90.0,80.361,2026-02-01T10:23:30
MCH-S-02,short,M,305.371,337.771,1818.45,90.0,80.597,2026-02-01T10:23:40
MCH-S-02,short,M,305.512,338.001,1843.389,90.0,80.753,2026-02-01T10:23:50
MCH-S-02,short,M,305.558,338.277,1862.365,90.0,80.941,2026-02-01T10:24:00
MCH-S-02,short,M,305.61,338.302,1870.462,90.0,81.138,2026-02-01T10:24:10
MCH-S-02,short,M,305.692,338.43,1879.057,90.0,81.285,2026-02-01T10:24:20
MCH-S-02,short,M,305.798,338.353,1900.0,90.0,81.473,2026-02-01T10:24:30
MCH-S-02,short,M,305.647,338.637,1900.0,90.0,81.634,2026-02-01T10:24:40
MCH-S-02,short,M,305.848,338.682,1900.0,90.0,81.83,2026-02-01T10:24:50
MCH-S-02,short,M,306.014,338.837,1900.0,90.0,82.018,2026-02-01T10:25:00
MCH-S-02,short,M,306.232,339.11,1900.0,90.0,82.097,2026-02-01T10:25:10
MCH-S-02,short,M,306.372,339.368,1900.0,90.0,82.249,2026-02-01T10:25:20
MCH-S-02,short,M,306.646,339.366,1900.0,90.0,82.397,2026-02-01T10:25:30
MCH-S-02,short,M,306.864,339.706,1900.0,90.0,82.549,2026-02-01T10:25:40
MCH-S-02,short,M,307.224,340.0,1900.0,90.0,82.694,2026-02-01T10:25:50
MCH-S-02,short,M,307.427,340.0,1900.0,90.0,82.825,2026-02-01T10:26:00
MCH-S-02,short,M,307.842,340.0,1900.0,90.0,82.963,2026-02-01T10:26:10
MCH-S-02,short,M,307.914,340.0,1900.0,90.0,83.176,2026-02-01T10:26:20
MCH-S-02,short,M,308.09,340.0,1900.0,90.0,83.4,2026-02-01T10:26:30
MCH-S-02,short,M,308.176,340.0,1900.0,90.0,83.533,2026-02-01T10:26:40
MCH-S-02,short,M,308.152,340.0,1900.0,90.0,83.73,2026-02-01T10:26:50
MCH-S-02,short,M,308.435,340.0,1900.0,90.0,83.983,2026-02-01T10:27:00
MCH-S-02,short,M,308.931,340.0,1900.0,90.0,84.192,2026-02-01T10:27:10
MCH-S-02,short,M,309.236,340.0,1900.0,90.0,84.379,2026-02-01T10:27:20
MCH-S-02,short,M,309.582,340.0,1900.0,90.0,84.586,2026-02-01T10:27:30
MCH-S-02,short,M,309.765,340.0,1900.0,90.0,84.711,2026-02-01T10:27:40
MCH-S-02,short,M,310.017,340.0,1900.0,90.0,84.781,2026-02-01T10:27:50
MCH-S-02,short,M,310.463,340.0,1900.0,90.0,84.953,2026-02-01T10:28:00
MCH-S-02,short,M,310.668,340.0,1900.0,90.0,85.134,2026-02-01T10:28:10
MCH-S-02,short,M,311.319,340.0,1900.0,90.0,85.26,2026-02-01T10:28:20
MCH-S-02,short,M,311.612,340.0,1900.0,90.0,85.376,2026-02-01T10:28:30
MCH-S-02,short,M,311.994,340.0,1900.0,90.0,85.595,2026-02-01T10:28:40
MCH-S-02,short,M,312.142,340.0,1900.0,90.0,85.751,2026-02-01T10:28:50
MCH-S-02,short,M,312.568,340.0,1900.0,90.0,85.919,2026-02-01T10:29:00
MCH-S-02,short,M,312.802,340.0,1900.0,90.0,86.112,2026-02-01T10:29:10
MCH-S-02,short,M,313.233,340.0,1900.0,90.0,86.265,2026-02-01T10:29:20
MCH-S-02,short,M,313.628,340.0,1900.0,90.0,86.462,2026-02-01T10:29:30
MCH-S-02,short,M,313.926,340.0,1900.0,90.0,86.554,2026-02-01T10:29:40
MCH-S-02,short,M,314.297,340.0,1900.0,90.0,86.758,2026-02-01T10:29:50
MCH-S-02,short,M,314.572,340.0,1900.0,90.0,86.93,2026-02-01T10:30:00
MCH-S-02,short,M,315.033,340.0,1900.0,90.0,87.113,2026-02-01T10:30:10
MCH-S-02,short,M,315.183,340.0,1900.0,90.0,87.263,2026-02-01T10:30:20
MCH-S-02,short,M,315.741,340.0,1900.0,90.0,87.436,2026-02-01T10:30:30
MCH-S-02,short,M,315.952,340.0,1900.0,90.0,87.617,2026-02-01T10:30:40
MCH-S-02,short,M,316.379,340.0,1900.0,89.901,87.713,2026-02-01T10:30:50
MCH-S-02,short,M,316.998,340.0,1900.0,88.519,87.927,2026-02-01T10:31:00
MCH-S-02,short,M,317.605,340.0,1900.0,87.64,88.184,2026-02-01T10:31:10
MCH-S-02,short,M,318.047,340.0,1900.0,86.765,88.342,2026-02-01T10:31:20
MCH-S-02,short,M,318.489,340.0,1900.0,86.3,88.474,2026-02-01T10:31:30
MCH-S-02,short,M,319.011,340.0,1900.0,85.733,88.71,2026-02-01T10:31:40
MCH-S-02,short,M,319.597,340.0,1900.0,85.462,88.897,2026-02-01T10:31:50
MCH-S-02,short,M,320.0,340.0,1900.0,84.91,89.125,2026-02-01T10:32:00
MCH-S-02,short,M,320.0,340.0,1900.0,83.36,89.339,2026-02-01T10:32:10
MCH-S-02,short,M,320.0,340.0,1900.0,83.134,89.453,2026-02-01T10:32:20
MCH-S-02,short,M,320.0,340.0,1900.0,82.982,89.545,2026-02-01T10:32:30
MCH-S-02,short,M,320.0,340.0,1900.0,82.453,89.724,2026-02-01T10:32:40
MCH-S-02,short,M,320.0,340.0,1900.0,82.209,89.923,2026-02-01T10:32:50
MCH-S-02,short,M,320.0,340.0,1900.0,81.674,90.072,2026-02-01T10:33:00
MCH-S-02,short,M,320.0,340.0,1900.0,81.519,90.232,2026-02-01T10:33:10
MCH-S-02,short,M,320.0,340.0,1900.0,81.244,90.398,2026-02-01T10:33:20
MCH-S-02,short,M,320.0,340.0,1900.0,80.766,90.555,2026-02-01T10:33:30
MCH-S-02,short,M,320.0,340.0,1900.0,80.702,90.741,2026-02-01T10:33:40
MCH-S-02,short,M,320.0,340.0,1900.0,79.723,90.88,2026-02-01T10:33:50
MCH-S-02,short,M,320.0,340.0,1900.0,78.874,91.032,2026-02-01T10:34:00
MCH-S-02,short,M,320.0,340.0,1900.0,78.62,91.163,2026-02-01T10:34:10
MCH-S-02,short,M,320.0,340.0,1900.0,77.958,91.314,2026-02-01T10:34:20
MCH-S-02,short,M,320.0,340.0,1900.0,77.676,91.518,2026-02-01T10:34:30
MCH-S-02,short,M,320.0,340.0,1900.0,77.294,91.594,2026-02-01T10:34:40
MCH-S-02,short,M,320.0,340.0,1900.0,77.369,91.74,2026-02-01T10:34:50
MCH-S-02,short,M,320.0,340.0,1900.0,77.363,91.95,2026-02-01T10:35:00
MCH-S-02,short,M,320.0,340.0,1900.0,77.03,92.086,2026-02-01T10:35:10
MCH-S-02,short,M,320.0,340.0,1900.0,76.668,92.196,2026-02-01T10:35:20
MCH-S-02,short,M,320.0,340.0,1900.0,76.251,92.366,2026-02-01T10:35:30
MCH-S-02,short,M,320.0,340.0,1900.0,76.106,92.61,2026-02-01T10:35:40
MCH-S-02,short,M,320.0,340.0,1900.0,76.025,92.792,2026-02-01T10:35:50
MCH-S-02,short,M,320.0,340.0,1900.0,75.571,92.899,2026-02-01T10:36:00
MCH-S-02,short,M,320.0,340.0,1900.0,75.589,93.082,2026-02-01T10:36:10
MCH-S-02,short,M,320.0,340.0,1900.0,75.02,93.253,2026-02-01T10:36:20
MCH-S-02,short,M,320.0,340.0,1900.0,74.788,93.351,2026-02-01T10:36:30
MCH-S-02,short,M,320.0,340.0,1900.0,74.286,93.516,2026-02-01T10:36:40
MCH-S-02,short,M,320.0,340.0,1900.0,73.699,93.666,2026-02-01T10:36:50
MCH-S-02,short,M,320.0,340.0,1900.0,73.776,93.847,2026-02-01T10:37:00
MCH-S-02,short,M,320.0,340.0,1900.0,72.81,93.953,2026-02-01T10:37:10
MCH-S-02,short,M,320.0,340.0,1900.0,72.304,94.113,2026-02-01T10:37:20
MCH-S-02,short,M,320.0,340.0,1900.0,72.688,94.309,2026-02-01T10:37:30
MCH-S-02,short,M,320.0,340.0,1900.0,72.445,94.43,2026-02-01T10:37:40
MCH-S-02,short,M,320.0,340.0,1900.0,72.462,94.584,2026-02-01T10:37:50
MCH-S-02,short,M,320.0,340.0,1900.0,72.299,94.82,2026-02-01T10:38:00
MCH-S-02,short,M,320.0,340.0,1900.0,72.731,94.964,2026-02-01T10:38:10
MCH-S-02,short,M,320.0,340.0,1900.0,72.353,95.121,2026-02-01T10:38:20
MCH-S-02,short,M,320.0,340.0,1900.0,72.312,95.221,2026-02-01T10:38:30
MCH-S-02,short,M,320.0,340.0,1900.0,72.337,95.435,2026-02-01T10:38:40
MCH-S-02,short,M,320.0,340.0,1900.0,72.17,95.574,2026-02-01T10:38:50
MCH-S-02,short,M,320.0,340.0,1900.0,72.335,95.704,2026-02-01T10:39:00
MCH-S-02,short,M,320.0,340.0,1900.0,72.106,95.837,2026-02-01T10:39:10
MCH-S-02,short,M,320.0,340.0,1900.0,72.867,96.035,2026-02-01T10:39:20
MCH-S-02,short,M,320.0,340.0,1900.0,72.828,96.237,2026-02-01T10:39:30
MCH-S-02,short,M,320.0,340.0,1900.0,72.646,96.373,2026-02-01T10:39:40
MCH-S-02,short,M,320.0,340.0,1900.0,72.891,96.506,2026-02-01T10:39:50
MCH-S-02,short,M,320.0,340.0,1900.0,72.917,96.68,2026-02-01T10:40:00
MCH-S-02,short,M,320.0,340.0,1900.0,73.268,96.829,2026-02-01T10:40:10
MCH-S-02,short,M,320.0,340.0,1900.0,73.653,97.099,2026-02-01T10:40:20
MCH-S-02,short,M,320.0,340.0,1900.0,73.709,97.301,2026-02-01T10:40:30
MCH-S-02,short,M,320.0,340.0,1900.0,73.898,97.485,2026-02-01T10:40:40
MCH-S-02,short,M,320.0,340.0,1900.0,74.113,97.636,2026-02-01T10:40:50
MCH-S-02,short,M,320.0,340.0,1900.0,74.443,97.782,2026-02-01T10:41:00
MCH-S-02,short,M,320.0,340.0,1900.0,74.746,98.026,2026-02-01T10:41:10
MCH-S-02,short,M,320.0,340.0,1900.0,74.65,98.233,2026-02-01T10:41:20
MCH-S-02,short,M,320.0,340.0,1900.0,75.328,98.357,2026-02-01T10:41:30
MCH-S-02,short,M,320.0,340.0,1900.0,75.515,98.506,2026-02-01T10:41:40
MCH-S-02,short,M,320.0,340.0,1900.0,75.664,98.741,2026-02-01T10:41:50
MCH-S-02,short,M,320.0,340.0,1900.0,76.077,98.853,2026-02-01T10:42:00
MCH-S-02,short,M,320.0,340.0,1900.0,76.255,98.981,2026-02-01T10:42:10
MCH-S-02,short,M,320.0,340.0,1900.0,76.155,99.169,2026-02-01T10:42:20
MCH-S-02,short,M,320.0,340.0,1900.0,76.405,99.342,2026-02-01T10:42:30
MCH-S-02,short,M,320.0,340.0,1900.0,76.746,99.44,2026-02-01T10:42:40
MCH-S-02,short,M,320.0,340.0,1900.0,77.493,99.647,2026-02-01T10:42:50
MCH-S-02,short,M,320.0,340.0,1900.0,78.14,99.837,2026-02-01T10:43:00
MCH-S-02,short,M,320.0,340.0,1900.0,78.604,99.986,2026-02-01T10:43:10
MCH-S-02,short,M,320.0,340.0,1900.0,79.186,100.104,2026-02-01T10:43:20
MCH-S-02,short,M,320.0,340.0,1900.0,79.538,100.15,2026-02-01T10:43:30
MCH-S-02,short,M,320.0,340.0,1900.0,80.426,100.303,2026-02-01T10:43:40
MCH-S-02,short,M,320.0,340.0,1900.0,85.052,100.423,2026-02-01T10:43:50
MCH-S-02,short,M,320.0,340.0,1900.0,85.557,100.554,2026-02-01T10:44:00
MCH-S-02,short,M,320.0,340.0,1900.0,86.027,100.781,2026-02-01T10:44:10
MCH-S-02,short,M,320.0,340.0,1900.0,86.186,100.989,2026-02-01T10:44:20
MCH-S-02,short,M,320.0,340.0,1900.0,86.774,101.122,2026-02-01T10:44:30
MCH-S-02,short,M,320.0,340.0,1900.0,86.861,101.302,2026-02-01T10:44:40
MCH-S-02,short,M,320.0,340.0,1900.0,86.933,101.426,2026-02-01T10:44:50
MCH-S-02,short,M,320.0,340.0,1900.0,87.314,101.715,2026-02-01T10:45:00
MCH-S-02,short,M,320.0,340.0,1900.0,90.0,101.893,2026-02-01T10:45:10
MCH-S-02,short,M,320.0,340.0,1900.0,90.0,102.139,2026-02-01T10:45:20
MCH-S-02,short,M,320.0,340.0,1900.0,90.0,102.218,2026-02-01T10:45:30
MCH-S-02,short,M,320.0,340.0,1900.0,90.0,102.406,2026-02-01T10:45:40
MCH-S-02,short,M,320.0,340.0,1900.0,90.0,102.577,2026-02-01T10:45:50
MCH-S-02,short,M,320.0,340.0,1900.0,90.0,102.763,2026-02-01T10:46:00
MCH-S-02,short,M,320.0,340.0,1900.0,90.0,102.963,2026-02-01T10:46:10
MCH-S-02,short,M,320.0,340.0,1900.0,90.0,103.167,2026-02-01T10:46:20
MCH-S-02,short,M,320.0,340.0,1900.0,90.0,103.371,2026-02-01T10:46:30
MCH-S-02,short,M,320.0,340.0,1900.0,90.0,103.497,2026-02-01T10:46:40
MCH-S-02,short,M,320.0,340.0,1900.0,90.0,103.748,2026-02-01T10:46:50
MCH-S-02,short,M,320.0,340.0,1900.0,90.0,103.889,2026-02-01T10:47:00
MCH-S-02,short,M,320.0,340.0,1900.0,90.0,104.119,2026-02-01T10:47:10
MCH-S-02,short,M,320.0,340.0,1900.0,90.0,104.315,2026-02-01T10:47:20
MCH-S-02,short,M,320.0,340.0,1900.0,90.0,104.522,2026-02-01T10:47:30
MCH-S-02,short,M,320.0,340.0,1900.0,90.0,104.744,2026-02-01T10:47:40
MCH-S-02,short,M,320.0,340.0,1900.0,90.0,104.905,2026-02-01T10:47:50
MCH-S-02,short,M,320.0,340.0,1900.0,90.0,105.05,2026-02-01T10:48:00
MCH-S-02,short,M,320.0,340.0,1900.0,90.0,105.244,2026-02-01T10:48:10
MCH-S-02,short,M,320.0,340.0,1900.0,90.0,105.391,2026-02-01T10:48:20
MCH-S-02,short,M,320.0,340.0,1900.0,90.0,105.538,2026-02-01T10:48:30
MCH-S-02,short,M,320.0,340.0,1900.0,90.0,105.692,2026-02-01T10:48:40
MCH-S-02,short,M,320.0,340.0,1900.0,90.0,105.953,2026-02-01T10:48:50
MCH-S-02,short,M,320.0,340.0,1900.0,90.0,106.105,2026-02-01T10:49:00
MCH-S-02,short,M,320.0,340.0,1900.0,90.0,106.26,2026-02-01T10:49:10
MCH-S-02,short,M,320.0,340.0,1900.0,90.0,106.36,2026-02-01T10:49:20
MCH-S-02,short,M,320.0,340.0,1900.0,90.0,106.476,2026-02-01T10:49:30
MCH-S-02,short,M,320.0,340.0,1900.0,90.0,106.657,2026-02-01T10:49:40
MCH-S-02,short,M,320.0,340.0,1900.0,90.0,106.867,2026-02-01T10:49:50
MCH-S-02,short,M,320.0,340.0,1900.0,90.0,106.991,2026-02-01T10:50:00
MCH-S-02,short,M,320.0,340.0,1900.0,90.0,107.182,2026-02-01T10:50:10
MCH-S-02,short,M,320.0,340.0,1900.0,90.0,107.322,2026-02-01T10:50:20
MCH-S-02,short,M,320.0,340.0,1900.0,90.0,107.483,2026-02-01T10:50:30
MCH-S-02,short,M,320.0,340.0,1900.0,90.0,107.62,2026-02-01T10:50:40
MCH-S-02,short,M,320.0,340.0,1900.0,90.0,107.775,2026-02-01T10:50:50
MCH-S-02,short,M,320.0,340.0,1900.0,90.0,107.926,2026-02-01T10:51:00
MCH-S-02,short,M,320.0,340.0,1900.0,90.0,108.04,2026-02-01T10:51:10
MCH-S-02,short,M,320.0,340.0,1900.0,90.0,108.26,2026-02-01T10:51:20
MCH-S-02,short,M,320.0,340.0,1900.0,90.0,108.309,2026-02-01T10:51:30
MCH-S-02,short,M,320.0,340.0,1900.0,90.0,108.458,2026-02-01T10:51:40
MCH-S-02,short,M,320.0,340.0,1900.0,90.0,108.568,2026-02-01T10:51:50
MCH-S-02,short,M,320.0,340.0,1900.0,90.0,108.721,2026-02-01T10:52:00
MCH-S-02,short,M,320.0,340.0,1900.0,90.0,108.841,2026-02-01T10:52:10
MCH-S-02,short,M,320.0,340.0,1900.0,90.0,108.976,2026-02-01T10:52:20
MCH-S-02,short,M,320.0,340.0,1900.0,90.0,109.086,2026-02-01T10:52:30
MCH-S-02,short,M,320.0,340.0,1900.0,90.0,109.212,2026-02-01T10:52:40
MCH-S-02,short,M,320.0,340.0,1900.0,90.0,109.357,2026-02-01T10:52:50
MCH-S-02,short,M,320.0,340.0,1900.0,90.0,109.459,2026-02-01T10:53:00
MCH-S-02,short,M,320.0,340.0,1900.0,90.0,109.598,2026-02-01T10:53:10
MCH-S-02,short,M,320.0,340.0,1900.0,90.0,109.8,2026-02-01T10:53:20
MCH-S-02,short,M,320.0,340.0,1900.0,90.0,109.92,2026-02-01T10:53:30
MCH-S-02,short,M,320.0,340.0,1900.0,90.0,110.108,2026-02-01T10:53:40
MCH-S-02,short,M,319.705,340.0,1900.0,90.0,110.216,2026-02-01T10:53:50
MCH-S-02,short,M,319.207,340.0,1900.0,90.0,110.366,2026-02-01T10:54:00
MCH-S-02,short,M,318.941,340.0,1900.0,90.0,110.508,2026-02-01T10:54:10
MCH-S-02,short,M,318.536,340.0,1900.0,90.0,110.682,2026-02-01T10:54:20
MCH-S-02,short,M,318.024,340.0,1900.0,90.0,110.868,2026-02-01T10:54:30
MCH-S-02,short,M,317.437,340.0,1900.0,90.0,111.079,2026-02-01T10:54:40
MCH-S-02,short,M,317.101,340.0,1900.0,90.0,111.247,2026-02-01T10:54:50
MCH-S-02,short,M,316.727,340.0,1900.0,90.0,111.442,2026-02-01T10:55:00
MCH-S-02,short,M,316.29,340.0,1900.0,90.0,111.548,2026-02-01T10:55:10
MCH-S-02,short,M,315.853,340.0,1900.0,90.0,111.687,2026-02-01T10:55:20
MCH-S-02,short,M,315.414,340.0,1900.0,90.0,111.859,2026-02-01T10:55:30
MCH-S-02,short,M,315.113,340.0,1900.0,90.0,111.987,2026-02-01T10:55:40
MCH-S-02,short,M,314.989,340.0,1900.0,90.0,112.224,2026-02-01T10:55:50
MCH-S-02,short,M,314.59,340.0,1900.0,90.0,112.351,2026-02-01T10:56:00
MCH-S-02,short,M,314.356,340.0,1900.0,90.0,112.526,2026-02-01T10:56:10
MCH-S-02,short,M,313.984,340.0,1900.0,90.0,112.703,2026-02-01T10:56:20
MCH-S-02,short,M,313.724,340.0,1900.0,90.0,112.834,2026-02-01T10:56:30
MCH-S-02,short,M,313.459,340.0,1900.0,90.0,112.973,2026-02-01T10:56:40
MCH-S-02,short,M,313.251,340.0,1900.0,90.0,113.113,2026-02-01T10:56:50
MCH-S-02,short,M,312.941,340.0,1900.0,90.0,113.264,2026-02-01T10:57:00
MCH-S-02,short,M,312.626,340.0,1900.0,90.0,113.462,2026-02-01T10:57:10
MCH-S-02,short,M,312.297,340.0,1900.0,90.0,113.697,2026-02-01T10:57:20
MCH-S-02,short,M,312.164,340.0,1900.0,90.0,113.766,2026-02-01T10:57:30
MCH-S-02,short,M,311.95,340.0,1900.0,90.0,113.926,2026-02-01T10:57:40
MCH-S-02,short,M,311.705,340.0,1900.0,90.0,114.095,2026-02-01T10:57:50
MCH-S-02,short,M,311.243,340.0,1900.0,90.0,114.267,2026-02-01T10:58:00
MCH-S-02,short,M,310.964,340.0,1900.0,90.0,114.532,2026-02-01T10:58:10
MCH-S-02,short,M,310.629,340.0,1900.0,90.0,114.699,2026-02-01T10:58:20
MCH-S-02,short,M,310.488,340.0,1900.0,90.0,114.924,2026-02-01T10:58:30
MCH-S-02,short,M,310.349,340.0,1900.0,90.0,115.158,2026-02-01T10:58:40
MCH-S-02,short,M,310.284,340.0,1900.0,90.0,115.323,2026-02-01T10:58:50
MCH-S-02,short,M,310.022,340.0,1900.0,90.0,115.459,2026-02-01T10:59:00
MCH-S-02,short,M,310.047,340.0,1900.0,90.0,115.652,2026-02-01T10:59:10
MCH-S-02,short,M,309.873,340.0,1900.0,90.0,115.831,2026-02-01T10:59:20
MCH-S-02,short,M,309.807,340.0,1900.0,90.0,116.035,2026-02-01T10:59:30
MCH-S-02,short,M,309.677,340.0,1900.0,90.0,116.209,2026-02-01T10:59:40
MCH-S-02,short,M,309.569,340.0,1900.0,90.0,116.337,2026-02-01T10:59:50
MCH-S-02,short,M,309.514,340.0,1900.0,90.0,116.503,2026-02-01T11:00:00
MCH-S-02,short,M,309.268,340.0,1900.0,90.0,116.722,2026-02-01T11:00:10
MCH-S-02,short,M,309.186,340.0,1900.0,90.0,116.847,2026-02-01T11:00:20
MCH-S-02,short,M,309.134,340.0,1900.0,90.0,117.004,2026-02-01T11:00:30
MCH-S-02,short,M,309.158,340.0,1900.0,90.0,117.105,2026-02-01T11:00:40
MCH-S-02,short,M,309.185,340.0,1900.0,90.0,117.327,2026-02-01T11:00:50
MCH-S-02,short,M,309.129,340.0,1900.0,90.0,117.439,2026-02-01T11:01:00
MCH-S-02,short,M,309.377,340.0,1900.0,90.0,117.594,2026-02-01T11:01:10
MCH-S-02,short,M,309.222,340.0,1900.0,90.0,117.762,2026-02-01T11:01:20
MCH-S-02,short,M,309.379,340.0,1900.0,90.0,117.913,2026-02-01T11:01:30
MCH-S-02,short,M,309.265,340.0,1900.0,90.0,118.096,2026-02-01T11:01:40
MCH-S-02,short,M,309.245,340.0,1893.809,90.0,118.296,2026-02-01T11:01:50
MCH-S-02,short,M,309.276,340.0,1873.354,90.0,118.463,2026-02-01T11:02:00
MCH-S-02,short,M,309.368,340.0,1851.366,90.0,118.647,2026-02-01T11:02:10
MCH-S-02,short,M,309.558,340.0,1772.975,90.0,118.766,2026-02-01T11:02:20
MCH-S-02,short,M,309.651,340.0,1757.292,90.0,118.916,2026-02-01T11:02:30
MCH-S-02,short,M,309.643,340.0,1745.801,90.0,119.105,2026-02-01T11:02:40
MCH-S-02,short,M,309.696,340.0,1724.62,90.0,119.236,2026-02-01T11:02:50
MCH-S-02,short,M,309.924,340.0,1695.566,90.0,119.439,2026-02-01T11:03:00
MCH-S-02,short,M,310.074,340.0,1677.51,90.0,119.636,2026-02-01T11:03:10
MCH-S-02,short,M,310.239,340.0,1657.873,90.0,119.798,2026-02-01T11:03:20
MCH-S-02,short,M,310.501,340.0,1622.076,90.0,119.939,2026-02-01T11:03:30
MCH-S-02,short,M,310.597,340.0,1597.73,90.0,120.017,2026-02-01T11:03:40
MCH-S-02,short,M,310.772,340.0,1591.364,90.0,120.175,2026-02-01T11:03:50
MCH-S-02,short,M,311.08,340.0,1580.567,90.0,120.258,2026-02-01T11:04:00
MCH-S-02,short,M,311.499,340.0,1562.717,90.0,120.405,2026-02-01T11:04:10
MCH-S-02,short,M,311.798,340.0,1554.678,90.0,120.556,2026-02-01T11:04:20
MCH-S-02,short,M,311.722,340.0,1531.973,90.0,120.671,2026-02-01T11:04:30
MCH-S-02,short,M,311.901,340.0,1515.786,90.0,120.911,2026-02-01T11:04:40
MCH-S-02,short,M,312.004,340.0,1500.638,90.0,121.058,2026-02-01T11:04:50
MCH-S-02,short,M,312.364,340.0,1485.531,90.0,121.225,2026-02-01T11:05:00
MCH-S-02,short,M,312.68,340.0,1456.658,90.0,121.392,2026-02-01T11:05:10
MCH-S-02,short,M,312.786,340.0,1453.601,90.0,121.602,2026-02-01T11:05:20
MCH-S-02,short,M,312.847,340.0,1441.742,90.0,121.676,2026-02-01T11:05:30
MCH-S-02,short,M,312.973,340.0,1433.226,90.0,121.851,2026-02-01T11:05:40
MCH-S-02,short,M,313.103,340.0,1415.035,90.0,121.924,2026-02-01T11:05:50
MCH-S-02,short,M,313.267,340.0,1399.737,90.0,122.075,2026-02-01T11:06:00
MCH-S-02,short,M,313.334,340.0,1373.679,90.0,122.158,2026-02-01T11:06:10
MCH-S-02,short,M,313.612,340.0,1353.484,90.0,122.297,2026-02-01T11:06:20
MCH-S-02,short,M,313.718,340.0,1339.925,90.0,122.458,2026-02-01T11:06:30
MCH-S-02,short,M,313.962,340.0,1327.577,90.0,122.654,2026-02-01T11:06:40
MCH-S-02,short,M,314.349,340.0,1320.872,90.0,122.882,2026-02-01T11:06:50
MCH-S-02,short,M,314.534,340.0,1303.764,90.0,122.987,2026-02-01T11:07:00
MCH-S-02,short,M,314.682,340.0,1290.856,90.0,123.152,2026-02-01T11:07:10
MCH-S-02,short,M,315.222,340.0,1272.94,90.0,123.366,2026-02-01T11:07:20
MCH-S-02,short,M,315.272,340.0,1259.047,90.0,123.545,2026-02-01T11:07:30
MCH-S-02,short,M,315.474,340.0,1241.404,90.0,123.747,2026-02-01T11:07:40
MCH-S-02,short,M,315.806,340.0,1228.826,90.0,123.911,2026-02-01T11:07:50
MCH-S-02,short,M,316.142,340.0,1232.827,90.0,124.083,2026-02-01T11:08:00
MCH-S-02,short,M,316.456,340.0,1232.612,90.0,124.257,2026-02-01T11:08:10
MCH-S-02,short,M,316.729,340.0,1216.951,90.0,124.378,2026-02-01T11:08:20
MCH-S-02,short,M,317.004,340.0,1205.798,90.0,124.484,2026-02-01T11:08:30
MCH-S-02,short,M,317.347,340.0,1196.754,90.0,124.612,2026-02-01T11:08:40
MCH-S-02,short,M,317.594,340.0,1184.731,90.0,124.778,2026-02-01T11:08:50
MCH-S-02,short,M,317.782,340.0,1176.768,90.0,124.956,2026-02-01T11:09:00
MCH-S-02,short,M,317.83,340.0,1152.154,90.0,125.131,2026-02-01T11:09:10
MCH-S-02,short,M,318.005,340.0,1150.017,90.0,125.249,2026-02-01T11:09:20
MCH-S-02,short,M,318.302,340.0,1133.232,90.0,125.393,2026-02-01T11:09:30
MCH-S-02,short,M,318.709,340.0,1120.207,90.0,125.631,2026-02-01T11:09:40
MCH-S-02,short,M,318.697,340.0,1107.195,90.0,125.837,2026-02-01T11:09:50
MCH-S-02,short,M,318.897,340.0,1103.749,90.0,126.017,2026-02-01T11:10:00
MCH-S-02,short,M,319.28,340.0,1100.0,90.0,126.217,2026-02-01T11:10:10
MCH-S-02,short,M,319.665,340.0,1100.0,90.0,126.376,2026-02-01T11:10:20
MCH-S-02,short,M,319.805,340.0,1100.0,90.0,126.548,2026-02-01T11:10:30
MCH-S-02,short,M,320.0,340.0,1100.0,90.0,126.664,2026-02-01T11:10:40
MCH-S-02,short,M,320.0,340.0,1100.0,90.0,126.831,2026-02-01T11:10:50
MCH-S-02,short,M,320.0,340.0,1100.0,90.0,126.987,2026-02-01T11:11:00
MCH-S-02,short,M,320.0,340.0,1100.0,90.0,127.106,2026-02-01T11:11:10
MCH-S-02,short,M,320.0,340.0,1100.0,90.0,127.243,2026-02-01T11:11:20
MCH-S-02,short,M,320.0,340.0,1100.0,90.0,127.429,2026-02-01T11:11:30
MCH-S-02,short,M,320.0,340.0,1100.0,90.0,127.596,2026-02-01T11:11:40
MCH-S-02,short,M,320.0,340.0,1100.0,90.0,127.747,2026-02-01T11:11:50
MCH-S-02,short,M,320.0,340.0,1100.0,90.0,127.893,2026-02-01T11:12:00
MCH-S-02,short,M,320.0,340.0,1100.0,90.0,128.097,2026-02-01T11:12:10
MCH-S-02,short,M,320.0,340.0,1100.0,90.0,128.321,2026-02-01T11:12:20
MCH-S-02,short,M,320.0,340.0,1100.0,90.0,128.506,2026-02-01T11:12:30
MCH-S-02,short,M,320.0,340.0,1100.0,90.0,128.627,2026-02-01T11:12:40
MCH-S-02,short,M,320.0,340.0,1100.0,90.0,128.704,2026-02-01T11:12:50
MCH-S-02,short,M,320.0,340.0,1100.0,90.0,128.936,2026-02-01T11:13:00
MCH-S-02,short,M,320.0,340.0,1100.0,90.0,129.089,2026-02-01T11:13:10
MCH-S-02,short,M,320.0,340.0,1100.0,90.0,129.275,2026-02-01T11:13:20
MCH-S-02,short,M,320.0,340.0,1100.0,90.0,129.404,2026-02-01T11:13:30
MCH-S-02,short,M,320.0,340.0,1100.0,90.0,129.552,2026-02-01T11:13:40
MCH-S-02,short,M,320.0,340.0,1100.0,90.0,129.696,2026-02-01T11:13:50
MCH-S-02,short,M,320.0,340.0,1100.0,90.0,129.925,2026-02-01T11:14:00
MCH-S-02,short,M,320.0,340.0,1100.0,90.0,130.067,2026-02-01T11:14:10
MCH-S-02,short,M,320.0,340.0,1100.0,90.0,130.262,2026-02-01T11:14:20
MCH-S-02,short,M,320.0,340.0,1110.687,90.0,130.426,2026-02-01T11:14:30
MCH-S-02,short,M,320.0,340.0,1128.374,90.0,130.608,2026-02-01T11:14:40
MCH-S-02,short,M,320.0,340.0,1131.043,90.0,130.772,2026-02-01T11:14:50
MCH-S-02,short,M,320.0,340.0,1131.567,90.0,130.859,2026-02-01T11:15:00
MCH-S-02,short,M,320.0,340.0,1145.13,90.0,131.01,2026-02-01T11:15:10
MCH-S-02,short,M,320.0,340.0,1143.664,90.0,131.224,2026-02-01T11:15:20
MCH-S-02,short,M,320.0,340.0,1147.323,90.0,131.381,2026-02-01T11:15:30
MCH-S-02,short,M,320.0,340.0,1166.896,90.0,131.548,2026-02-01T11:15:40
MCH-S-02,short,M,320.0,340.0,1184.712,90.0,131.683,2026-02-01T11:15:50
MCH-S-02,short,M,320.0,340.0,1194.549,90.0,131.896,2026-02-01T11:16:00
MCH-S-02,short,M,320.0,340.0,1207.077,90.0,131.983,2026-02-01T11:16:10
MCH-S-02,short,M,320.0,340.0,1208.989,90.0,132.117,2026-02-01T11:16:20
MCH-S-02,short,M,320.0,340.0,1235.571,90.0,132.224,2026-02-01T11:16:30
MCH-S-02,short,M,320.0,340.0,1255.033,90.0,132.309,2026-02-01T11:16:40
MCH-S-02,short,M,320.0,340.0,1262.639,90.0,132.455,2026-02-01T11:16:50
MCH-S-02,short,M,320.0,340.0,1258.998,90.0,132.564,2026-02-01T11:17:00
MCH-S-02,short,M,320.0,340.0,1327.828,90.0,132.732,2026-02-01T11:17:10
MCH-S-02,short,M,320.0,340.0,1333.917,90.0,132.863,2026-02-01T11:17:20
MCH-S-02,short,M,320.0,340.0,1331.858,90.0,133.066,2026-02-01T11:17:30
MCH-S-02,short,M,320.0,340.0,1248.35,90.0,133.196,2026-02-01T11:17:40
MCH-S-02,short,M,320.0,340.0,1260.026,90.0,133.378,2026-02-01T11:17:50
MCH-S-02,short,M,320.0,340.0,1286.684,90.0,133.55,2026-02-01T11:18:00
MCH-S-02,short,M,320.0,340.0,1298.964,90.0,133.738,2026-02-01T11:18:10
MCH-S-02,short,M,320.0,340.0,1320.293,90.0,133.93,2026-02-01T11:18:20
MCH-S-02,short,M,320.0,340.0,1332.06,90.0,134.143,2026-02-01T11:18:30
MCH-S-02,short,M,320.0,340.0,1344.519,90.0,134.315,2026-02-01T11:18:40
MCH-S-02,short,M,320.0,340.0,1363.792,90.0,134.439,2026-02-01T11:18:50
MCH-S-02,short,M,320.0,340.0,1379.844,90.0,134.666,2026-02-01T11:19:00
MCH-S-02,short,M,320.0,340.0,1397.23,90.0,134.847,2026-02-01T11:19:10
MCH-S-02,short,M,320.0,340.0,1405.171,90.0,135.035,2026-02-01T11:19:20
MCH-S-02,short,M,320.0,340.0,1437.814,90.0,135.115,2026-02-01T11:19:30
MCH-S-02,short,M,320.0,340.0,1457.709,90.0,135.325,2026-02-01T11:19:40
MCH-S-02,short,M,320.0,340.0,1466.673,90.0,135.539,2026-02-01T11:19:50
MCH-S-02,short,M,320.0,340.0,1414.194,90.0,135.767,2026-02-01T11:20:00
MCH-S-02,short,M,320.0,340.0,1423.498,90.0,135.957,2026-02-01T11:20:10
MCH-S-02,short,M,320.0,340.0,1436.866,90.0,136.187,2026-02-01T11:20:20
MCH-S-02,short,M,320.0,340.0,1453.22,90.0,136.318,2026-02-01T11:20:30
MCH-S-02,short,M,320.0,340.0,1465.425,90.0,136.483,2026-02-01T11:20:40
MCH-S-02,short,M,320.0,340.0,1498.12,90.0,136.659,2026-02-01T11:20:50
MCH-S-02,short,M,320.0,340.0,1523.847,90.0,136.826,2026-02-01T11:21:00
MCH-S-02,short,M,320.0,340.0,1558.413,90.0,136.996,2026-02-01T11:21:10
MCH-S-02,short,M,320.0,340.0,1585.937,90.0,137.131,2026-02-01T11:21:20
MCH-S-02,short,M,320.0,340.0,1620.276,90.0,137.286,2026-02-01T11:21:30
MCH-S-02,short,M,320.0,340.0,1645.053,90.0,137.399,2026-02-01T11:21:40
MCH-S-02,short,M,320.0,340.0,1670.578,90.0,137.617,2026-02-01T11:21:50
MCH-S-02,short,M,320.0,340.0,1684.147,90.0,137.783,2026-02-01T11:22:00
MCH-S-02,short,M,320.0,340.0,1714.966,90.0,137.902,2026-02-01T11:22:10
MCH-S-02,short,M,320.0,340.0,1724.863,90.0,138.083,2026-02-01T11:22:20
MCH-S-02,short,M,320.0,340.0,1763.569,90.0,138.223,2026-02-01T11:22:30
MCH-S-02,short,M,319.53,340.0,1782.252,90.0,138.389,2026-02-01T11:22:40
MCH-S-02,short,M,319.33,340.0,1800.435,90.0,138.512,2026-02-01T11:22:50
MCH-S-02,short,M,319.095,340.0,1814.546,90.0,138.693,2026-02-01T11:23:00
MCH-S-02,short,M,318.686,340.0,1839.975,90.0,138.865,2026-02-01T11:23:10
MCH-S-02,short,M,318.421,340.0,1856.427,90.0,139.028,2026-02-01T11:23:20
MCH-S-02,short,M,318.175,340.0,1876.382,90.0,139.208,2026-02-01T11:23:30
MCH-S-02,short,M,317.865,340.0,1896.114,90.0,139.419,2026-02-01T11:23:40
MCH-S-02,short,M,317.481,340.0,1900.0,90.0,139.526,2026-02-01T11:23:50
MCH-S-02,short,M,317.329,340.0,1900.0,90.0,139.656,2026-02-01T11:24:00
MCH-S-02,short,M,317.123,340.0,1900.0,90.0,139.843,2026-02-01T11:24:10
MCH-S-02,short,M,316.764,340.0,1900.0,90.0,140.027,2026-02-01T11:24:20
MCH-S-02,short,M,316.714,340.0,1900.0,90.0,140.129,2026-02-01T11:24:30
MCH-S-02,short,M,316.53,340.0,1900.0,90.0,140.283,2026-02-01T11:24:40
MCH-S-02,short,M,316.369,340.0,1900.0,90.0,140.473,2026-02-01T11:24:50
MCH-S-02,short,M,316.08,340.0,1900.0,90.0,140.688,2026-02-01T11:25:00
MCH-S-02,short,M,315.777,340.0,1900.0,90.0,140.841,2026-02-01T11:25:10
MCH-S-02,short,M,315.468,340.0,1900.0,90.0,140.978,2026-02-01T11:25:20
MCH-S-02,short,M,315.182,340.0,1900.0,90.0,141.153,2026-02-01T11:25:30
MCH-S-02,short,M,315.048,340.0,1900.0,90.0,141.277,2026-02-01T11:25:40
MCH-S-02,short,M,314.812,340.0,1900.0,90.0,141.432,2026-02-01T11:25:50
MCH-S-02,short,M,314.666,340.0,1900.0,90.0,141.613,2026-02-01T11:26:00
MCH-S-02,short,M,314.392,340.0,1900.0,90.0,141.763,2026-02-01T11:26:10
MCH-S-02,short,M,314.134,340.0,1900.0,90.0,141.939,2026-02-01T11:26:20
MCH-S-02,short,M,313.876,340.0,1900.0,90.0,142.125,2026-02-01T11:26:30
MCH-S-02,short,M,313.898,340.0,1900.0,90.0,142.244,2026-02-01T11:26:40
MCH-S-02,short,M,313.644,340.0,1900.0,90.0,142.396,2026-02-01T11:26:50
MCH-S-02,short,M,313.594,340.0,1900.0,90.0,142.574,2026-02-01T11:27:00
MCH-S-02,short,M,313.566,340.0,1900.0,90.0,142.754,2026-02-01T11:27:10
MCH-S-02,short,M,313.472,340.0,1900.0,90.0,142.915,2026-02-01T11:27:20
MCH-S-02,short,M,313.42,340.0,1900.0,90.0,143.068,2026-02-01T11:27:30
MCH-S-02,short,M,313.241,340.0,1900.0,90.0,143.253,2026-02-01T11:27:40
MCH-S-02,short,M,313.154,340.0,1900.0,90.0,143.509,2026-02-01T11:27:50
MCH-S-02,short,M,313.041,340.0,1900.0,90.0,143.653,2026-02-01T11:28:00
MCH-S-02,short,M,312.882,340.0,1900.0,90.0,143.804,2026-02-01T11:28:10
MCH-S-02,short,M,312.833,340.0,1900.0,90.0,143.942,2026-02-01T11:28:20
MCH-S-02,short,M,312.754,340.0,1900.0,90.0,144.215,2026-02-01T11:28:30
MCH-S-02,short,M,312.656,340.0,1900.0,90.0,144.425,2026-02-01T11:28:40
MCH-S-02,short,M,312.43,340.0,1900.0,90.0,144.657,2026-02-01T11:28:50
MCH-S-02,short,M,312.432,340.0,1900.0,90.0,144.784,2026-02-01T11:29:00
MCH-S-02,short,M,312.434,340.0,1900.0,90.0,144.941,2026-02-01T11:29:10
MCH-S-02,short,M,312.36,340.0,1900.0,90.0,145.114,2026-02-01T11:29:20
MCH-S-02,short,M,312.337,340.0,1900.0,90.0,145.254,2026-02-01T11:29:30
MCH-S-02,short,M,312.375,340.0,1900.0,90.0,145.393,2026-02-01T11:29:40
MCH-S-02,short,M,312.266,340.0,1900.0,90.0,145.579,2026-02-01T11:29:50
MCH-S-02,short,M,312.208,340.0,1900.0,90.0,145.742,2026-02-01T11:30:00
MCH-S-02,short,M,312.298,340.0,1900.0,90.0,145.907,2026-02-01T11:30:10
MCH-S-02,short,M,312.135,340.0,1900.0,90.0,146.125,2026-02-01T11:30:20
MCH-S-02,short,M,312.214,340.0,1900.0,90.0,146.281,2026-02-01T11:30:30
MCH-S-02,short,M,312.276,340.0,1900.0,90.0,146.413,2026-02-01T11:30:40
MCH-S-02,short,M,312.417,340.0,1900.0,90.0,146.606,2026-02-01T11:30:50
MCH-S-02,short,M,312.534,340.0,1900.0,90.0,146.723,2026-02-01T11:31:00
MCH-S-02,short,M,312.58,340.0,1900.0,90.0,146.945,2026-02-01T11:31:10
MCH-S-02,short,M,312.601,340.0,1900.0,90.0,147.096,2026-02-01T11:31:20
MCH-S-02,short,M,312.887,340.0,1900.0,90.0,147.229,2026-02-01T11:31:30
MCH-S-02,short,M,312.966,340.0,1900.0,90.0,147.402,2026-02-01T11:31:40
MCH-S-02,short,M,312.96,340.0,1900.0,90.0,147.589,2026-02-01T11:31:50
MCH-S-02,short,M,312.999,340.0,1900.0,90.0,147.884,2026-02-01T11:32:00
MCH-S-02,short,M,313.103,340.0,1900.0,90.0,148.079,2026-02-01T11:32:10
MCH-S-02,short,M,313.268,340.0,1900.0,90.0,148.181,2026-02-01T11:32:20
MCH-S-02,short,M,313.512,340.0,1900.0,90.0,148.29,2026-02-01T11:32:30
MCH-S-02,short,M,313.904,340.0,1900.0,90.0,148.456,2026-02-01T11:32:40
MCH-S-02,short,M,314.12,340.0,1900.0,90.0,148.636,2026-02-01T11:32:50
MCH-S-02,short,M,314.483,340.0,1900.0,90.0,148.769,2026-02-01T11:33:00
MCH-S-02,short,M,314.682,340.0,1900.0,90.0,148.958,2026-02-01T11:33:10
MCH-S-02,short,M,314.931,340.0,1900.0,90.0,149.114,2026-02-01T11:33:20
MCH-S-02,short,M,315.269,340.0,1900.0,90.0,149.3,2026-02-01T11:33:30
MCH-S-02,short,M,315.559,340.0,1900.0,90.0,149.473,2026-02-01T11:33:40
MCH-S-02,short,M,315.706,340.0,1900.0,90.0,149.552,2026-02-01T11:33:50
MCH-S-02,short,M,316.0,340.0,1900.0,90.0,149.668,2026-02-01T11:34:00
MCH-S-02,short,M,316.189,340.0,1900.0,90.0,149.879,2026-02-01T11:34:10
MCH-S-02,short,M,316.451,340.0,1900.0,90.0,149.973,2026-02-01T11:34:20
MCH-S-02,short,M,316.825,340.0,1900.0,90.0,150.151,2026-02-01T11:34:30
MCH-S-02,short,M,317.182,340.0,1900.0,90.0,150.22,2026-02-01T11:34:40
MCH-S-02,short,M,317.457,340.0,1900.0,90.0,150.387,2026-02-01T11:34:50
MCH-S-02,short,M,317.748,340.0,1900.0,90.0,150.49,2026-02-01T11:35:00
MCH-S-02,short,M,318.198,340.0,1900.0,90.0,150.611,2026-02-01T11:35:10
MCH-S-02,short,M,318.561,340.0,1900.0,90.0,150.748,2026-02-01T11:35:20
MCH-S-02,short,M,319.063,340.0,1900.0,90.0,150.913,2026-02-01T11:35:30
MCH-S-02,short,M,319.389,340.0,1900.0,90.0,151.016,2026-02-01T11:35:40
MCH-S-02,short,M,319.649,340.0,1900.0,90.0,151.241,2026-02-01T11:35:50
MCH-S-02,short,M,319.944,340.0,1900.0,90.0,151.362,2026-02-01T11:36:00
MCH-S-02,short,M,320.0,340.0,1900.0,90.0,151.528,2026-02-01T11:36:10
MCH-S-02,short,M,320.0,340.0,1900.0,90.0,151.694,2026-02-01T11:36:20
MCH-S-02,short,M,320.0,340.0,1900.0,90.0,151.825,2026-02-01T11:36:30
MCH-S-02,short,M,320.0,340.0,1900.0,90.0,151.965,2026-02-01T11:36:40
MCH-S-02,short,M,320.0,340.0,1900.0,90.0,152.079,2026-02-01T11:36:50
MCH-S-02,short,M,320.0,340.0,1900.0,90.0,152.191,2026-02-01T11:37:00
MCH-S-02,short,M,320.0,340.0,1900.0,90.0,152.378,2026-02-01T11:37:10
MCH-S-02,short,M,320.0,340.0,1900.0,90.0,152.482,2026-02-01T11:37:20
MCH-S-02,short,M,320.0,340.0,1900.0,90.0,152.643,2026-02-01T11:37:30
MCH-S-02,short,M,320.0,340.0,1900.0,90.0,152.755,2026-02-01T11:37:40
MCH-S-02,short,M,320.0,340.0,1900.0,90.0,152.961,2026-02-01T11:37:50
MCH-S-02,short,M,320.0,340.0,1900.0,90.0,153.014,2026-02-01T11:38:00
MCH-S-02,short,M,320.0,340.0,1900.0,90.0,153.161,2026-02-01T11:38:10
MCH-S-02,short,M,320.0,340.0,1900.0,90.0,153.255,2026-02-01T11:38:20
MCH-S-02,short,M,320.0,340.0,1900.0,90.0,153.419,2026-02-01T11:38:30
MCH-S-02,short,M,320.0,340.0,1900.0,90.0,153.576,2026-02-01T11:38:40
MCH-S-02,short,M,320.0,340.0,1900.0,90.0,153.843,2026-02-01T11:38:50
MCH-S-02,short,M,320.0,340.0,1900.0,90.0,154.023,2026-02-01T11:39:00
MCH-S-02,short,M,320.0,340.0,1900.0,90.0,154.138,2026-02-01T11:39:10
MCH-S-02,short,M,320.0,340.0,1900.0,90.0,154.301,2026-02-01T11:39:20
MCH-S-02,short,M,320.0,340.0,1900.0,90.0,154.463,2026-02-01T11:39:30
MCH-S-02,short,M,320.0,340.0,1900.0,90.0,154.641,2026-02-01T11:39:40
MCH-S-02,short,M,320.0,340.0,1900.0,90.0,154.839,2026-02-01T11:39:50
MCH-S-02,short,M,320.0,340.0,1900.0,90.0,154.946,2026-02-01T11:40:00
MCH-S-02,short,M,320.0,340.0,1900.0,90.0,155.155,2026-02-01T11:40:10
MCH-S-02,short,M,320.0,340.0,1900.0,90.0,155.272,2026-02-01T11:40:20
MCH-S-02,short,M,320.0,340.0,1900.0,90.0,155.428,2026-02-01T11:40:30
MCH-S-02,short,M,320.0,340.0,1900.0,90.0,155.557,2026-02-01T11:40:40
MCH-S-02,short,M,320.0,340.0,1900.0,90.0,155.742,2026-02-01T11:40:50
MCH-S-02,short,M,320.0,340.0,1900.0,90.0,155.974,2026-02-01T11:41:00
MCH-S-02,short,M,320.0,340.0,1900.0,90.0,156.101,2026-02-01T11:41:10
MCH-S-02,short,M,320.0,340.0,1900.0,90.0,156.252,2026-02-01T11:41:20
MCH-S-02,short,M,320.0,340.0,1900.0,90.0,156.446,2026-02-01T11:41:30
MCH-S-02,short,M,320.0,340.0,1900.0,90.0,156.648,2026-02-01T11:41:40
MCH-S-02,short,M,320.0,340.0,1900.0,90.0,156.763,2026-02-01T11:41:50
MCH-S-02,short,M,320.0,340.0,1900.0,90.0,156.989,2026-02-01T11:42:00
MCH-S-02,short,M,320.0,340.0,1900.0,90.0,157.222,2026-02-01T11:42:10
MCH-S-02,short,M,320.0,340.0,1900.0,90.0,157.344,2026-02-01T11:42:20
MCH-S-02,short,M,320.0,340.0,1900.0,90.0,157.565,2026-02-01T11:42:30
MCH-S-02,short,M,320.0,340.0,1900.0,90.0,157.752,2026-02-01T11:42:40
MCH-S-02,short,M,320.0,340.0,1900.0,90.0,157.889,2026-02-01T11:42:50
MCH-S-02,short,M,320.0,340.0,1900.0,90.0,158.051,2026-02-01T11:43:00
MCH-S-02,short,M,320.0,340.0,1900.0,90.0,158.217,2026-02-01T11:43:10
MCH-S-02,short,M,320.0,340.0,1900.0,90.0,158.315,2026-02-01T11:43:20
MCH-S-02,short,M,320.0,340.0,1900.0,90.0,158.478,2026-02-01T11:43:30
MCH-S-02,short,M,320.0,340.0,1900.0,90.0,158.592,2026-02-01T11:43:40
MCH-S-02,short,M,320.0,340.0,1900.0,90.0,158.702,2026-02-01T11:43:50
MCH-S-02,short,M,320.0,340.0,1900.0,90.0,158.833,2026-02-01T11:44:00
MCH-S-02,short,M,320.0,340.0,1900.0,90.0,159.028,2026-02-01T11:44:10
MCH-S-02,short,M,320.0,340.0,1900.0,90.0,159.222,2026-02-01T11:44:20
MCH-S-02,short,M,320.0,340.0,1900.0,90.0,159.395,2026-02-01T11:44:30
MCH-S-02,short,M,320.0,340.0,1900.0,90.0,159.57,2026-02-01T11:44:40
MCH-S-02,short,M,320.0,340.0,1900.0,90.0,159.786,2026-02-01T11:44:50
MCH-S-02,short,M,320.0,340.0,1900.0,90.0,159.932,2026-02-01T11:45:00
MCH-S-02,short,M,320.0,340.0,1900.0,90.0,160.125,2026-02-01T11:45:10
MCH-S-02,short,M,320.0,340.0,1900.0,90.0,160.307,2026-02-01T11:45:20
MCH-S-02,short,M,320.0,340.0,1900.0,90.0,160.491,2026-02-01T11:45:30
MCH-S-02,short,M,320.0,340.0,1900.0,90.0,160.662,2026-02-01T11:45:40
MCH-S-02,short,M,320.0,340.0,1900.0,90.0,160.719,2026-02-01T11:45:50
MCH-S-02,short,M,320.0,340.0,1900.0,90.0,160.9,2026-02-01T11:46:00
MCH-S-02,short,M,320.0,340.0,1900.0,90.0,161.068,2026-02-01T11:46:10
MCH-S-02,short,M,320.0,340.0,1900.0,90.0,161.248,2026-02-01T11:46:20
MCH-S-02,short,M,320.0,340.0,1900.0,90.0,161.413,2026-02-01T11:46:30
MCH-S-02,short,M,320.0,340.0,1900.0,90.0,161.535,2026-02-01T11:46:40
MCH-S-02,short,M,320.0,340.0,1900.0,90.0,161.665,2026-02-01T11:46:50
MCH-S-02,short,M,320.0,340.0,1900.0,90.0,161.864,2026-02-01T11:47:00
MCH-S-02,short,M,320.0,340.0,1900.0,90.0,162.001,2026-02-01T11:47:10
MCH-S-02,short,M,320.0,340.0,1900.0,90.0,162.096,2026-02-01T11:47:20
MCH-S-02,short,M,320.0,340.0,1900.0,90.0,162.234,2026-02-01T11:47:30
MCH-S-02,short,M,320.0,340.0,1900.0,90.0,162.408,2026-02-01T11:47:40
MCH-S-02,short,M,320.0,340.0,1900.0,90.0,162.575,2026-02-01T11:47:50
MCH-S-02,short,M,320.0,340.0,1900.0,90.0,162.723,2026-02-01T11:48:00
MCH-S-02,short,M,320.0,340.0,1900.0,90.0,162.887,2026-02-01T11:48:10
MCH-S-02,short,M,320.0,340.0,1900.0,90.0,162.969,2026-02-01T11:48:20
MCH-S-02,short,M,320.0,340.0,1900.0,90.0,163.16,2026-02-01T11:48:30
MCH-S-02,short,M,320.0,340.0,1900.0,90.0,163.27,2026-02-01T11:48:40
MCH-S-02,short,M,320.0,340.0,1900.0,90.0,163.354,2026-02-01T11:48:50
MCH-S-02,short,M,320.0,340.0,1900.0,90.0,163.561,2026-02-01T11:49:00
MCH-S-02,short,M,320.0,340.0,1900.0,90.0,163.736,2026-02-01T11:49:10
MCH-S-02,short,M,320.0,340.0,1900.0,90.0,163.899,2026-02-01T11:49:20
MCH-S-02,short,M,320.0,340.0,1900.0,90.0,164.058,2026-02-01T11:49:30
MCH-S-02,short,M,320.0,340.0,1900.0,90.0,164.201,2026-02-01T11:49:40
MCH-S-02,short,M,320.0,340.0,1900.0,90.0,164.392,2026-02-01T11:49:50
MCH-S-02,short,M,320.0,340.0,1900.0,90.0,164.546,2026-02-01T11:50:00
MCH-S-02,short,M,320.0,340.0,1900.0,90.0,164.705,2026-02-01T11:50:10
MCH-S-02,short,M,320.0,340.0,1900.0,90.0,164.834,2026-02-01T11:50:20
MCH-S-02,short,M,320.0,340.0,1900.0,90.0,164.943,2026-02-01T11:50:30
MCH-S-02,short,M,320.0,340.0,1900.0,90.0,165.145,2026-02-01T11:50:40
MCH-S-02,short,M,320.0,340.0,1900.0,90.0,165.353,2026-02-01T11:50:50
MCH-S-02,short,M,320.0,340.0,1900.0,90.0,165.513,2026-02-01T11:51:00
MCH-S-02,short,M,320.0,340.0,1900.0,90.0,165.794,2026-02-01T11:51:10
MCH-S-02,short,M,320.0,340.0,1900.0,90.0,165.945,2026-02-01T11:51:20
MCH-S-02,short,M,320.0,340.0,1900.0,90.0,166.171,2026-02-01T11:51:30
MCH-S-02,short,M,320.0,340.0,1900.0,90.0,166.318,2026-02-01T11:51:40
MCH-S-02,short,M,320.0,340.0,1900.0,90.0,166.476,2026-02-01T11:51:50
MCH-S-02,short,M,320.0,340.0,1900.0,90.0,166.632,2026-02-01T11:52:00
MCH-S-02,short,M,320.0,340.0,1900.0,90.0,166.82,2026-02-01T11:52:10
MCH-S-02,short,M,320.0,340.0,1900.0,90.0,166.964,2026-02-01T11:52:20
MCH-S-02,short,M,320.0,340.0,1900.0,90.0,167.145,2026-02-01T11:52:30
MCH-S-02,short,M,320.0,340.0,1900.0,90.0,167.215,2026-02-01T11:52:40
MCH-S-02,short,M,320.0,340.0,1900.0,90.0,167.368,2026-02-01T11:52:50
MCH-S-02,short,M,320.0,340.0,1900.0,90.0,167.513,2026-02-01T11:53:00
MCH-S-02,short,M,320.0,340.0,1900.0,90.0,167.674,2026-02-01T11:53:10
MCH-S-02,short,M,320.0,340.0,1900.0,90.0,167.804,2026-02-01T11:53:20
MCH-S-02,short,M,320.0,340.0,1900.0,90.0,167.892,2026-02-01T11:53:30
MCH-S-02,short,M,320.0,340.0,1900.0,90.0,168.002,2026-02-01T11:53:40
MCH-S-02,short,M,320.0,340.0,1900.0,90.0,168.173,2026-02-01T11:53:50
MCH-S-02,short,M,320.0,340.0,1900.0,90.0,168.327,2026-02-01T11:54:00
MCH-S-02,short,M,320.0,340.0,1900.0,90.0,168.432,2026-02-01T11:54:10
MCH-S-02,short,M,320.0,340.0,1900.0,90.0,168.551,2026-02-01T11:54:20
MCH-S-02,short,M,320.0,340.0,1900.0,90.0,168.688,2026-02-01T11:54:30
MCH-S-02,short,M,320.0,340.0,1900.0,90.0,168.832,2026-02-01T11:54:40
MCH-S-02,short,M,320.0,340.0,1900.0,90.0,168.987,2026-02-01T11:54:50
MCH-S-02,short,M,320.0,340.0,1900.0,90.0,169.125,2026-02-01T11:55:00
MCH-S-02,short,M,320.0,340.0,1900.0,90.0,169.272,2026-02-01T11:55:10
MCH-S-02,short,M,320.0,340.0,1900.0,90.0,169.464,2026-02-01T11:55:20
MCH-S-02,short,M,320.0,340.0,1900.0,90.0,169.572,2026-02-01T11:55:30
MCH-S-02,short,M,320.0,340.0,1900.0,90.0,169.671,2026-02-01T11:55:40
MCH-S-02,short,M,320.0,340.0,1896.827,90.0,169.821,2026-02-01T11:55:50
MCH-S-02,short,M,320.0,340.0,1886.124,90.0,169.946,2026-02-01T11:56:00
MCH-S-02,short,M,320.0,340.0,1851.928,90.0,170.103,2026-02-01T11:56:10
MCH-S-02,short,M,320.0,340.0,1822.044,90.0,170.225,2026-02-01T11:56:20
MCH-S-02,short,M,320.0,340.0,1801.679,90.0,170.396,2026-02-01T11:56:30
MCH-S-02,short,M,320.0,340.0,1768.843,90.0,170.603,2026-02-01T11:56:40
MCH-S-02,short,M,320.0,340.0,1741.293,90.0,170.7,2026-02-01T11:56:50
MCH-S-02,short,M,320.0,340.0,1716.035,90.0,170.84,2026-02-01T11:57:00
MCH-S-02,short,M,320.0,340.0,1688.966,90.0,171.011,2026-02-01T11:57:10
MCH-S-02,short,M,320.0,340.0,1671.504,90.0,171.156,2026-02-01T11:57:20
MCH-S-02,short,M,320.0,340.0,1649.538,90.0,171.276,2026-02-01T11:57:30
MCH-S-02,short,M,320.0,340.0,1623.499,90.0,171.463,2026-02-01T11:57:40
MCH-S-02,short,M,320.0,340.0,1602.897,90.0,171.615,2026-02-01T11:57:50
MCH-S-02,short,M,320.0,340.0,1578.341,90.0,171.763,2026-02-01T11:58:00
MCH-S-02,short,M,320.0,340.0,1558.458,90.0,171.96,2026-02-01T11:58:10
MCH-S-02,short,M,320.0,340.0,1540.853,90.0,172.134,2026-02-01T11:58:20
MCH-S-02,short,M,320.0,340.0,1514.03,90.0,172.322,2026-02-01T11:58:30
MCH-S-02,short,M,320.0,340.0,1485.75,90.0,172.539,2026-02-01T11:58:40
MCH-S-02,short,M,320.0,340.0,1473.858,90.0,172.718,2026-02-01T11:58:50
MCH-S-02,short,M,320.0,340.0,1446.469,90.0,172.871,2026-02-01T11:59:00
MCH-S-02,short,M,320.0,340.0,1421.883,90.0,173.078,2026-02-01T11:59:10
MCH-S-02,short,M,320.0,340.0,1383.774,90.0,173.297,2026-02-01T11:59:20
MCH-S-02,short,M,320.0,340.0,1364.632,90.0,173.425,2026-02-01T11:59:30
MCH-S-02,short,M,320.0,340.0,1335.658,90.0,173.605,2026-02-01T11:59:40
MCH-S-02,short,M,320.0,340.0,1299.615,90.0,173.767,2026-02-01T11:59:50
MCH-S-02,short,M,320.0,340.0,1277.312,90.0,173.95,2026-02-01T12:00:00
MCH-S-02,short,M,320.0,340.0,1246.153,90.0,174.103,2026-02-01T12:00:10
MCH-S-02,short,M,320.0,340.0,1234.536,90.0,174.29,2026-02-01T12:00:20
MCH-S-02,short,M,320.0,340.0,1209.843,90.0,174.438,2026-02-01T12:00:30
MCH-S-02,short,M,320.0,340.0,1201.168,90.0,174.605,2026-02-01T12:00:40
MCH-S-02,short,M,320.0,340.0,1174.125,90.0,174.803,2026-02-01T12:00:50
MCH-S-02,short,M,320.0,340.0,1155.813,90.0,174.935,2026-02-01T12:01:00
MCH-S-02,short,M,320.0,340.0,1151.591,90.0,175.062,2026-02-01T12:01:10
MCH-S-02,short,M,320.0,340.0,1124.773,90.0,175.178,2026-02-01T12:01:20
MCH-S-02,short,M,320.0,340.0,1110.409,90.0,175.31,2026-02-01T12:01:30
MCH-S-02,short,M,320.0,340.0,1100.0,90.0,175.441,2026-02-01T12:01:40
MCH-S-02,short,M,320.0,340.0,1100.0,90.0,175.592,2026-02-01T12:01:50
MCH-S-02,short,M,320.0,340.0,1100.0,90.0,175.773,2026-02-01T12:02:00
MCH-S-02,short,M,320.0,340.0,1100.0,90.0,175.947,2026-02-01T12:02:10
MCH-S-02,short,M,320.0,340.0,1100.0,90.0,176.114,2026-02-01T12:02:20
MCH-S-02,short,M,320.0,340.0,1100.0,90.0,176.252,2026-02-01T12:02:30
MCH-S-02,short,M,320.0,340.0,1100.0,90.0,176.465,2026-02-01T12:02:40
MCH-S-02,short,M,320.0,340.0,1100.0,90.0,176.571,2026-02-01T12:02:50
MCH-S-02,short,M,320.0,340.0,1100.0,90.0,176.697,2026-02-01T12:03:00
MCH-S-02,short,M,320.0,340.0,1100.0,90.0,176.871,2026-02-01T12:03:10
MCH-S-02,short,M,320.0,340.0,1100.0,90.0,177.023,2026-02-01T12:03:20
MCH-S-02,short,M,320.0,340.0,1100.0,90.0,177.145,2026-02-01T12:03:30
MCH-S-02,short,M,320.0,340.0,1100.0,90.0,177.319,2026-02-01T12:03:40
MCH-S-02,short,M,320.0,340.0,1100.0,90.0,177.515,2026-02-01T12:03:50
MCH-S-02,short,M,319.916,340.0,1100.0,90.0,177.719,2026-02-01T12:04:00
MCH-S-02,short,M,319.7,340.0,1100.0,90.0,177.847,2026-02-01T12:04:10
MCH-S-02,short,M,319.502,340.0,1100.0,90.0,177.942,2026-02-01T12:04:20
MCH-S-02,short,M,319.315,340.0,1100.0,90.0,178.069,2026-02-01T12:04:30
MCH-S-02,short,M,319.471,340.0,1100.0,90.0,178.274,2026-02-01T12:04:40
MCH-S-02,short,M,319.351,340.0,1100.0,90.0,178.382,2026-02-01T12:04:50
MCH-S-02,short,M,319.081,340.0,1100.0,90.0,178.562,2026-02-01T12:05:00
MCH-S-02,short,M,318.859,340.0,1100.0,90.0,178.738,2026-02-01T12:05:10
MCH-S-02,short,M,318.781,340.0,1100.0,90.0,178.899,2026-02-01T12:05:20
MCH-S-02,short,M,318.636,340.0,1100.0,90.0,179.074,2026-02-01T12:05:30
MCH-M-01,medium,M,298.581,309.821,1458.139,47.333,9.161,2026-02-01T09:20:00
MCH-M-01,medium,M,298.7,310.06,1451.695,47.561,9.29,2026-02-01T09:20:10
MCH-M-01,medium,M,298.988,310.232,1462.664,47.685,9.342,2026-02-01T09:20:20
MCH-M-01,medium,M,299.277,310.473,1456.159,47.55,9.462,2026-02-01T09:20:30
MCH-M-01,medium,M,299.464,310.509,1437.509,47.228,9.604,2026-02-01T09:20:40
MCH-M-01,medium,M,299.634,310.884,1456.247,46.764,9.741,2026-02-01T09:20:50
MCH-M-01,medium,M,299.879,311.135,1467.87,46.787,9.803,2026-02-01T09:21:00
MCH-M-01,medium,M,300.147,311.684,1472.564,47.717,9.913,2026-02-01T09:21:10
MCH-M-01,medium,M,300.43,312.052,1482.015,47.846,9.989,2026-02-01T09:21:20
MCH-M-01,medium,M,300.579,312.409,1483.144,47.619,10.082,2026-02-01T09:21:30
MCH-M-01,medium,M,300.82,312.849,1479.448,47.908,10.17,2026-02-01T09:21:40
MCH-M-01,medium,M,301.06,313.253,1483.51,48.443,10.298,2026-02-01T09:21:50
MCH-M-01,medium,M,301.442,313.543,1492.171,48.523,10.397,2026-02-01T09:22:00
MCH-M-01,medium,M,301.787,314.001,1507.931,48.242,10.526,2026-02-01T09:22:10
MCH-M-01,medium,M,302.229,314.367,1510.455,48.061,10.605,2026-02-01T09:22:20
MCH-M-01,medium,M,302.576,314.688,1524.694,47.813,10.713,2026-02-01T09:22:30
MCH-M-01,medium,M,302.95,315.13,1528.603,48.458,10.797,2026-02-01T09:22:40
MCH-M-01,medium,M,303.372,315.461,1518.24,49.002,10.903,2026-02-01T09:22:50
MCH-M-01,medium,M,303.704,315.799,1507.209,49.54,11.002,2026-02-01T09:23:00
MCH-M-01,medium,M,304.072,316.334,1520.423,50.048,11.108,2026-02-01T09:23:10
MCH-M-01,medium,M,304.401,316.627,1524.188,50.506,11.19,2026-02-01T09:23:20
MCH-M-01,medium,M,304.944,316.973,1530.815,50.996,11.322,2026-02-01T09:23:30
MCH-M-01,medium,M,305.269,317.618,1530.609,50.954,11.422,2026-02-01T09:23:40
MCH-M-01,medium,M,305.598,318.12,1526.078,51.622,11.546,2026-02-01T09:23:50
MCH-M-01,medium,M,305.99,318.465,1524.805,52.124,11.668,2026-02-01T09:24:00
MCH-M-01,medium,M,306.472,319.114,1534.414,52.886,11.814,2026-02-01T09:24:10
MCH-M-01,medium,M,306.923,319.461,1559.303,53.659,11.914,2026-02-01T09:24:20
MCH-M-01,medium,M,307.344,319.903,1563.96,53.388,12.054,2026-02-01T09:24:30
MCH-M-01,medium,M,307.702,320.536,1571.392,53.826,12.176,2026-02-01T09:24:40
MCH-M-01,medium,M,308.079,320.856,1585.29,54.728,12.306,2026-02-01T09:24:50
MCH-M-01,medium,M,308.655,321.273,1603.617,54.864,12.394,2026-02-01T09:25:00
MCH-M-01,medium,M,309.134,321.732,1619.913,55.227,12.599,2026-02-01T09:25:10
MCH-M-01,medium,M,309.499,322.228,1627.275,54.91,12.669,2026-02-01T09:25:20
MCH-M-01,medium,M,309.743,322.667,1634.34,55.383,12.757,2026-02-01T09:25:30
MCH-M-01,medium,M,310.2,323.208,1644.148,55.917,12.832,2026-02-01T09:25:40
MCH-M-01,medium,M,310.712,323.75,1665.287,56.693,12.926,2026-02-01T09:25:50
MCH-M-01,medium,M,311.305,324.39,1673.702,57.767,13.011,2026-02-01T09:26:00
MCH-M-01,medium,M,311.901,324.763,1692.83,58.009,13.157,2026-02-01T09:26:10
MCH-M-01,medium,M,312.304,325.344,1711.58,58.626,13.282,2026-02-01T09:26:20
MCH-M-01,medium,M,312.638,325.846,1725.102,58.372,13.397,2026-02-01T09:26:30
MCH-M-01,medium,M,312.979,326.579,1752.159,59.471,13.514,2026-02-01T09:26:40
MCH-M-01,medium,M,313.523,326.938,1759.26,60.074,13.602,2026-02-01T09:26:50
MCH-M-01,medium,M,313.967,327.362,1771.081,60.852,13.72,2026-02-01T09:27:00
MCH-M-01,medium,M,314.485,327.731,1777.304,61.673,13.823,2026-02-01T09:27:10
MCH-M-01,medium,M,315.111,328.291,1795.499,62.443,13.888,2026-02-01T09:27:20
MCH-M-01,medium,M,315.709,328.82,1812.506,63.233,13.992,2026-02-01T09:27:30
MCH-M-01,medium,M,316.082,329.312,1832.881,64.138,14.089,2026-02-01T09:27:40
MCH-M-01,medium,M,316.542,329.747,1853.592,64.672,14.213,2026-02-01T09:27:50
MCH-M-01,medium,M,317.124,330.109,1873.096,65.146,14.341,2026-02-01T09:28:00
MCH-M-01,medium,M,317.63,330.452,1893.289,65.761,14.453,2026-02-01T09:28:10
MCH-M-01,medium,M,318.067,330.93,1900.0,66.475,14.58,2026-02-01T09:28:20
MCH-M-01,medium,M,318.596,331.37,1900.0,67.067,14.712,2026-02-01T09:28:30
MCH-M-01,medium,M,319.012,331.698,1900.0,67.515,14.811,2026-02-01T09:28:40
MCH-M-01,medium,M,319.559,332.043,1900.0,68.052,14.868,2026-02-01T09:28:50
MCH-M-01,medium,M,319.856,332.298,1900.0,68.627,14.945,2026-02-01T09:29:00
MCH-M-01,medium,M,320.0,332.752,1900.0,69.784,15.096,2026-02-01T09:29:10
MCH-M-01,medium,M,320.0,333.269,1900.0,70.829,15.179,2026-02-01T09:29:20
MCH-M-01,medium,M,320.0,333.313,1900.0,71.661,15.258,2026-02-01T09:29:30
MCH-M-01,medium,M,320.0,333.742,1900.0,72.515,15.408,2026-02-01T09:29:40
MCH-M-01,medium,M,320.0,334.058,1900.0,73.717,15.522,2026-02-01T09:29:50
MCH-M-01,medium,M,320.0,334.487,1900.0,74.649,15.664,2026-02-01T09:30:00
MCH-M-01,medium,M,320.0,334.934,1900.0,75.607,15.729,2026-02-01T09:30:10
MCH-M-01,medium,M,320.0,335.329,1900.0,76.103,15.856,2026-02-01T09:30:20
MCH-M-01,medium,M,320.0,335.799,1900.0,76.954,15.908,2026-02-01T09:30:30
MCH-M-01,medium,M,320.0,336.082,1900.0,77.584,16.028,2026-02-01T09:30:40
MCH-M-01,medium,M,320.0,336.51,1900.0,78.057,16.112,2026-02-01T09:30:50
MCH-M-01,medium,M,320.0,336.713,1900.0,78.841,16.209,2026-02-01T09:31:00
MCH-M-01,medium,M,320.0,337.126,1900.0,79.733,16.327,2026-02-01T09:31:10
MCH-M-01,medium,M,320.0,337.438,1900.0,80.72,16.454,2026-02-01T09:31:20
MCH-M-01,medium,M,320.0,337.653,1900.0,81.64,16.568,2026-02-01T09:31:30
MCH-M-01,medium,M,320.0,338.073,1900.0,82.437,16.622,2026-02-01T09:31:40
MCH-M-01,medium,M,320.0,338.332,1900.0,82.863,16.712,2026-02-01T09:31:50
MCH-M-01,medium,M,320.0,338.529,1900.0,83.992,16.831,2026-02-01T09:32:00
MCH-M-01,medium,M,320.0,338.948,1900.0,84.879,16.928,2026-02-01T09:32:10
MCH-M-01,medium,M,320.0,339.218,1900.0,85.749,17.018,2026-02-01T09:32:20
MCH-M-01,medium,M,320.0,339.576,1900.0,86.855,17.144,2026-02-01T09:32:30
MCH-M-01,medium,M,320.0,339.752,1900.0,87.927,17.223,2026-02-01T09:32:40
MCH-M-01,medium,M,320.0,340.0,1900.0,89.053,17.307,2026-02-01T09:32:50
MCH-M-01,medium,M,320.0,339.967,1900.0,89.953,17.425,2026-02-01T09:33:00
MCH-M-01,medium,M,320.0,340.0,1900.0,90.0,17.515,2026-02-01T09:33:10
MCH-M-01,medium,M,320.0,340.0,1900.0,90.0,17.618,2026-02-01T09:33:20
MCH-M-01,medium,M,320.0,340.0,1900.0,90.0,17.73,2026-02-01T09:33:30
MCH-M-01,medium,M,320.0,340.0,1900.0,90.0,17.879,2026-02-01T09:33:40
MCH-M-01,medium,M,320.0,340.0,1900.0,90.0,18.006,2026-02-01T09:33:50
MCH-M-01,medium,M,320.0,340.0,1900.0,90.0,18.114,2026-02-01T09:34:00
MCH-M-01,medium,M,320.0,340.0,1900.0,90.0,18.211,2026-02-01T09:34:10
MCH-M-01,medium,M,320.0,340.0,1900.0,90.0,18.32,2026-02-01T09:34:20
MCH-M-01,medium,M,320.0,340.0,1900.0,90.0,18.428,2026-02-01T09:34:30
MCH-M-01,medium,M,320.0,340.0,1900.0,90.0,18.56,2026-02-01T09:34:40
MCH-M-01,medium,M,320.0,340.0,1900.0,90.0,18.721,2026-02-01T09:34:50
MCH-M-01,medium,M,320.0,340.0,1900.0,90.0,18.784,2026-02-01T09:35:00
MCH-M-01,medium,M,320.0,340.0,1900.0,90.0,18.833,2026-02-01T09:35:10
MCH-M-01,medium,M,320.0,340.0,1900.0,90.0,18.981,2026-02-01T09:35:20
MCH-M-01,medium,M,320.0,340.0,1900.0,90.0,19.063,2026-02-01T09:35:30
MCH-M-01,medium,M,320.0,340.0,1900.0,90.0,19.184,2026-02-01T09:35:40
MCH-M-01,medium,M,320.0,340.0,1900.0,90.0,19.267,2026-02-01T09:35:50
MCH-M-01,medium,M,320.0,339.97,1900.0,90.0,19.35,2026-02-01T09:36:00
MCH-M-01,medium,M,320.0,339.718,1900.0,90.0,19.479,2026-02-01T09:36:10
MCH-M-01,medium,M,320.0,339.663,1900.0,90.0,19.603,2026-02-01T09:36:20
MCH-M-01,medium,M,320.0,339.67,1900.0,90.0,19.727,2026-02-01T09:36:30
MCH-M-01,medium,M,320.0,339.585,1900.0,90.0,19.818,2026-02-01T09:36:40
MCH-M-01,medium,M,320.0,339.211,1900.0,90.0,19.89,2026-02-01T09:36:50
MCH-M-01,medium,M,320.0,339.092,1900.0,90.0,20.005,2026-02-01T09:37:00
MCH-M-01,medium,M,320.0,338.854,1900.0,90.0,20.22,2026-02-01T09:37:10
MCH-M-01,medium,M,320.0,338.65,1900.0,90.0,20.331,2026-02-01T09:37:20
MCH-M-01,medium,M,320.0,338.274,1900.0,90.0,20.451,2026-02-01T09:37:30
MCH-M-01,medium,M,320.0,338.009,1900.0,90.0,20.606,2026-02-01T09:37:40
MCH-M-01,medium,M,320.0,337.635,1900.0,90.0,20.672,2026-02-01T09:37:50
MCH-M-01,medium,M,320.0,337.391,1900.0,90.0,20.783,2026-02-01T09:38:00
MCH-M-01,medium,M,320.0,337.303,1900.0,90.0,20.91,2026-02-01T09:38:10
MCH-M-01,medium,M,320.0,336.912,1900.0,90.0,21.072,2026-02-01T09:38:20
MCH-M-01,medium,M,320.0,336.643,1900.0,90.0,21.205,2026-02-01T09:38:30
MCH-M-01,medium,M,320.0,336.316,1900.0,90.0,21.335,2026-02-01T09:38:40
MCH-M-01,medium,M,320.0,335.95,1900.0,90.0,21.438,2026-02-01T09:38:50
MCH-M-01,medium,M,320.0,335.537,1900.0,90.0,21.547,2026-02-01T09:39:00
MCH-M-01,medium,M,320.0,335.137,1900.0,90.0,21.632,2026-02-01T09:39:10
MCH-M-01,medium,M,320.0,334.649,1900.0,90.0,21.778,2026-02-01T09:39:20
MCH-M-01,medium,M,320.0,334.245,1900.0,90.0,21.863,2026-02-01T09:39:30
MCH-M-01,medium,M,320.0,333.849,1900.0,90.0,21.959,2026-02-01T09:39:40
MCH-M-01,medium,M,320.0,333.37,1900.0,90.0,22.064,2026-02-01T09:39:50
MCH-M-01,medium,M,320.0,332.865,1900.0,90.0,22.138,2026-02-01T09:40:00
MCH-M-01,medium,M,320.0,332.534,1900.0,90.0,22.204,2026-02-01T09:40:10
MCH-M-01,medium,M,320.0,332.143,1900.0,90.0,22.311,2026-02-01T09:40:20
MCH-M-01,medium,M,320.0,331.812,1900.0,90.0,22.391,2026-02-01T09:40:30
MCH-M-01,medium,M,320.0,331.568,1900.0,90.0,22.48,2026-02-01T09:40:40
MCH-M-01,medium,M,320.0,331.074,1900.0,90.0,22.619,2026-02-01T09:40:50
MCH-M-01,medium,M,320.0,330.571,1900.0,90.0,22.737,2026-02-01T09:41:00
MCH-M-01,medium,M,320.0,330.128,1900.0,90.0,22.787,2026-02-01T09:41:10
MCH-M-01,medium,M,320.0,329.83,1900.0,90.0,22.912,2026-02-01T09:41:20
MCH-M-01,medium,M,320.0,329.46,1900.0,90.0,22.978,2026-02-01T09:41:30
MCH-M-01,medium,M,320.0,329.093,1900.0,90.0,23.075,2026-02-01T09:41:40
MCH-M-01,medium,M,320.0,328.88,1900.0,90.0,23.153,2026-02-01T09:41:50
MCH-M-01,medium,M,320.0,328.417,1900.0,90.0,23.258,2026-02-01T09:42:00
MCH-M-01,medium,M,320.0,327.863,1900.0,90.0,23.354,2026-02-01T09:42:10
MCH-M-01,medium,M,320.0,327.476,1900.0,90.0,23.45,2026-02-01T09:42:20
MCH-M-01,medium,M,320.0,326.891,1900.0,90.0,23.564,2026-02-01T09:42:30
MCH-M-01,medium,M,320.0,326.445,1900.0,90.0,23.652,2026-02-01T09:42:40
MCH-M-01,medium,M,320.0,325.946,1900.0,90.0,23.751,2026-02-01T09:42:50
MCH-M-01,medium,M,320.0,325.504,1900.0,90.0,23.818,2026-02-01T09:43:00
MCH-M-01,medium,M,320.0,325.076,1900.0,90.0,23.951,2026-02-01T09:43:10
MCH-M-01,medium,M,320.0,324.471,1900.0,90.0,24.076,2026-02-01T09:43:20
MCH-M-01,medium,M,320.0,323.797,1900.0,90.0,24.241,2026-02-01T09:43:30
MCH-M-01,medium,M,320.0,323.26,1900.0,90.0,24.304,2026-02-01T09:43:40
MCH-M-01,medium,M,320.0,322.921,1900.0,90.0,24.412,2026-02-01T09:43:50
MCH-M-01,medium,M,320.0,322.257,1900.0,90.0,24.551,2026-02-01T09:44:00
MCH-M-01,medium,M,320.0,321.916,1900.0,90.0,24.684,2026-02-01T09:44:10
MCH-M-01,medium,M,320.0,321.429,1900.0,90.0,24.761,2026-02-01T09:44:20
MCH-M-01,medium,M,319.865,320.859,1900.0,90.0,24.903,2026-02-01T09:44:30
MCH-M-01,medium,M,319.42,320.511,1900.0,90.0,25.03,2026-02-01T09:44:40
MCH-M-01,medium,M,318.984,320.016,1900.0,90.0,25.181,2026-02-01T09:44:50
MCH-M-01,medium,M,318.569,319.569,1900.0,90.0,25.324,2026-02-01T09:45:00
MCH-M-01,medium,M,318.34,319.147,1900.0,90.0,25.411,2026-02-01T09:45:10
MCH-M-01,medium,M,317.794,318.739,1900.0,90.0,25.491,2026-02-01T09:45:20
MCH-M-01,medium,M,317.269,318.565,1900.0,90.0,25.641,2026-02-01T09:45:30
MCH-M-01,medium,M,316.737,318.119,1900.0,90.0,25.739,2026-02-01T09:45:40
MCH-M-01,medium,M,316.252,317.667,1900.0,90.0,25.835,2026-02-01T09:45:50
MCH-M-01,medium,M,315.857,317.243,1900.0,90.0,25.946,2026-02-01T09:46:00
MCH-M-01,medium,M,315.594,316.981,1900.0,90.0,26.028,2026-02-01T09:46:10
MCH-M-01,medium,M,314.987,316.517,1900.0,90.0,26.161,2026-02-01T09:46:20
MCH-M-01,medium,M,314.579,316.125,1900.0,90.0,26.301,2026-02-01T09:46:30
MCH-M-01,medium,M,314.199,315.501,1900.0,90.0,26.43,2026-02-01T09:46:40
MCH-M-01,medium,M,313.542,315.364,1900.0,90.0,26.551,2026-02-01T09:46:50
MCH-M-01,medium,M,313.072,314.883,1900.0,90.0,26.671,2026-02-01T09:47:00
MCH-M-01,medium,M,312.676,314.617,1900.0,90.0,26.787,2026-02-01T09:47:10
MCH-M-01,medium,M,312.104,314.406,1900.0,90.0,26.915,2026-02-01T09:47:20
MCH-M-01,medium,M,311.586,314.387,1900.0,90.0,27.057,2026-02-01T09:47:30
MCH-M-01,medium,M,311.193,314.171,1900.0,90.0,27.161,2026-02-01T09:47:40
MCH-M-01,medium,M,310.828,313.991,1900.0,90.0,27.255,2026-02-01T09:47:50
MCH-M-01,medium,M,310.619,313.743,1900.0,90.0,27.373,2026-02-01T09:48:00
MCH-M-01,medium,M,310.294,313.541,1900.0,90.0,27.46,2026-02-01T09:48:10
MCH-M-01,medium,M,309.678,313.329,1900.0,90.0,27.545,2026-02-01T09:48:20
MCH-M-01,medium,M,309.306,312.964,1900.0,90.0,27.668,2026-02-01T09:48:30
MCH-M-01,medium,M,308.939,312.689,1900.0,90.0,27.795,2026-02-01T09:48:40
MCH-M-01,medium,M,308.519,312.522,1900.0,90.0,27.9,2026-02-01T09:48:50
MCH-M-01,medium,M,308.234,312.44,1900.0,90.0,28.041,2026-02-01T09:49:00
MCH-M-01,medium,M,307.861,312.256,1900.0,90.0,28.184,2026-02-01T09:49:10
MCH-M-01,medium,M,307.355,312.183,1900.0,90.0,28.304,2026-02-01T09:49:20
MCH-M-01,medium,M,307.063,312.058,1900.0,90.0,28.378,2026-02-01T09:49:30
MCH-M-01,medium,M,306.642,311.791,1900.0,90.0,28.505,2026-02-01T09:49:40
MCH-M-01,medium,M,306.246,311.689,1900.0,90.0,28.642,2026-02-01T09:49:50
MCH-M-01,medium,M,305.983,311.449,1900.0,90.0,28.738,2026-02-01T09:50:00
MCH-M-01,medium,M,305.731,311.274,1900.0,90.0,28.866,2026-02-01T09:50:10
MCH-M-01,medium,M,305.425,311.291,1900.0,90.0,28.971,2026-02-01T09:50:20
MCH-M-01,medium,M,305.017,311.182,1900.0,90.0,29.091,2026-02-01T09:50:30
MCH-M-01,medium,M,304.916,311.103,1900.0,90.0,29.181,2026-02-01T09:50:40
MCH-M-01,medium,M,304.537,311.08,1900.0,90.0,29.28,2026-02-01T09:50:50
MCH-M-01,medium,M,304.199,311.015,1900.0,90.0,29.43,2026-02-01T09:51:00
MCH-M-01,medium,M,303.939,311.068,1900.0,90.0,29.54,2026-02-01T09:51:10
MCH-M-01,medium,M,303.559,312.232,1900.0,90.0,29.631,2026-02-01T09:51:20
MCH-M-01,medium,M,303.18,312.21,1900.0,90.0,29.705,2026-02-01T09:51:30
MCH-M-01,medium,M,302.692,312.398,1900.0,90.0,29.792,2026-02-01T09:51:40
MCH-M-01,medium,M,302.501,312.37,1900.0,90.0,29.869,2026-02-01T09:51:50
MCH-M-01,medium,M,302.202,312.636,1900.0,90.0,29.961,2026-02-01T09:52:00
MCH-M-01,medium,M,301.769,312.595,1900.0,90.0,30.083,2026-02-01T09:52:10
MCH-M-01,medium,M,301.589,312.752,1900.0,90.0,30.173,2026-02-01T09:52:20
MCH-M-01,medium,M,301.435,313.01,1900.0,90.0,30.321,2026-02-01T09:52:30
MCH-M-01,medium,M,301.239,313.187,1900.0,90.0,30.424,2026-02-01T09:52:40
MCH-M-01,medium,M,301.114,313.403,1900.0,90.0,30.551,2026-02-01T09:52:50
MCH-M-01,medium,M,301.065,313.467,1900.0,90.0,30.597,2026-02-01T09:53:00
MCH-M-01,medium,M,300.853,313.562,1900.0,90.0,30.704,2026-02-01T09:53:10
MCH-M-01,medium,M,300.566,313.915,1900.0,90.0,30.808,2026-02-01T09:53:20
MCH-M-01,medium,M,300.432,314.206,1900.0,90.0,30.913,2026-02-01T09:53:30
MCH-M-01,medium,M,300.401,314.425,1900.0,90.0,31.047,2026-02-01T09:53:40
MCH-M-01,medium,M,300.338,314.567,1900.0,90.0,31.139,2026-02-01T09:53:50
MCH-M-01,medium,M,300.388,315.043,1900.0,90.0,31.259,2026-02-01T09:54:00
MCH-M-01,medium,M,300.139,315.569,1900.0,90.0,31.369,2026-02-01T09:54:10
MCH-M-01,medium,M,300.156,315.953,1900.0,90.0,31.508,2026-02-01T09:54:20
MCH-M-01,medium,M,300.216,316.353,1900.0,90.0,31.602,2026-02-01T09:54:30
MCH-M-01,medium,M,300.141,316.753,1900.0,90.0,31.67,2026-02-01T09:54:40
MCH-M-01,medium,M,300.22,317.13,1900.0,90.0,31.806,2026-02-01T09:54:50
MCH-M-01,medium,M,300.209,317.447,1900.0,90.0,31.864,2026-02-01T09:55:00
MCH-M-01,medium,M,300.274,317.801,1900.0,90.0,31.942,2026-02-01T09:55:10
MCH-M-01,medium,M,300.151,318.21,1900.0,90.0,32.063,2026-02-01T09:55:20
MCH-M-01,medium,M,300.006,318.567,1900.0,90.0,32.201,2026-02-01T09:55:30
MCH-M-01,medium,M,299.851,318.986,1900.0,90.0,32.294,2026-02-01T09:55:40
MCH-M-01,medium,M,299.768,319.425,1900.0,90.0,32.371,2026-02-01T09:55:50
MCH-M-01,medium,M,299.869,319.67,1900.0,90.0,32.487,2026-02-01T09:56:00
MCH-M-01,medium,M,300.019,320.254,1900.0,90.0,32.621,2026-02-01T09:56:10
MCH-M-01,medium,M,300.084,320.886,1900.0,90.0,32.773,2026-02-01T09:56:20
MCH-M-01,medium,M,300.156,322.95,1900.0,90.0,32.874,2026-02-01T09:56:30
MCH-M-01,medium,M,300.234,323.426,1900.0,90.0,32.967,2026-02-01T09:56:40
MCH-M-01,medium,M,300.393,324.092,1900.0,90.0,33.075,2026-02-01T09:56:50
MCH-M-01,medium,M,300.572,324.448,1900.0,90.0,33.206,2026-02-01T09:57:00
MCH-M-01,medium,M,300.595,324.947,1900.0,90.0,33.3,2026-02-01T09:57:10
MCH-M-01,medium,M,300.555,325.44,1900.0,90.0,33.417,2026-02-01T09:57:20
MCH-M-01,medium,M,300.787,326.267,1900.0,90.0,33.488,2026-02-01T09:57:30
MCH-M-01,medium,M,300.992,326.851,1900.0,90.0,33.627,2026-02-01T09:57:40
MCH-M-01,medium,M,301.239,327.498,1900.0,90.0,33.746,2026-02-01T09:57:50
MCH-M-01,medium,M,301.332,327.762,1900.0,90.0,33.852,2026-02-01T09:58:00
MCH-M-01,medium,M,301.537,328.223,1900.0,90.0,34.0,2026-02-01T09:58:10
MCH-M-01,medium,M,301.821,328.897,1900.0,90.0,34.117,2026-02-01T09:58:20
MCH-M-01,medium,M,301.92,329.275,1900.0,90.0,34.221,2026-02-01T09:58:30
MCH-M-01,medium,M,302.001,329.968,1900.0,90.0,34.299,2026-02-01T09:58:40
MCH-M-01,medium,M,302.121,330.616,1900.0,90.0,34.45,2026-02-01T09:58:50
MCH-M-01,medium,M,302.167,331.363,1900.0,90.0,34.536,2026-02-01T09:59:00
MCH-M-01,medium,M,302.312,331.822,1900.0,90.0,34.618,2026-02-01T09:59:10
MCH-M-01,medium,M,302.485,332.347,1900.0,90.0,34.751,2026-02-01T09:59:20
MCH-M-01,medium,M,302.671,332.7,1900.0,90.0,34.859,2026-02-01T09:59:30
MCH-M-01,medium,M,302.806,333.255,1900.0,90.0,34.998,2026-02-01T09:59:40
MCH-M-01,medium,M,303.025,333.701,1900.0,90.0,35.118,2026-02-01T09:59:50
MCH-M-01,medium,M,303.124,333.982,1900.0,90.0,35.228,2026-02-01T10:00:00
MCH-M-01,medium,M,303.255,334.509,1900.0,90.0,35.308,2026-02-01T10:00:10
MCH-M-01,medium,M,303.576,334.926,1900.0,90.0,35.417,2026-02-01T10:00:20
MCH-M-01,medium,M,303.883,335.16,1900.0,90.0,35.543,2026-02-01T10:00:30
MCH-M-01,medium,M,304.012,335.541,1900.0,90.0,35.635,2026-02-01T10:00:40
MCH-M-01,medium,M,304.21,335.764,1900.0,90.0,35.734,2026-02-01T10:00:50
MCH-M-01,medium,M,304.33,336.211,1900.0,90.0,35.858,2026-02-01T10:01:00
MCH-M-01,medium,M,304.543,336.876,1900.0,90.0,35.979,2026-02-01T10:01:10
MCH-M-01,medium,M,304.779,337.225,1900.0,90.0,36.078,2026-02-01T10:01:20
MCH-M-01,medium,M,305.121,337.813,1900.0,90.0,36.235,2026-02-01T10:01:30
MCH-M-01,medium,M,305.298,338.439,1900.0,90.0,36.34,2026-02-01T10:01:40
MCH-M-01,medium,M,305.715,338.767,1900.0,90.0,36.477,2026-02-01T10:01:50
MCH-M-01,medium,M,306.042,339.519,1900.0,90.0,36.569,2026-02-01T10:02:00
MCH-M-01,medium,M,306.259,340.0,1900.0,90.0,36.634,2026-02-01T10:02:10
MCH-M-01,medium,M,306.523,340.0,1900.0,90.0,36.775,2026-02-01T10:02:20
MCH-M-01,medium,M,306.71,340.0,1900.0,90.0,36.881,2026-02-01T10:02:30
MCH-M-01,medium,M,306.911,340.0,1900.0,90.0,36.987,2026-02-01T10:02:40
MCH-M-01,medium,M,307.192,340.0,1900.0,90.0,37.077,2026-02-01T10:02:50
MCH-M-01,medium,M,307.506,340.0,1900.0,90.0,37.126,2026-02-01T10:03:00
MCH-M-01,medium,M,307.645,340.0,1900.0,90.0,37.315,2026-02-01T10:03:10
MCH-M-01,medium,M,307.829,340.0,1900.0,90.0,37.449,2026-02-01T10:03:20
MCH-M-01,medium,M,308.08,340.0,1900.0,90.0,37.589,2026-02-01T10:03:30
MCH-M-01,medium,M,308.325,340.0,1900.0,90.0,37.706,2026-02-01T10:03:40
MCH-M-01,medium,M,308.651,340.0,1900.0,90.0,37.84,2026-02-01T10:03:50
MCH-M-01,medium,M,309.063,340.0,1900.0,90.0,37.967,2026-02-01T10:04:00
MCH-M-01,medium,M,309.481,340.0,1900.0,90.0,38.081,2026-02-01T10:04:10
MCH-M-01,medium,M,309.634,340.0,1900.0,90.0,38.185,2026-02-01T10:04:20
MCH-M-01,medium,M,309.806,340.0,1900.0,90.0,38.314,2026-02-01T10:04:30
MCH-M-01,medium,M,310.123,340.0,1900.0,90.0,38.444,2026-02-01T10:04:40
MCH-M-01,medium,M,310.341,340.0,1900.0,90.0,38.562,2026-02-01T10:04:50
MCH-M-01,medium,M,310.675,340.0,1900.0,90.0,38.759,2026-02-01T10:05:00
MCH-M-01,medium,M,310.716,340.0,1900.0,90.0,38.889,2026-02-01T10:05:10
MCH-M-01,medium,M,310.95,340.0,1900.0,90.0,39.018,2026-02-01T10:05:20
MCH-M-01,medium,M,311.16,340.0,1900.0,90.0,39.093,2026-02-01T10:05:30
MCH-M-01,medium,M,311.45,340.0,1900.0,90.0,39.2,2026-02-01T10:05:40
MCH-M-01,medium,M,311.76,340.0,1900.0,90.0,39.34,2026-02-01T10:05:50
MCH-M-01,medium,M,312.002,340.0,1900.0,90.0,39.458,2026-02-01T10:06:00
MCH-M-01,medium,M,312.316,340.0,1900.0,90.0,39.579,2026-02-01T10:06:10
MCH-M-01,medium,M,312.466,340.0,1900.0,90.0,39.671,2026-02-01T10:06:20
MCH-M-01,medium,M,312.565,340.0,1900.0,90.0,39.817,2026-02-01T10:06:30
MCH-M-01,medium,M,312.714,340.0,1900.0,90.0,39.926,2026-02-01T10:06:40
MCH-M-01,medium,M,312.929,340.0,1900.0,90.0,40.043,2026-02-01T10:06:50
MCH-M-01,medium,M,313.093,340.0,1900.0,90.0,40.157,2026-02-01T10:07:00
MCH-M-01,medium,M,313.151,340.0,1900.0,90.0,40.222,2026-02-01T10:07:10
MCH-M-01,medium,M,313.409,340.0,1900.0,90.0,40.298,2026-02-01T10:07:20
MCH-M-01,medium,M,313.317,340.0,1900.0,90.0,40.396,2026-02-01T10:07:30
MCH-M-01,medium,M,313.413,340.0,1877.469,90.0,40.463,2026-02-01T10:07:40
MCH-M-01,medium,M,313.549,340.0,1859.521,90.0,40.566,2026-02-01T10:07:50
MCH-M-01,medium,M,313.709,340.0,1820.849,90.0,40.689,2026-02-01T10:08:00
MCH-M-01,medium,M,313.639,340.0,1798.199,90.0,40.823,2026-02-01T10:08:10
MCH-M-01,medium,M,313.969,340.0,1771.315,90.0,40.913,2026-02-01T10:08:20
MCH-M-01,medium,M,314.04,340.0,1760.389,90.0,41.055,2026-02-01T10:08:30
MCH-M-01,medium,M,314.139,340.0,1687.723,90.0,41.175,2026-02-01T10:08:40
MCH-M-01,medium,M,314.204,340.0,1662.975,90.0,41.246,2026-02-01T10:08:50
MCH-M-01,medium,M,314.39,340.0,1655.288,90.0,41.377,2026-02-01T10:09:00
MCH-M-01,medium,M,314.657,340.0,1647.366,90.0,41.462,2026-02-01T10:09:10
MCH-M-01,medium,M,314.696,340.0,1619.105,90.0,41.586,2026-02-01T10:09:20
MCH-M-01,medium,M,314.723,340.0,1613.812,90.0,41.673,2026-02-01T10:09:30
MCH-M-01,medium,M,314.638,340.0,1590.422,90.0,41.737,2026-02-01T10:09:40
MCH-M-01,medium,M,314.723,340.0,1565.32,90.0,41.898,2026-02-01T10:09:50
MCH-M-01,medium,M,314.691,340.0,1550.739,90.0,41.976,2026-02-01T10:10:00
MCH-M-01,medium,M,314.78,340.0,1533.061,90.0,42.058,2026-02-01T10:10:10
MCH-M-01,medium,M,314.781,340.0,1512.258,90.0,42.18,2026-02-01T10:10:20
MCH-M-01,medium,M,314.835,340.0,1477.755,90.0,42.288,2026-02-01T10:10:30
MCH-M-01,medium,M,314.762,340.0,1476.407,90.0,42.391,2026-02-01T10:10:40
MCH-M-01,medium,M,314.699,340.0,1457.45,90.0,42.443,2026-02-01T10:10:50
MCH-M-01,medium,M,314.674,340.0,1451.281,90.0,42.554,2026-02-01T10:11:00
MCH-M-01,medium,M,314.643,340.0,1426.388,90.0,42.642,2026-02-01T10:11:10
MCH-M-01,medium,M,314.619,340.0,1417.569,90.0,42.734,2026-02-01T10:11:20
MCH-M-01,medium,M,314.589,340.0,1401.848,90.0,42.855,2026-02-01T10:11:30
MCH-M-01,medium,M,314.673,340.0,1399.039,90.0,42.932,2026-02-01T10:11:40
MCH-M-01,medium,M,314.588,340.0,1377.836,90.0,43.029,2026-02-01T10:11:50
MCH-M-01,medium,M,314.519,340.0,1364.634,90.0,43.073,2026-02-01T10:12:00
MCH-M-01,medium,M,314.461,340.0,1362.524,90.0,43.177,2026-02-01T10:12:10
MCH-M-01,medium,M,314.251,340.0,1350.929,90.0,43.339,2026-02-01T10:12:20
MCH-M-01,medium,M,314.126,340.0,1343.78,90.0,43.455,2026-02-01T10:12:30
MCH-M-01,medium,M,313.923,340.0,1322.234,90.0,43.539,2026-02-01T10:12:40
MCH-M-01,medium,M,313.933,340.0,1320.669,90.0,43.686,2026-02-01T10:12:50
MCH-M-01,medium,M,313.763,340.0,1314.821,90.0,43.825,2026-02-01T10:13:00
MCH-M-01,medium,M,313.805,340.0,1306.245,90.0,43.908,2026-02-01T10:13:10
MCH-M-01,medium,M,313.72,340.0,1310.132,90.0,44.025,2026-02-01T10:13:20
MCH-M-01,medium,M,313.621,340.0,1300.168,90.0,44.162,2026-02-01T10:13:30
MCH-M-01,medium,M,313.573,340.0,1295.069,90.0,44.304,2026-02-01T10:13:40
MCH-M-01,medium,M,313.419,340.0,1276.899,90.0,44.408,2026-02-01T10:13:50
MCH-M-01,medium,M,313.139,340.0,1261.55,90.0,44.512,2026-02-01T10:14:00
MCH-M-01,medium,M,313.095,340.0,1271.561,90.0,44.675,2026-02-01T10:14:10
MCH-M-01,medium,M,312.85,340.0,1261.256,90.0,44.753,2026-02-01T10:14:20
MCH-M-01,medium,M,312.584,339.522,1247.211,90.0,44.889,2026-02-01T10:14:30
MCH-M-01,medium,M,312.254,339.163,1252.266,90.0,45.013,2026-02-01T10:14:40
MCH-M-01,medium,M,312.073,338.866,1238.556,90.0,45.145,2026-02-01T10:14:50
MCH-M-01,medium,M,312.003,338.335,1227.294,90.0,45.25,2026-02-01T10:15:00
MCH-M-01,medium,M,311.888,338.024,1211.071,90.0,45.399,2026-02-01T10:15:10
MCH-M-01,medium,M,311.425,337.597,1221.103,90.0,45.544,2026-02-01T10:15:20
MCH-M-01,medium,M,311.152,337.201,1212.184,90.0,45.669,2026-02-01T10:15:30
MCH-M-01,medium,M,310.99,336.514,1208.32,90.0,45.759,2026-02-01T10:15:40
MCH-M-01,medium,M,310.722,336.133,1216.684,90.0,45.88,2026-02-01T10:15:50
MCH-M-01,medium,M,310.395,335.703,1209.135,90.0,46.053,2026-02-01T10:16:00
MCH-M-01,medium,M,310.113,335.133,1218.724,90.0,46.161,2026-02-01T10:16:10
MCH-M-01,medium,M,309.826,334.716,1233.831,90.0,46.272,2026-02-01T10:16:20
MCH-M-01,medium,M,309.52,334.166,1241.957,90.0,46.461,2026-02-01T10:16:30
MCH-M-01,medium,M,309.362,333.873,1240.203,90.0,46.553,2026-02-01T10:16:40
MCH-M-01,medium,M,309.138,333.536,1246.649,90.0,46.653,2026-02-01T10:16:50
MCH-M-01,medium,M,308.863,332.933,1247.309,90.0,46.758,2026-02-01T10:17:00
MCH-M-01,medium,M,308.71,332.339,1244.892,90.0,46.859,2026-02-01T10:17:10
MCH-M-01,medium,M,308.591,331.942,1246.814,90.0,46.976,2026-02-01T10:17:20
MCH-M-01,medium,M,308.213,331.575,1251.524,90.0,47.138,2026-02-01T10:17:30
MCH-M-01,medium,M,307.901,331.362,1244.483,90.0,47.247,2026-02-01T10:17:40
MCH-M-01,medium,M,307.66,332.679,1186.217,90.0,47.369,2026-02-01T10:17:50
MCH-M-01,medium,M,307.443,332.259,1191.888,90.0,47.489,2026-02-01T10:18:00
MCH-M-01,medium,M,307.308,331.833,1199.822,90.0,47.631,2026-02-01T10:18:10
MCH-M-01,medium,M,306.886,331.452,1200.9,90.0,47.746,2026-02-01T10:18:20
MCH-M-01,medium,M,306.418,331.085,1205.36,90.0,47.807,2026-02-01T10:18:30
MCH-M-01,medium,M,306.18,330.654,1212.583,90.0,47.973,2026-02-01T10:18:40
MCH-M-01,medium,M,306.006,330.33,1223.578,90.0,48.067,2026-02-01T10:18:50
MCH-M-01,medium,M,305.915,329.981,1239.774,90.0,48.176,2026-02-01T10:19:00
MCH-M-01,medium,M,305.587,329.409,1234.068,90.0,48.24,2026-02-01T10:19:10
MCH-M-01,medium,M,305.274,329.041,1250.781,90.0,48.312,2026-02-01T10:19:20
MCH-M-01,medium,M,305.038,328.526,1255.602,90.0,48.36,2026-02-01T10:19:30
MCH-M-01,medium,M,304.842,328.079,1268.492,90.0,48.476,2026-02-01T10:19:40
MCH-M-01,medium,M,304.703,327.609,1265.321,90.0,48.552,2026-02-01T10:19:50
MCH-M-01,medium,M,304.474,327.3,1267.575,90.0,48.686,2026-02-01T10:20:00
MCH-M-01,medium,M,304.249,326.838,1262.943,90.0,48.813,2026-02-01T10:20:10
MCH-M-01,medium,M,304.064,326.596,1285.645,90.0,48.94,2026-02-01T10:20:20
MCH-M-01,medium,M,303.825,326.19,1297.506,90.0,49.04,2026-02-01T10:20:30
MCH-M-01,medium,M,303.502,325.883,1298.935,90.0,49.165,2026-02-01T10:20:40
MCH-M-01,medium,M,303.387,325.506,1315.478,90.0,49.233,2026-02-01T10:20:50
MCH-M-01,medium,M,303.192,325.096,1315.37,90.0,49.342,2026-02-01T10:21:00
MCH-M-01,medium,M,302.922,324.883,1316.671,90.0,49.416,2026-02-01T10:21:10
MCH-M-01,medium,M,302.729,324.743,1318.319,90.0,49.514,2026-02-01T10:21:20
MCH-M-01,medium,M,302.449,324.379,1339.906,90.0,49.604,2026-02-01T10:21:30
MCH-M-01,medium,M,302.301,324.233,1363.581,90.0,49.723,2026-02-01T10:21:40
MCH-M-01,medium,M,302.191,323.913,1370.119,90.0,49.779,2026-02-01T10:21:50
MCH-M-01,medium,M,302.155,323.702,1378.792,90.0,49.897,2026-02-01T10:22:00
MCH-M-01,medium,M,302.254,323.472,1383.865,90.0,49.97,2026-02-01T10:22:10
MCH-M-01,medium,M,302.298,323.3,1390.893,90.0,50.127,2026-02-01T10:22:20
MCH-M-01,medium,M,302.238,323.273,1387.836,90.0,50.23,2026-02-01T10:22:30
MCH-M-01,medium,M,302.177,322.917,1390.613,90.0,50.326,2026-02-01T10:22:40
MCH-M-01,medium,M,302.086,322.723,1415.08,90.0,50.446,2026-02-01T10:22:50
MCH-M-01,medium,M,301.981,322.515,1425.912,90.0,50.511,2026-02-01T10:23:00
MCH-M-01,medium,M,301.856,322.266,1440.241,90.0,50.598,2026-02-01T10:23:10
MCH-M-01,medium,M,301.791,322.185,1447.495,90.0,50.723,2026-02-01T10:23:20
MCH-M-01,medium,M,301.616,322.348,1472.285,90.0,50.803,2026-02-01T10:23:30
MCH-M-01,medium,M,301.392,322.322,1497.162,90.0,50.881,2026-02-01T10:23:40
MCH-M-01,medium,M,301.232,322.31,1504.457,90.0,50.989,2026-02-01T10:23:50
MCH-M-01,medium,M,301.322,322.261,1519.655,90.0,51.167,2026-02-01T10:24:00
MCH-M-01,medium,M,301.286,322.179,1517.253,90.0,51.276,2026-02-01T10:24:10
MCH-M-01,medium,M,301.489,322.081,1536.423,90.0,51.357,2026-02-01T10:24:20
MCH-M-01,medium,M,301.599,321.945,1563.128,90.0,51.453,2026-02-01T10:24:30
MCH-M-01,medium,M,301.555,321.835,1575.89,90.0,51.533,2026-02-01T10:24:40
MCH-M-01,medium,M,301.547,321.931,1602.531,90.0,51.641,2026-02-01T10:24:50
MCH-M-01,medium,M,301.683,322.219,1628.397,90.0,51.752,2026-02-01T10:25:00
MCH-M-01,medium,M,301.724,322.388,1636.508,90.0,51.896,2026-02-01T10:25:10
MCH-M-01,medium,M,301.897,322.459,1648.93,90.0,52.006,2026-02-01T10:25:20
MCH-M-01,medium,M,302.001,322.738,1668.337,90.0,52.126,2026-02-01T10:25:30
MCH-M-01,medium,M,302.166,323.023,1684.648,90.0,52.235,2026-02-01T10:25:40
MCH-M-01,medium,M,302.342,323.131,1696.044,90.0,52.32,2026-02-01T10:25:50
MCH-M-01,medium,M,302.476,323.269,1720.251,90.0,52.467,2026-02-01T10:26:00
MCH-M-01,medium,M,302.437,323.557,1743.542,90.0,52.567,2026-02-01T10:26:10
MCH-M-01,medium,M,302.502,323.795,1774.242,90.0,52.634,2026-02-01T10:26:20
MCH-M-01,medium,M,302.452,323.897,1807.437,90.0,52.763,2026-02-01T10:26:30
MCH-M-01,medium,M,302.681,324.144,1840.113,90.0,52.853,2026-02-01T10:26:40
MCH-M-01,medium,M,302.857,324.509,1865.517,90.0,52.959,2026-02-01T10:26:50
MCH-M-01,medium,M,303.093,324.893,1881.094,90.0,53.048,2026-02-01T10:27:00
MCH-M-01,medium,M,303.204,325.001,1900.0,90.0,53.139,2026-02-01T10:27:10
MCH-M-01,medium,M,303.493,325.122,1900.0,90.0,53.234,2026-02-01T10:27:20
MCH-M-01,medium,M,303.657,325.374,1900.0,90.0,53.38,2026-02-01T10:27:30
MCH-M-01,medium,M,303.716,325.75,1900.0,90.0,53.444,2026-02-01T10:27:40
MCH-M-01,medium,M,303.966,326.035,1900.0,90.0,53.597,2026-02-01T10:27:50
MCH-M-01,medium,M,304.24,326.2,1900.0,90.0,53.707,2026-02-01T10:28:00
MCH-M-01,medium,M,304.588,326.596,1900.0,90.0,53.834,2026-02-01T10:28:10
MCH-M-01,medium,M,304.783,327.012,1900.0,90.0,53.959,2026-02-01T10:28:20
MCH-M-01,medium,M,305.102,327.357,1900.0,90.0,54.118,2026-02-01T10:28:30
MCH-M-01,medium,M,305.512,327.728,1900.0,90.0,54.244,2026-02-01T10:28:40
MCH-M-01,medium,M,305.903,328.042,1900.0,90.0,54.344,2026-02-01T10:28:50
MCH-M-01,medium,M,306.128,328.249,1900.0,90.0,54.458,2026-02-01T10:29:00
MCH-M-01,medium,M,306.484,328.768,1900.0,90.0,54.559,2026-02-01T10:29:10
MCH-M-01,medium,M,306.714,329.182,1900.0,90.0,54.701,2026-02-01T10:29:20
MCH-M-01,medium,M,307.124,330.347,1900.0,90.0,54.863,2026-02-01T10:29:30
MCH-M-01,medium,M,307.586,330.893,1900.0,90.0,54.988,2026-02-01T10:29:40
MCH-M-01,medium,M,307.834,331.435,1900.0,88.768,55.135,2026-02-01T10:29:50
MCH-M-01,medium,M,308.127,331.739,1900.0,87.599,55.257,2026-02-01T10:30:00
MCH-M-01,medium,M,308.339,332.252,1900.0,86.742,55.405,2026-02-01T10:30:10
MCH-M-01,medium,M,308.58,332.606,1900.0,85.783,55.531,2026-02-01T10:30:20
MCH-M-01,medium,M,308.987,332.998,1900.0,84.998,55.662,2026-02-01T10:30:30
MCH-M-01,medium,M,309.454,335.113,1900.0,86.904,55.822,2026-02-01T10:30:40
MCH-M-01,medium,M,309.916,335.575,1900.0,86.366,55.94,2026-02-01T10:30:50
MCH-M-01,medium,M,310.168,336.248,1900.0,85.581,56.03,2026-02-01T10:31:00
MCH-M-01,medium,M,310.564,336.769,1900.0,85.054,56.086,2026-02-01T10:31:10
MCH-M-01,medium,M,311.134,337.365,1900.0,83.959,56.205,2026-02-01T10:31:20
MCH-M-01,medium,M,311.727,337.912,1900.0,83.14,56.309,2026-02-01T10:31:30
MCH-M-01,medium,M,311.92,338.443,1900.0,82.046,56.362,2026-02-01T10:31:40
MCH-M-01,medium,M,312.358,338.975,1900.0,81.486,56.45,2026-02-01T10:31:50
MCH-M-01,medium,M,312.639,339.251,1900.0,80.434,56.592,2026-02-01T10:32:00
MCH-M-01,medium,M,312.884,339.652,1900.0,79.875,56.674,2026-02-01T10:32:10
MCH-M-01,medium,M,313.445,339.918,1900.0,79.4,56.79,2026-02-01T10:32:20
MCH-M-01,medium,M,313.925,340.0,1900.0,79.019,56.857,2026-02-01T10:32:30
MCH-M-01,medium,M,314.531,340.0,1900.0,78.354,56.978,2026-02-01T10:32:40
MCH-M-01,medium,M,315.161,340.0,1900.0,77.443,57.047,2026-02-01T10:32:50
MCH-M-01,medium,M,315.422,340.0,1900.0,76.099,57.208,2026-02-01T10:33:00
MCH-M-01,medium,M,315.832,340.0,1900.0,75.755,57.32,2026-02-01T10:33:10
MCH-M-01,medium,M,316.413,340.0,1900.0,75.374,57.377,2026-02-01T10:33:20
MCH-M-01,medium,M,316.728,340.0,1900.0,74.977,57.445,2026-02-01T10:33:30
MCH-M-01,medium,M,317.409,340.0,1900.0,74.283,57.546,2026-02-01T10:33:40
MCH-M-01,medium,M,317.907,340.0,1900.0,73.6,57.631,2026-02-01T10:33:50
MCH-M-01,medium,M,318.605,340.0,1900.0,72.99,57.758,2026-02-01T10:34:00
MCH-M-01,medium,M,319.046,340.0,1900.0,72.33,57.9,2026-02-01T10:34:10
MCH-M-01,medium,M,319.638,340.0,1900.0,72.081,57.983,2026-02-01T10:34:20
MCH-M-01,medium,M,319.975,340.0,1900.0,71.634,58.067,2026-02-01T10:34:30
MCH-M-01,medium,M,320.0,340.0,1900.0,71.406,58.199,2026-02-01T10:34:40
MCH-M-01,medium,M,320.0,340.0,1900.0,71.191,58.265,2026-02-01T10:34:50
MCH-M-01,medium,M,320.0,340.0,1900.0,70.938,58.385,2026-02-01T10:35:00
MCH-M-01,medium,M,320.0,340.0,1900.0,70.599,58.52,2026-02-01T10:35:10
MCH-M-01,medium,M,320.0,340.0,1900.0,69.918,58.611,2026-02-01T10:35:20
MCH-M-01,medium,M,320.0,340.0,1900.0,69.715,58.734,2026-02-01T10:35:30
MCH-M-01,medium,M,320.0,340.0,1900.0,69.963,58.885,2026-02-01T10:35:40
MCH-M-01,medium,M,320.0,340.0,1900.0,69.856,58.996,2026-02-01T10:35:50
MCH-M-01,medium,M,320.0,340.0,1900.0,69.354,59.12,2026-02-01T10:36:00
MCH-M-01,medium,M,320.0,340.0,1900.0,68.647,59.237,2026-02-01T10:36:10
MCH-M-01,medium,M,320.0,340.0,1900.0,68.443,59.341,2026-02-01T10:36:20
MCH-M-01,medium,M,320.0,340.0,1900.0,68.147,59.498,2026-02-01T10:36:30
MCH-M-01,medium,M,320.0,340.0,1900.0,67.558,59.623,2026-02-01T10:36:40
MCH-M-01,medium,M,320.0,340.0,1900.0,67.204,59.691,2026-02-01T10:36:50
MCH-M-01,medium,M,320.0,340.0,1900.0,67.513,59.797,2026-02-01T10:37:00
MCH-M-01,medium,M,320.0,340.0,1900.0,66.437,59.891,2026-02-01T10:37:10
MCH-M-01,medium,M,320.0,340.0,1900.0,66.426,59.996,2026-02-01T10:37:20
MCH-M-01,medium,M,320.0,340.0,1900.0,65.967,60.102,2026-02-01T10:37:30
MCH-M-01,medium,M,320.0,340.0,1900.0,65.088,60.25,2026-02-01T10:37:40
MCH-M-01,medium,M,320.0,340.0,1900.0,65.12,60.34,2026-02-01T10:37:50
MCH-M-01,medium,M,320.0,340.0,1900.0,64.597,60.447,2026-02-01T10:38:00
MCH-M-01,medium,M,320.0,340.0,1900.0,64.846,60.548,2026-02-01T10:38:10
MCH-M-01,medium,M,320.0,340.0,1900.0,64.803,60.623,2026-02-01T10:38:20
MCH-M-01,medium,M,320.0,340.0,1900.0,65.036,60.688,2026-02-01T10:38:30
MCH-M-01,medium,M,320.0,340.0,1900.0,65.174,60.79,2026-02-01T10:38:40
MCH-M-01,medium,M,320.0,340.0,1900.0,64.748,60.873,2026-02-01T10:38:50
MCH-M-01,medium,M,320.0,340.0,1900.0,65.136,61.004,2026-02-01T10:39:00
MCH-M-01,medium,M,320.0,340.0,1900.0,64.925,61.108,2026-02-01T10:39:10
MCH-M-01,medium,M,320.0,340.0,1900.0,64.374,61.23,2026-02-01T10:39:20
MCH-M-01,medium,M,320.0,340.0,1900.0,64.206,61.304,2026-02-01T10:39:30
MCH-M-01,medium,M,320.0,340.0,1900.0,64.132,61.357,2026-02-01T10:39:40
MCH-M-01,medium,M,320.0,340.0,1900.0,64.026,61.465,2026-02-01T10:39:50
MCH-M-01,medium,M,320.0,340.0,1900.0,64.561,61.557,2026-02-01T10:40:00
MCH-M-01,medium,M,320.0,340.0,1900.0,64.492,61.715,2026-02-01T10:40:10
MCH-M-01,medium,M,320.0,340.0,1900.0,64.708,61.802,2026-02-01T10:40:20
MCH-M-01,medium,M,320.0,340.0,1900.0,64.563,61.909,2026-02-01T10:40:30
MCH-M-01,medium,M,320.0,340.0,1900.0,64.335,62.027,2026-02-01T10:40:40
MCH-M-01,medium,M,320.0,340.0,1900.0,63.718,62.105,2026-02-01T10:40:50
MCH-M-01,medium,M,320.0,340.0,1900.0,63.912,62.232,2026-02-01T10:41:00
MCH-M-01,medium,M,320.0,340.0,1900.0,64.126,62.407,2026-02-01T10:41:10
MCH-M-01,medium,M,320.0,340.0,1900.0,64.437,62.551,2026-02-01T10:41:20
MCH-M-01,medium,M,320.0,340.0,1900.0,65.061,62.669,2026-02-01T10:41:30
MCH-M-01,medium,M,320.0,340.0,1900.0,64.999,62.793,2026-02-01T10:41:40
MCH-M-01,medium,M,320.0,340.0,1900.0,65.159,62.929,2026-02-01T10:41:50
MCH-M-01,medium,M,320.0,340.0,1900.0,64.776,63.013,2026-02-01T10:42:00
MCH-M-01,medium,M,320.0,340.0,1900.0,65.285,63.116,2026-02-01T10:42:10
MCH-M-01,medium,M,320.0,340.0,1900.0,65.49,25.957,2026-02-01T10:42:20
MCH-M-01,medium,M,320.0,340.0,1900.0,65.715,26.08,2026-02-01T10:42:30
MCH-M-01,medium,M,320.0,340.0,1900.0,65.599,26.172,2026-02-01T10:42:40
MCH-M-01,medium,M,320.0,340.0,1900.0,65.783,26.3,2026-02-01T10:42:50
MCH-M-01,medium,M,320.0,340.0,1900.0,66.057,26.367,2026-02-01T10:43:00
MCH-M-01,medium,M,320.0,340.0,1900.0,66.716,26.492,2026-02-01T10:43:10
MCH-M-01,medium,M,320.0,340.0,1900.0,66.901,26.598,2026-02-01T10:43:20
MCH-M-01,medium,M,320.0,340.0,1900.0,67.079,26.726,2026-02-01T10:43:30
MCH-M-01,medium,M,320.0,340.0,1900.0,66.071,26.824,2026-02-01T10:43:40
MCH-M-01,medium,M,320.0,340.0,1900.0,66.089,26.931,2026-02-01T10:43:50
MCH-M-01,medium,M,320.0,340.0,1900.0,66.537,27.057,2026-02-01T10:44:00
MCH-M-01,medium,M,320.0,340.0,1900.0,67.254,27.14,2026-02-01T10:44:10
MCH-M-01,medium,M,320.0,340.0,1900.0,67.478,27.232,2026-02-01T10:44:20
MCH-M-01,medium,M,320.0,340.0,1900.0,68.264,27.365,2026-02-01T10:44:30
MCH-M-01,medium,M,320.0,340.0,1900.0,69.142,27.477,2026-02-01T10:44:40
MCH-M-01,medium,M,320.0,340.0,1900.0,69.514,27.616,2026-02-01T10:44:50
MCH-M-01,medium,M,320.0,340.0,1900.0,70.434,27.714,2026-02-01T10:45:00
MCH-M-01,medium,M,320.0,340.0,1900.0,70.751,27.824,2026-02-01T10:45:10
MCH-M-01,medium,M,320.0,340.0,1900.0,70.778,27.916,2026-02-01T10:45:20
MCH-M-01,medium,M,320.0,340.0,1900.0,71.373,28.024,2026-02-01T10:45:30
MCH-M-01,medium,M,320.0,340.0,1900.0,71.616,28.105,2026-02-01T10:45:40
MCH-M-01,medium,M,320.0,340.0,1900.0,72.39,28.2,2026-02-01T10:45:50
MCH-M-01,medium,M,320.0,340.0,1900.0,72.902,28.339,2026-02-01T10:46:00
MCH-M-01,medium,M,320.0,340.0,1900.0,73.178,28.427,2026-02-01T10:46:10
MCH-M-01,medium,M,320.0,340.0,1900.0,73.731,28.581,2026-02-01T10:46:20
MCH-M-01,medium,M,320.0,340.0,1900.0,79.454,28.703,2026-02-01T10:46:30
MCH-M-01,medium,M,320.0,340.0,1900.0,80.384,28.778,2026-02-01T10:46:40
MCH-M-01,medium,M,320.0,340.0,1900.0,80.777,28.912,2026-02-01T10:46:50
MCH-M-01,medium,M,320.0,340.0,1900.0,81.361,29.023,2026-02-01T10:47:00
MCH-M-01,medium,M,320.0,340.0,1900.0,82.02,29.139,2026-02-01T10:47:10
MCH-M-01,medium,M,320.0,340.0,1900.0,82.09,29.297,2026-02-01T10:47:20
MCH-M-01,medium,M,320.0,340.0,1900.0,82.383,29.424,2026-02-01T10:47:30
MCH-M-01,medium,M,320.0,340.0,1900.0,83.198,29.534,2026-02-01T10:47:40
MCH-M-01,medium,M,320.0,340.0,1900.0,83.843,29.617,2026-02-01T10:47:50
MCH-M-01,medium,M,320.0,340.0,1900.0,84.841,29.718,2026-02-01T10:48:00
MCH-M-01,medium,M,320.0,340.0,1900.0,85.432,29.819,2026-02-01T10:48:10
MCH-M-01,medium,M,320.0,340.0,1900.0,85.932,29.901,2026-02-01T10:48:20
MCH-M-01,medium,M,320.0,340.0,1900.0,86.377,30.03,2026-02-01T10:48:30
MCH-M-01,medium,M,320.0,340.0,1900.0,86.841,30.133,2026-02-01T10:48:40
MCH-M-01,medium,M,320.0,340.0,1900.0,87.441,30.308,2026-02-01T10:48:50
MCH-M-01,medium,M,320.0,340.0,1900.0,87.796,30.426,2026-02-01T10:49:00
MCH-M-01,medium,M,320.0,340.0,1900.0,88.584,30.508,2026-02-01T10:49:10
MCH-M-01,medium,M,320.0,340.0,1900.0,89.384,30.627,2026-02-01T10:49:20
MCH-M-01,medium,M,320.0,340.0,1900.0,90.0,30.754,2026-02-01T10:49:30
MCH-M-01,medium,M,320.0,340.0,1900.0,90.0,30.843,2026-02-01T10:49:40
MCH-M-01,medium,M,320.0,340.0,1900.0,90.0,30.925,2026-02-01T10:49:50
MCH-M-01,medium,M,320.0,340.0,1900.0,90.0,31.068,2026-02-01T10:50:00
MCH-M-01,medium,M,320.0,340.0,1900.0,90.0,31.195,2026-02-01T10:50:10
MCH-M-01,medium,M,320.0,340.0,1900.0,90.0,31.269,2026-02-01T10:50:20
MCH-M-01,medium,M,320.0,340.0,1900.0,90.0,31.329,2026-02-01T10:50:30
MCH-M-01,medium,M,320.0,340.0,1900.0,90.0,31.436,2026-02-01T10:50:40
MCH-M-01,medium,M,320.0,340.0,1900.0,90.0,31.559,2026-02-01T10:50:50
MCH-M-01,medium,M,320.0,340.0,1900.0,90.0,31.666,2026-02-01T10:51:00
MCH-M-01,medium,M,320.0,340.0,1900.0,90.0,31.764,2026-02-01T10:51:10
MCH-M-01,medium,M,320.0,340.0,1900.0,90.0,31.874,2026-02-01T10:51:20
MCH-M-01,medium,M,320.0,339.836,1900.0,90.0,31.987,2026-02-01T10:51:30
MCH-M-01,medium,M,320.0,339.381,1900.0,90.0,32.049,2026-02-01T10:51:40
MCH-M-01,medium,M,320.0,338.76,1900.0,90.0,32.185,2026-02-01T10:51:50
MCH-M-01,medium,M,320.0,338.32,1900.0,90.0,32.271,2026-02-01T10:52:00
MCH-M-01,medium,M,320.0,338.049,1900.0,90.0,32.354,2026-02-01T10:52:10
MCH-M-01,medium,M,320.0,337.633,1900.0,90.0,32.466,2026-02-01T10:52:20
MCH-M-01,medium,M,319.718,337.015,1900.0,90.0,32.633,2026-02-01T10:52:30
MCH-M-01,medium,M,319.254,336.759,1900.0,90.0,32.744,2026-02-01T10:52:40
MCH-M-01,medium,M,318.754,338.968,1900.0,90.0,32.842,2026-02-01T10:52:50
MCH-M-01,medium,M,318.176,338.692,1900.0,90.0,32.943,2026-02-01T10:53:00
MCH-M-01,medium,M,317.7,338.371,1900.0,90.0,33.08,2026-02-01T10:53:10
MCH-M-01,medium,M,317.281,337.868,1900.0,90.0,33.158,2026-02-01T10:53:20
MCH-M-01,medium,M,316.841,337.573,1900.0,90.0,33.303,2026-02-01T10:53:30
MCH-M-01,medium,M,316.487,337.224,1900.0,90.0,33.434,2026-02-01T10:53:40
MCH-M-01,medium,M,316.048,336.905,1900.0,90.0,33.555,2026-02-01T10:53:50
MCH-M-01,medium,M,315.564,336.62,1900.0,90.0,33.646,2026-02-01T10:54:00
MCH-M-01,medium,M,315.221,336.191,1900.0,90.0,33.723,2026-02-01T10:54:10
MCH-M-01,medium,M,314.836,335.956,1900.0,90.0,33.823,2026-02-01T10:54:20
MCH-M-01,medium,M,314.242,335.606,1900.0,90.0,33.896,2026-02-01T10:54:30
MCH-M-01,medium,M,313.875,335.357,1900.0,90.0,33.984,2026-02-01T10:54:40
MCH-M-01,medium,M,313.488,335.267,1900.0,90.0,34.128,2026-02-01T10:54:50
MCH-M-01,medium,M,312.98,335.131,1900.0,90.0,34.213,2026-02-01T10:55:00
MCH-M-01,medium,M,312.634,335.006,1900.0,90.0,34.355,2026-02-01T10:55:10
MCH-M-01,medium,M,312.178,334.738,1900.0,90.0,34.482,2026-02-01T10:55:20
MCH-M-01,medium,M,311.933,334.373,1900.0,90.0,34.6,2026-02-01T10:55:30
MCH-M-01,medium,M,311.589,334.161,1900.0,90.0,34.684,2026-02-01T10:55:40
MCH-M-01,medium,M,311.074,334.01,1900.0,90.0,34.807,2026-02-01T10:55:50
MCH-M-01,medium,M,310.755,333.789,1900.0,90.0,34.941,2026-02-01T10:56:00
MCH-M-01,medium,M,310.476,333.79,1900.0,90.0,35.048,2026-02-01T10:56:10
MCH-M-01,medium,M,310.059,333.51,1900.0,90.0,35.143,2026-02-01T10:56:20
MCH-M-01,medium,M,309.651,333.361,1900.0,90.0,35.243,2026-02-01T10:56:30
MCH-M-01,medium,M,309.293,333.312,1900.0,90.0,35.394,2026-02-01T10:56:40
MCH-M-01,medium,M,309.053,333.069,1900.0,90.0,35.526,2026-02-01T10:56:50
MCH-M-01,medium,M,308.648,332.873,1900.0,90.0,35.603,2026-02-01T10:57:00
MCH-M-01,medium,M,308.435,332.778,1900.0,90.0,35.664,2026-02-01T10:57:10
MCH-M-01,medium,M,308.029,332.801,1900.0,90.0,35.738,2026-02-01T10:57:20
MCH-M-01,medium,M,307.649,332.792,1900.0,90.0,35.804,2026-02-01T10:57:30
MCH-M-01,medium,M,307.548,332.765,1900.0,90.0,35.879,2026-02-01T10:57:40
MCH-M-01,medium,M,307.17,332.88,1900.0,90.0,35.937,2026-02-01T10:57:50
MCH-M-01,medium,M,306.863,332.845,1900.0,90.0,36.074,2026-02-01T10:58:00
MCH-M-01,medium,M,306.724,333.065,1900.0,90.0,36.184,2026-02-01T10:58:10
MCH-M-01,medium,M,306.263,332.956,1900.0,90.0,36.229,2026-02-01T10:58:20
MCH-M-01,medium,M,306.105,332.966,1900.0,90.0,36.334,2026-02-01T10:58:30
MCH-M-01,medium,M,305.957,333.021,1900.0,90.0,36.42,2026-02-01T10:58:40
MCH-M-01,medium,M,305.745,333.302,1900.0,90.0,36.482,2026-02-01T10:58:50
MCH-M-01,medium,M,305.48,333.481,1900.0,90.0,36.575,2026-02-01T10:59:00
MCH-M-01,medium,M,305.262,333.506,1900.0,90.0,36.752,2026-02-01T10:59:10
MCH-M-01,medium,M,305.129,333.699,1900.0,90.0,36.854,2026-02-01T10:59:20
MCH-M-01,medium,M,304.753,333.714,1900.0,90.0,36.94,2026-02-01T10:59:30
MCH-M-01,medium,M,304.759,333.841,1900.0,90.0,37.052,2026-02-01T10:59:40
MCH-M-01,medium,M,304.663,333.946,1900.0,90.0,37.163,2026-02-01T10:59:50
MCH-M-01,medium,M,304.5,333.97,1900.0,90.0,37.2,2026-02-01T11:00:00
MCH-M-01,medium,M,304.198,334.213,1900.0,90.0,37.337,2026-02-01T11:00:10
MCH-M-01,medium,M,304.13,334.6,1900.0,90.0,37.403,2026-02-01T11:00:20
MCH-M-01,medium,M,304.223,334.97,1900.0,90.0,37.501,2026-02-01T11:00:30
MCH-M-01,medium,M,304.061,335.189,1900.0,90.0,37.634,2026-02-01T11:00:40
MCH-M-01,medium,M,303.968,335.421,1900.0,90.0,37.714,2026-02-01T11:00:50
MCH-M-01,medium,M,303.709,335.654,1894.494,90.0,37.834,2026-02-01T11:01:00
MCH-M-01,medium,M,303.751,335.978,1882.82,90.0,37.945,2026-02-01T11:01:10
MCH-M-01,medium,M,303.857,336.212,1856.082,90.0,38.067,2026-02-01T11:01:20
MCH-M-01,medium,M,303.958,336.416,1839.855,90.0,38.194,2026-02-01T11:01:30
MCH-M-01,medium,M,303.928,336.554,1819.654,90.0,38.366,2026-02-01T11:01:40
MCH-M-01,medium,M,303.853,336.916,1809.404,90.0,38.503,2026-02-01T11:01:50
MCH-M-01,medium,M,303.846,337.233,1788.826,90.0,38.592,2026-02-01T11:02:00
MCH-M-01,medium,M,303.871,337.768,1763.939,90.0,38.739,2026-02-01T11:02:10
MCH-M-01,medium,M,303.98,338.049,1731.408,90.0,38.864,2026-02-01T11:02:20
MCH-M-01,medium,M,304.071,338.168,1710.611,90.0,39.011,2026-02-01T11:02:30
MCH-M-01,medium,M,304.207,338.581,1680.272,90.0,39.097,2026-02-01T11:02:40
MCH-M-01,medium,M,304.096,340.0,1574.696,90.0,39.187,2026-02-01T11:02:50
MCH-M-01,medium,M,304.096,340.0,1551.949,90.0,39.298,2026-02-01T11:03:00
MCH-M-01,medium,M,304.145,340.0,1535.302,90.0,39.389,2026-02-01T11:03:10
MCH-M-01,medium,M,304.131,340.0,1511.466,90.0,39.483,2026-02-01T11:03:20
MCH-M-01,medium,M,304.233,340.0,1489.747,90.0,39.594,2026-02-01T11:03:30
MCH-M-01,medium,M,304.323,340.0,1474.821,90.0,39.759,2026-02-01T11:03:40
MCH-M-01,medium,M,304.48,340.0,1447.872,90.0,39.814,2026-02-01T11:03:50
MCH-M-01,medium,M,304.417,340.0,1436.626,90.0,39.895,2026-02-01T11:04:00
MCH-M-01,medium,M,304.367,340.0,1416.942,90.0,39.944,2026-02-01T11:04:10
MCH-M-01,medium,M,304.428,340.0,1379.231,90.0,40.019,2026-02-01T11:04:20
MCH-M-01,medium,M,304.733,340.0,1364.38,90.0,40.124,2026-02-01T11:04:30
MCH-M-01,medium,M,304.859,340.0,1344.921,90.0,40.243,2026-02-01T11:04:40
MCH-M-01,medium,M,304.903,340.0,1316.12,90.0,40.313,2026-02-01T11:04:50
MCH-M-01,medium,M,304.893,340.0,1297.429,90.0,40.464,2026-02-01T11:05:00
MCH-M-01,medium,M,305.068,340.0,1281.442,90.0,40.55,2026-02-01T11:05:10
MCH-M-01,medium,M,305.203,340.0,1265.641,90.0,40.682,2026-02-01T11:05:20
MCH-M-01,medium,M,305.384,340.0,1235.373,90.0,40.773,2026-02-01T11:05:30
MCH-M-01,medium,M,305.48,340.0,1202.362,90.0,40.904,2026-02-01T11:05:40
MCH-M-01,medium,M,305.751,340.0,1186.746,90.0,41.037,2026-02-01T11:05:50
MCH-M-01,medium,M,305.846,340.0,1178.743,90.0,41.121,2026-02-01T11:06:00
MCH-M-01,medium,M,306.19,340.0,1161.398,90.0,41.231,2026-02-01T11:06:10
MCH-M-01,medium,M,306.244,340.0,1141.594,90.0,41.351,2026-02-01T11:06:20
MCH-M-01,medium,M,306.545,340.0,1128.617,90.0,41.419,2026-02-01T11:06:30
MCH-M-01,medium,M,306.84,340.0,1113.714,90.0,41.516,2026-02-01T11:06:40
MCH-M-01,medium,M,307.171,340.0,1105.627,90.0,41.607,2026-02-01T11:06:50
MCH-M-01,medium,M,307.319,340.0,1100.0,90.0,41.703,2026-02-01T11:07:00
MCH-M-01,medium,M,307.518,340.0,1100.0,90.0,41.797,2026-02-01T11:07:10
MCH-M-01,medium,M,307.763,340.0,1100.0,90.0,41.932,2026-02-01T11:07:20
MCH-M-01,medium,M,308.018,340.0,1100.0,90.0,42.019,2026-02-01T11:07:30
MCH-M-01,medium,M,308.194,340.0,1100.0,90.0,42.111,2026-02-01T11:07:40
MCH-M-01,medium,M,308.386,340.0,1100.0,90.0,42.244,2026-02-01T11:07:50
MCH-M-01,medium,M,308.609,340.0,1100.0,90.0,42.342,2026-02-01T11:08:00
MCH-M-01,medium,M,308.897,340.0,1100.0,90.0,42.436,2026-02-01T11:08:10
MCH-M-01,medium,M,309.247,340.0,1100.0,90.0,42.531,2026-02-01T11:08:20
MCH-M-01,medium,M,309.485,340.0,1100.0,90.0,42.64,2026-02-01T11:08:30
MCH-M-01,medium,M,309.67,340.0,1100.0,90.0,42.777,2026-02-01T11:08:40
MCH-M-01,medium,M,309.955,340.0,1100.0,90.0,42.85,2026-02-01T11:08:50
MCH-M-01,medium,M,310.05,340.0,1100.0,90.0,43.009,2026-02-01T11:09:00
MCH-M-01,medium,M,310.283,340.0,1100.0,90.0,43.121,2026-02-01T11:09:10
MCH-M-01,medium,M,310.534,340.0,1100.0,90.0,43.26,2026-02-01T11:09:20
MCH-M-01,medium,M,310.879,340.0,1100.0,90.0,43.36,2026-02-01T11:09:30
MCH-M-01,medium,M,311.098,340.0,1100.0,90.0,43.474,2026-02-01T11:09:40
MCH-M-01,medium,M,311.359,340.0,1100.0,90.0,43.587,2026-02-01T11:09:50
MCH-M-01,medium,M,311.601,340.0,1100.0,90.0,43.707,2026-02-01T11:10:00
MCH-M-01,medium,M,311.913,340.0,1100.0,90.0,43.806,2026-02-01T11:10:10
MCH-M-01,medium,M,312.234,340.0,1100.0,90.0,43.924,2026-02-01T11:10:20
MCH-M-01,medium,M,312.404,340.0,1100.0,90.0,44.068,2026-02-01T11:10:30
MCH-M-01,medium,M,312.719,340.0,1100.0,90.0,44.202,2026-02-01T11:10:40
MCH-M-01,medium,M,313.162,340.0,1100.0,90.0,44.348,2026-02-01T11:10:50
MCH-M-01,medium,M,313.351,340.0,1100.0,90.0,44.443,2026-02-01T11:11:00
MCH-M-01,medium,M,313.67,340.0,1100.0,90.0,44.61,2026-02-01T11:11:10
MCH-M-01,medium,M,313.85,340.0,1100.0,90.0,44.695,2026-02-01T11:11:20
MCH-M-01,medium,M,314.322,340.0,1100.0,90.0,44.806,2026-02-01T11:11:30
MCH-M-01,medium,M,314.669,340.0,1100.0,90.0,44.921,2026-02-01T11:11:40
MCH-M-01,medium,M,314.991,340.0,1100.0,90.0,44.999,2026-02-01T11:11:50
MCH-M-01,medium,M,315.392,340.0,1100.0,90.0,45.061,2026-02-01T11:12:00
MCH-M-01,medium,M,315.803,340.0,1100.0,90.0,45.14,2026-02-01T11:12:10
MCH-M-01,medium,M,316.281,340.0,1100.0,90.0,45.241,2026-02-01T11:12:20
MCH-M-01,medium,M,316.575,340.0,1100.0,90.0,45.398,2026-02-01T11:12:30
MCH-M-01,medium,M,316.742,340.0,1100.0,90.0,45.526,2026-02-01T11:12:40
MCH-M-01,medium,M,316.811,340.0,1100.0,90.0,45.633,2026-02-01T11:12:50
MCH-M-01,medium,M,317.069,340.0,1100.0,90.0,45.712,2026-02-01T11:13:00
MCH-M-01,medium,M,317.177,340.0,1100.0,90.0,45.851,2026-02-01T11:13:10
MCH-M-01,medium,M,317.457,340.0,1100.0,90.0,45.922,2026-02-01T11:13:20
MCH-M-01,medium,M,317.461,340.0,1100.0,90.0,45.977,2026-02-01T11:13:30
MCH-M-01,medium,M,317.734,340.0,1100.0,90.0,46.089,2026-02-01T11:13:40
MCH-M-01,medium,M,317.857,340.0,1100.0,90.0,46.178,2026-02-01T11:13:50
MCH-M-01,medium,M,318.166,340.0,1100.0,90.0,46.267,2026-02-01T11:14:00
MCH-M-01,medium,M,318.166,340.0,1100.0,90.0,46.348,2026-02-01T11:14:10
MCH-M-01,medium,M,318.256,340.0,1100.0,90.0,46.428,2026-02-01T11:14:20
MCH-M-01,medium,M,318.357,340.0,1100.0,90.0,46.591,2026-02-01T11:14:30
MCH-M-01,medium,M,318.588,340.0,1100.0,90.0,46.701,2026-02-01T11:14:40
MCH-M-01,medium,M,318.835,340.0,1100.0,90.0,46.786,2026-02-01T11:14:50
MCH-M-01,medium,M,318.709,340.0,1100.0,90.0,46.87,2026-02-01T11:15:00
MCH-M-01,medium,M,318.818,340.0,1100.0,90.0,46.965,2026-02-01T11:15:10
MCH-M-01,medium,M,318.895,340.0,1100.0,90.0,47.066,2026-02-01T11:15:20
MCH-M-01,medium,M,318.959,340.0,1100.0,90.0,47.19,2026-02-01T11:15:30
MCH-M-01,medium,M,319.187,340.0,1100.0,90.0,47.341,2026-02-01T11:15:40
MCH-M-01,medium,M,319.236,340.0,1100.0,90.0,47.497,2026-02-01T11:15:50
MCH-M-01,medium,M,319.278,340.0,1100.0,90.0,47.577,2026-02-01T11:16:00
MCH-M-01,medium,M,319.324,340.0,1100.0,90.0,47.692,2026-02-01T11:16:10
MCH-M-01,medium,M,319.499,340.0,1100.0,90.0,47.796,2026-02-01T11:16:20
MCH-M-01,medium,M,319.563,340.0,1100.0,90.0,47.901,2026-02-01T11:16:30
MCH-M-01,medium,M,319.549,340.0,1100.0,90.0,48.068,2026-02-01T11:16:40
MCH-M-01,medium,M,319.639,340.0,1100.0,90.0,48.182,2026-02-01T11:16:50
MCH-M-01,medium,M,319.616,340.0,1100.0,90.0,48.302,2026-02-01T11:17:00
MCH-M-01,medium,M,319.713,340.0,1100.0,90.0,48.372,2026-02-01T11:17:10
MCH-M-01,medium,M,319.712,340.0,1100.0,90.0,24.376,2026-02-01T11:17:20
MCH-M-01,medium,M,319.743,340.0,1100.0,90.0,24.519,2026-02-01T11:17:30
MCH-M-01,medium,M,319.597,340.0,1100.0,90.0,24.62,2026-02-01T11:17:40
MCH-M-01,medium,M,319.487,340.0,1100.0,90.0,24.71,2026-02-01T11:17:50
MCH-M-01,medium,M,319.54,340.0,1100.0,90.0,24.852,2026-02-01T11:18:00
MCH-M-01,medium,M,319.517,340.0,1100.0,90.0,24.992,2026-02-01T11:18:10
MCH-M-01,medium,M,319.29,340.0,1100.0,90.0,25.127,2026-02-01T11:18:20
MCH-M-01,medium,M,319.217,340.0,1100.0,90.0,25.195,2026-02-01T11:18:30
MCH-M-01,medium,M,319.193,340.0,1100.0,90.0,25.348,2026-02-01T11:18:40
MCH-M-01,medium,M,319.011,340.0,1100.0,90.0,25.415,2026-02-01T11:18:50
MCH-M-01,medium,M,318.828,340.0,1100.0,90.0,25.503,2026-02-01T11:19:00
MCH-M-01,medium,M,318.823,340.0,1100.0,90.0,25.59,2026-02-01T11:19:10
MCH-M-01,medium,M,318.735,340.0,1100.0,90.0,25.67,2026-02-01T11:19:20
MCH-M-01,medium,M,318.867,340.0,1100.0,90.0,25.801,2026-02-01T11:19:30
MCH-M-01,medium,M,318.55,340.0,1100.0,90.0,25.926,2026-02-01T11:19:40
MCH-M-01,medium,M,318.313,340.0,1100.0,90.0,26.025,2026-02-01T11:19:50
MCH-M-01,medium,M,318.214,340.0,1100.0,90.0,26.095,2026-02-01T11:20:00
MCH-M-01,medium,M,318.065,340.0,1100.0,90.0,26.177,2026-02-01T11:20:10
MCH-M-01,medium,M,317.994,340.0,1100.0,90.0,26.323,2026-02-01T11:20:20
MCH-M-01,medium,M,317.91,340.0,1100.0,90.0,26.386,2026-02-01T11:20:30
MCH-M-01,medium,M,317.77,340.0,1100.0,90.0,26.446,2026-02-01T11:20:40
MCH-M-01,medium,M,317.739,340.0,1100.0,90.0,26.537,2026-02-01T11:20:50
MCH-M-01,medium,M,317.578,340.0,1100.0,90.0,26.644,2026-02-01T11:21:00
MCH-M-01,medium,M,317.415,340.0,1100.0,90.0,26.72,2026-02-01T11:21:10
MCH-M-01,medium,M,317.272,340.0,1103.16,90.0,26.839,2026-02-01T11:21:20
MCH-M-01,medium,M,317.038,340.0,1128.563,90.0,26.957,2026-02-01T11:21:30
MCH-M-01,medium,M,316.856,340.0,1149.072,90.0,27.027,2026-02-01T11:21:40
MCH-M-01,medium,M,316.525,340.0,1149.291,90.0,27.1,2026-02-01T11:21:50
MCH-M-01,medium,M,316.527,340.0,1162.11,90.0,27.215,2026-02-01T11:22:00
MCH-M-01,medium,M,316.255,340.0,1180.908,90.0,27.311,2026-02-01T11:22:10
MCH-M-01,medium,M,315.913,340.0,1190.255,90.0,27.402,2026-02-01T11:22:20
MCH-M-01,medium,M,315.726,340.0,1208.123,90.0,27.498,2026-02-01T11:22:30
MCH-M-01,medium,M,315.511,340.0,1241.947,90.0,27.639,2026-02-01T11:22:40
MCH-M-01,medium,M,315.485,340.0,1265.0,90.0,27.733,2026-02-01T11:22:50
MCH-M-01,medium,M,315.128,340.0,1278.133,90.0,27.861,2026-02-01T11:23:00
MCH-M-01,medium,M,314.841,340.0,1284.526,90.0,27.983,2026-02-01T11:23:10
MCH-M-01,medium,M,314.698,340.0,1318.757,90.0,28.105,2026-02-01T11:23:20
MCH-M-01,medium,M,314.344,340.0,1345.483,90.0,28.199,2026-02-01T11:23:30
MCH-M-01,medium,M,314.0,340.0,1364.566,90.0,28.298,2026-02-01T11:23:40
MCH-M-01,medium,M,313.933,340.0,1388.473,90.0,28.412,2026-02-01T11:23:50
MCH-M-01,medium,M,313.737,340.0,1404.567,90.0,28.504,2026-02-01T11:24:00
MCH-M-01,medium,M,313.561,340.0,1422.981,90.0,28.585,2026-02-01T11:24:10
MCH-M-01,medium,M,313.365,340.0,1447.104,90.0,28.763,2026-02-01T11:24:20
MCH-M-01,medium,M,312.965,340.0,1456.248,90.0,28.911,2026-02-01T11:24:30
MCH-M-01,medium,M,312.716,340.0,1466.047,90.0,29.065,2026-02-01T11:24:40
MCH-M-01,medium,M,312.436,340.0,1494.258,90.0,29.14,2026-02-01T11:24:50
MCH-M-01,medium,M,312.145,340.0,1476.959,90.0,29.215,2026-02-01T11:25:00
MCH-M-01,medium,M,311.756,340.0,1501.746,90.0,29.305,2026-02-01T11:25:10
MCH-M-01,medium,M,311.483,340.0,1512.198,90.0,29.415,2026-02-01T11:25:20
MCH-M-01,medium,M,311.23,340.0,1530.712,90.0,29.518,2026-02-01T11:25:30
MCH-M-01,medium,M,311.015,340.0,1550.435,90.0,29.653,2026-02-01T11:25:40
MCH-M-01,medium,M,310.837,340.0,1573.726,90.0,29.779,2026-02-01T11:25:50
MCH-M-01,medium,M,310.545,340.0,1604.038,90.0,29.941,2026-02-01T11:26:00
MCH-M-01,medium,M,310.417,340.0,1627.092,90.0,30.035,2026-02-01T11:26:10
MCH-M-01,medium,M,310.198,340.0,1641.815,90.0,30.152,2026-02-01T11:26:20
MCH-M-01,medium,M,309.897,340.0,1662.89,90.0,30.231,2026-02-01T11:26:30
MCH-M-01,medium,M,309.775,340.0,1684.89,90.0,30.319,2026-02-01T11:26:40
MCH-M-01,medium,M,309.696,340.0,1710.518,90.0,30.428,2026-02-01T11:26:50
MCH-M-01,medium,M,309.331,340.0,1750.281,90.0,30.525,2026-02-01T11:27:00
MCH-M-01,medium,M,309.098,340.0,1770.013,90.0,30.616,2026-02-01T11:27:10
MCH-M-01,medium,M,308.999,340.0,1791.376,90.0,30.746,2026-02-01T11:27:20
MCH-M-01,medium,M,308.807,340.0,1810.757,90.0,30.878,2026-02-01T11:27:30
MCH-M-01,medium,M,308.465,340.0,1826.435,90.0,31.002,2026-02-01T11:27:40
MCH-M-01,medium,M,308.387,340.0,1846.069,90.0,31.069,2026-02-01T11:27:50
MCH-M-01,medium,M,308.167,340.0,1868.374,90.0,31.194,2026-02-01T11:28:00
MCH-M-01,medium,M,308.045,340.0,1900.0,90.0,31.278,2026-02-01T11:28:10
MCH-M-01,medium,M,307.929,340.0,1900.0,90.0,31.42,2026-02-01T11:28:20
MCH-M-01,medium,M,307.876,340.0,1900.0,90.0,31.541,2026-02-01T11:28:30
MCH-M-01,medium,M,307.831,340.0,1900.0,90.0,31.61,2026-02-01T11:28:40
MCH-M-01,medium,M,307.558,340.0,1900.0,90.0,31.689,2026-02-01T11:28:50
MCH-M-01,medium,M,307.346,340.0,1900.0,90.0,31.787,2026-02-01T11:29:00
MCH-M-01,medium,M,307.324,340.0,1900.0,90.0,31.901,2026-02-01T11:29:10
MCH-M-01,medium,M,307.122,340.0,1900.0,90.0,31.993,2026-02-01T11:29:20
MCH-M-01,medium,M,307.161,340.0,1900.0,90.0,32.093,2026-02-01T11:29:30
MCH-M-01,medium,M,307.063,340.0,1900.0,90.0,32.215,2026-02-01T11:29:40
MCH-M-01,medium,M,306.943,340.0,1900.0,90.0,32.332,2026-02-01T11:29:50
MCH-M-01,medium,M,306.832,340.0,1900.0,90.0,32.383,2026-02-01T11:30:00
MCH-M-01,medium,M,306.907,340.0,1900.0,90.0,32.481,2026-02-01T11:30:10
MCH-M-01,medium,M,306.968,340.0,1900.0,90.0,32.54,2026-02-01T11:30:20
MCH-M-01,medium,M,306.957,340.0,1900.0,90.0,32.628,2026-02-01T11:30:30
MCH-M-01,medium,M,306.935,340.0,1900.0,90.0,32.723,2026-02-01T11:30:40
MCH-M-01,medium,M,306.89,340.0,1900.0,90.0,32.83,2026-02-01T11:30:50
MCH-M-01,medium,M,307.04,340.0,1900.0,90.0,32.896,2026-02-01T11:31:00
MCH-M-01,medium,M,307.264,340.0,1900.0,90.0,32.975,2026-02-01T11:31:10
MCH-M-01,medium,M,307.25,340.0,1900.0,90.0,33.085,2026-02-01T11:31:20
MCH-M-01,medium,M,307.313,340.0,1900.0,90.0,33.197,2026-02-01T11:31:30
MCH-M-01,medium,M,307.529,340.0,1900.0,90.0,33.303,2026-02-01T11:31:40
MCH-M-01,medium,M,307.665,340.0,1900.0,90.0,33.396,2026-02-01T11:31:50
MCH-M-01,medium,M,307.662,340.0,1900.0,90.0,33.484,2026-02-01T11:32:00
MCH-M-01,medium,M,307.645,340.0,1900.0,90.0,33.552,2026-02-01T11:32:10
MCH-M-01,medium,M,307.853,340.0,1900.0,90.0,33.62,2026-02-01T11:32:20
MCH-M-01,medium,M,307.78,340.0,1900.0,90.0,33.741,2026-02-01T11:32:30
MCH-M-01,medium,M,307.872,340.0,1900.0,90.0,33.851,2026-02-01T11:32:40
MCH-M-01,medium,M,307.883,340.0,1900.0,90.0,33.956,2026-02-01T11:32:50
MCH-M-01,medium,M,308.068,340.0,1900.0,90.0,34.086,2026-02-01T11:33:00
MCH-M-01,medium,M,308.188,340.0,1900.0,90.0,34.226,2026-02-01T11:33:10
MCH-M-01,medium,M,308.352,340.0,1900.0,90.0,34.356,2026-02-01T11:33:20
MCH-M-01,medium,M,308.496,340.0,1900.0,90.0,34.428,2026-02-01T11:33:30
MCH-M-01,medium,M,308.76,340.0,1900.0,90.0,34.563,2026-02-01T11:33:40
MCH-M-01,medium,M,309.088,340.0,1900.0,90.0,34.657,2026-02-01T11:33:50
MCH-M-01,medium,M,309.381,340.0,1900.0,90.0,34.734,2026-02-01T11:34:00
MCH-M-01,medium,M,309.662,340.0,1900.0,90.0,34.872,2026-02-01T11:34:10
MCH-M-01,medium,M,309.944,340.0,1900.0,90.0,35.038,2026-02-01T11:34:20
MCH-M-01,medium,M,310.173,340.0,1900.0,90.0,35.173,2026-02-01T11:34:30
MCH-M-01,medium,M,310.554,340.0,1900.0,90.0,35.291,2026-02-01T11:34:40
MCH-M-01,medium,M,310.866,340.0,1900.0,90.0,35.445,2026-02-01T11:34:50
MCH-M-01,medium,M,311.061,340.0,1900.0,90.0,35.548,2026-02-01T11:35:00
MCH-M-01,medium,M,311.229,340.0,1900.0,90.0,35.704,2026-02-01T11:35:10
MCH-M-01,medium,M,311.472,340.0,1900.0,90.0,35.836,2026-02-01T11:35:20
MCH-M-01,medium,M,311.71,340.0,1900.0,90.0,35.937,2026-02-01T11:35:30
MCH-M-01,medium,M,311.955,340.0,1900.0,90.0,36.034,2026-02-01T11:35:40
MCH-M-01,medium,M,312.421,340.0,1900.0,90.0,36.132,2026-02-01T11:35:50
MCH-M-01,medium,M,312.918,340.0,1900.0,90.0,36.255,2026-02-01T11:36:00
MCH-M-01,medium,M,313.22,340.0,1900.0,90.0,36.342,2026-02-01T11:36:10
MCH-M-01,medium,M,313.57,340.0,1900.0,90.0,36.427,2026-02-01T11:36:20
MCH-M-01,medium,M,313.943,340.0,1900.0,90.0,36.48,2026-02-01T11:36:30
MCH-M-01,medium,M,314.156,340.0,1900.0,90.0,36.574,2026-02-01T11:36:40
MCH-M-01,medium,M,314.701,340.0,1900.0,90.0,36.706,2026-02-01T11:36:50
MCH-M-01,medium,M,315.226,340.0,1900.0,90.0,36.819,2026-02-01T11:37:00
MCH-M-01,medium,M,315.664,340.0,1900.0,90.0,2.932,2026-02-01T11:37:10
MCH-M-01,medium,M,316.239,340.0,1900.0,90.0,3.006,2026-02-01T11:37:20
MCH-M-01,medium,M,316.564,340.0,1900.0,90.0,3.156,2026-02-01T11:37:30
MCH-M-01,medium,M,317.111,340.0,1900.0,90.0,3.304,2026-02-01T11:37:40
MCH-M-01,medium,M,317.482,340.0,1900.0,90.0,3.412,2026-02-01T11:37:50
MCH-M-01,medium,M,317.76,340.0,1900.0,90.0,3.523,2026-02-01T11:38:00
MCH-M-01,medium,M,317.984,340.0,1900.0,90.0,3.648,2026-02-01T11:38:10
MCH-M-01,medium,M,318.428,340.0,1900.0,90.0,3.786,2026-02-01T11:38:20
MCH-M-01,medium,M,318.807,340.0,1900.0,90.0,3.881,2026-02-01T11:38:30
MCH-M-01,medium,M,319.247,340.0,1900.0,90.0,3.966,2026-02-01T11:38:40
MCH-M-01,medium,M,319.755,340.0,1900.0,90.0,4.044,2026-02-01T11:38:50
MCH-M-01,medium,M,320.0,340.0,1900.0,90.0,4.175,2026-02-01T11:39:00
MCH-M-01,medium,M,320.0,340.0,1900.0,90.0,4.34,2026-02-01T11:39:10
MCH-M-01,medium,M,320.0,340.0,1900.0,90.0,4.419,2026-02-01T11:39:20
MCH-M-01,medium,M,320.0,340.0,1900.0,90.0,4.507,2026-02-01T11:39:30
MCH-M-01,medium,M,320.0,340.0,1900.0,90.0,4.646,2026-02-01T11:39:40
MCH-M-01,medium,M,320.0,340.0,1900.0,90.0,4.806,2026-02-01T11:39:50
MCH-M-01,medium,M,320.0,340.0,1900.0,90.0,4.935,2026-02-01T11:40:00
MCH-M-01,medium,M,320.0,340.0,1900.0,90.0,4.992,2026-02-01T11:40:10
MCH-M-01,medium,M,320.0,340.0,1900.0,90.0,5.074,2026-02-01T11:40:20
MCH-M-01,medium,M,320.0,340.0,1900.0,90.0,5.228,2026-02-01T11:40:30
MCH-M-01,medium,M,320.0,340.0,1900.0,90.0,5.336,2026-02-01T11:40:40
MCH-M-01,medium,M,320.0,340.0,1900.0,90.0,5.49,2026-02-01T11:40:50
MCH-M-01,medium,M,320.0,340.0,1900.0,90.0,5.567,2026-02-01T11:41:00
MCH-M-01,medium,M,320.0,340.0,1900.0,90.0,5.716,2026-02-01T11:41:10
MCH-M-01,medium,M,320.0,340.0,1900.0,90.0,5.845,2026-02-01T11:41:20
MCH-M-01,medium,M,320.0,340.0,1900.0,90.0,5.945,2026-02-01T11:41:30
MCH-M-01,medium,M,320.0,340.0,1900.0,90.0,6.016,2026-02-01T11:41:40
MCH-M-01,medium,M,320.0,340.0,1900.0,90.0,6.084,2026-02-01T11:41:50
MCH-M-01,medium,M,320.0,340.0,1900.0,90.0,6.211,2026-02-01T11:42:00
MCH-M-01,medium,M,320.0,340.0,1900.0,90.0,6.329,2026-02-01T11:42:10
MCH-M-01,medium,M,320.0,340.0,1900.0,90.0,6.455,2026-02-01T11:42:20
MCH-M-01,medium,M,320.0,340.0,1900.0,90.0,6.565,2026-02-01T11:42:30
MCH-M-01,medium,M,320.0,340.0,1900.0,90.0,6.699,2026-02-01T11:42:40
MCH-M-01,medium,M,320.0,340.0,1900.0,90.0,6.808,2026-02-01T11:42:50
MCH-M-01,medium,M,320.0,340.0,1900.0,90.0,6.875,2026-02-01T11:43:00
MCH-M-01,medium,M,320.0,340.0,1900.0,90.0,6.974,2026-02-01T11:43:10
MCH-M-01,medium,M,320.0,340.0,1900.0,90.0,7.063,2026-02-01T11:43:20
MCH-M-01,medium,M,320.0,340.0,1900.0,90.0,7.157,2026-02-01T11:43:30
MCH-M-01,medium,M,320.0,340.0,1900.0,90.0,7.271,2026-02-01T11:43:40
MCH-M-01,medium,M,320.0,340.0,1900.0,90.0,7.395,2026-02-01T11:43:50
MCH-M-01,medium,M,320.0,340.0,1900.0,90.0,7.514,2026-02-01T11:44:00
MCH-M-01,medium,M,320.0,340.0,1900.0,90.0,7.608,2026-02-01T11:44:10
MCH-M-01,medium,M,320.0,340.0,1900.0,90.0,7.725,2026-02-01T11:44:20
MCH-M-01,medium,M,320.0,340.0,1900.0,90.0,7.804,2026-02-01T11:44:30
MCH-M-01,medium,M,320.0,340.0,1900.0,90.0,7.931,2026-02-01T11:44:40
MCH-M-01,medium,M,320.0,340.0,1900.0,90.0,8.031,2026-02-01T11:44:50
MCH-M-01,medium,M,320.0,340.0,1900.0,90.0,8.156,2026-02-01T11:45:00
MCH-M-01,medium,M,320.0,340.0,1900.0,90.0,8.299,2026-02-01T11:45:10
MCH-M-01,medium,M,320.0,340.0,1900.0,90.0,8.387,2026-02-01T11:45:20
MCH-M-01,medium,M,320.0,340.0,1900.0,90.0,8.516,2026-02-01T11:45:30
MCH-M-01,medium,M,320.0,340.0,1900.0,90.0,8.614,2026-02-01T11:45:40
MCH-M-01,medium,M,320.0,340.0,1900.0,90.0,8.72,2026-02-01T11:45:50
MCH-M-01,medium,M,320.0,340.0,1900.0,90.0,8.804,2026-02-01T11:46:00
MCH-M-01,medium,M,320.0,340.0,1900.0,90.0,8.908,2026-02-01T11:46:10
MCH-M-01,medium,M,320.0,340.0,1900.0,90.0,8.979,2026-02-01T11:46:20
MCH-M-01,medium,M,320.0,340.0,1900.0,90.0,9.086,2026-02-01T11:46:30
MCH-M-01,medium,M,320.0,340.0,1900.0,90.0,9.205,2026-02-01T11:46:40
MCH-M-01,medium,M,320.0,340.0,1900.0,90.0,9.332,2026-02-01T11:46:50
MCH-M-01,medium,M,320.0,340.0,1900.0,90.0,9.447,2026-02-01T11:47:00
MCH-M-01,medium,M,320.0,340.0,1900.0,90.0,9.58,2026-02-01T11:47:10
MCH-M-01,medium,M,320.0,340.0,1900.0,90.0,9.692,2026-02-01T11:47:20
MCH-M-01,medium,M,320.0,340.0,1900.0,90.0,9.786,2026-02-01T11:47:30
MCH-M-01,medium,M,320.0,340.0,1900.0,90.0,9.903,2026-02-01T11:47:40
MCH-M-01,medium,M,320.0,340.0,1900.0,90.0,10.02,2026-02-01T11:47:50
MCH-M-01,medium,M,320.0,340.0,1900.0,90.0,10.088,2026-02-01T11:48:00
MCH-M-01,medium,M,320.0,340.0,1900.0,90.0,10.132,2026-02-01T11:48:10
MCH-M-01,medium,M,320.0,340.0,1900.0,90.0,10.276,2026-02-01T11:48:20
MCH-M-01,medium,M,320.0,340.0,1900.0,90.0,10.316,2026-02-01T11:48:30
MCH-M-01,medium,M,320.0,340.0,1900.0,90.0,10.452,2026-02-01T11:48:40
MCH-M-01,medium,M,320.0,340.0,1900.0,90.0,10.562,2026-02-01T11:48:50
MCH-M-01,medium,M,320.0,340.0,1900.0,90.0,10.656,2026-02-01T11:49:00
MCH-M-01,medium,M,320.0,340.0,1900.0,90.0,10.784,2026-02-01T11:49:10
MCH-M-01,medium,M,320.0,340.0,1900.0,90.0,10.833,2026-02-01T11:49:20
MCH-M-01,medium,M,320.0,340.0,1900.0,90.0,10.883,2026-02-01T11:49:30
MCH-M-01,medium,M,320.0,340.0,1900.0,90.0,11.01,2026-02-01T11:49:40
MCH-M-01,medium,M,320.0,340.0,1900.0,90.0,11.106,2026-02-01T11:49:50
MCH-M-01,medium,M,320.0,340.0,1900.0,90.0,11.177,2026-02-01T11:50:00
MCH-M-01,medium,M,320.0,340.0,1900.0,90.0,11.296,2026-02-01T11:50:10
MCH-M-01,medium,M,320.0,340.0,1900.0,90.0,11.353,2026-02-01T11:50:20
MCH-M-01,medium,M,320.0,340.0,1900.0,90.0,11.455,2026-02-01T11:50:30
MCH-M-01,medium,M,320.0,340.0,1900.0,90.0,11.565,2026-02-01T11:50:40
MCH-M-01,medium,M,320.0,340.0,1900.0,90.0,11.696,2026-02-01T11:50:50
MCH-M-01,medium,M,320.0,340.0,1900.0,90.0,11.751,2026-02-01T11:51:00
MCH-M-01,medium,M,320.0,340.0,1900.0,90.0,11.867,2026-02-01T11:51:10
MCH-M-01,medium,M,320.0,340.0,1900.0,90.0,11.983,2026-02-01T11:51:20
MCH-M-01,medium,M,320.0,340.0,1900.0,90.0,12.054,2026-02-01T11:51:30
MCH-M-01,medium,M,320.0,340.0,1900.0,90.0,12.189,2026-02-01T11:51:40
MCH-M-01,medium,M,320.0,340.0,1900.0,90.0,12.298,2026-02-01T11:51:50
MCH-M-01,medium,M,320.0,340.0,1900.0,90.0,12.4,2026-02-01T11:52:00
MCH-M-01,medium,M,320.0,340.0,1900.0,90.0,12.517,2026-02-01T11:52:10
MCH-M-01,medium,M,320.0,340.0,1900.0,90.0,12.649,2026-02-01T11:52:20
MCH-M-01,medium,M,320.0,340.0,1900.0,90.0,12.781,2026-02-01T11:52:30
MCH-M-01,medium,M,320.0,340.0,1900.0,90.0,12.924,2026-02-01T11:52:40
MCH-M-01,medium,M,320.0,340.0,1900.0,90.0,13.111,2026-02-01T11:52:50
MCH-M-01,medium,M,320.0,340.0,1900.0,90.0,13.229,2026-02-01T11:53:00
MCH-M-01,medium,M,320.0,340.0,1900.0,90.0,13.319,2026-02-01T11:53:10
MCH-M-01,medium,M,320.0,340.0,1900.0,90.0,13.395,2026-02-01T11:53:20
MCH-M-01,medium,M,320.0,340.0,1900.0,90.0,13.532,2026-02-01T11:53:30
MCH-M-01,medium,M,320.0,340.0,1900.0,90.0,13.606,2026-02-01T11:53:40
MCH-M-01,medium,M,320.0,340.0,1900.0,90.0,13.756,2026-02-01T11:53:50
MCH-M-01,medium,M,320.0,340.0,1900.0,90.0,13.803,2026-02-01T11:54:00
MCH-M-01,medium,M,320.0,340.0,1900.0,90.0,13.859,2026-02-01T11:54:10
MCH-M-01,medium,M,320.0,340.0,1900.0,90.0,13.966,2026-02-01T11:54:20
MCH-M-01,medium,M,320.0,340.0,1900.0,90.0,14.076,2026-02-01T11:54:30
MCH-M-01,medium,M,320.0,340.0,1900.0,90.0,14.188,2026-02-01T11:54:40
MCH-M-01,medium,M,320.0,340.0,1874.036,90.0,14.334,2026-02-01T11:54:50
MCH-M-01,medium,M,320.0,340.0,1844.977,90.0,14.484,2026-02-01T11:55:00
MCH-M-01,medium,M,320.0,340.0,1832.591,90.0,14.545,2026-02-01T11:55:10
MCH-M-01,medium,M,320.0,340.0,1812.59,90.0,14.661,2026-02-01T11:55:20
MCH-M-01,medium,M,320.0,340.0,1784.715,90.0,14.753,2026-02-01T11:55:30
MCH-M-01,medium,M,320.0,340.0,1751.69,90.0,14.869,2026-02-01T11:55:40
MCH-M-01,medium,M,320.0,340.0,1720.53,90.0,15.002,2026-02-01T11:55:50
MCH-M-01,medium,M,320.0,340.0,1701.306,90.0,15.106,2026-02-01T11:56:00
MCH-M-01,medium,M,320.0,340.0,1674.985,90.0,15.242,2026-02-01T11:56:10
MCH-M-01,medium,M,320.0,340.0,1628.086,90.0,15.368,2026-02-01T11:56:20
MCH-M-01,medium,M,320.0,340.0,1603.295,90.0,15.516,2026-02-01T11:56:30
MCH-M-01,medium,M,320.0,340.0,1579.64,90.0,15.601,2026-02-01T11:56:40
MCH-M-01,medium,M,320.0,340.0,1552.63,90.0,15.753,2026-02-01T11:56:50
MCH-M-01,medium,M,320.0,340.0,1526.482,90.0,15.832,2026-02-01T11:57:00
MCH-M-01,medium,M,320.0,340.0,1510.078,90.0,15.916,2026-02-01T11:57:10
MCH-M-01,medium,M,320.0,340.0,1494.767,90.0,16.038,2026-02-01T11:57:20
MCH-M-01,medium,M,320.0,340.0,1462.001,90.0,16.157,2026-02-01T11:57:30
MCH-M-01,medium,M,320.0,340.0,1439.295,90.0,16.262,2026-02-01T11:57:40
MCH-M-01,medium,M,320.0,340.0,1419.791,90.0,16.371,2026-02-01T11:57:50
MCH-M-01,medium,M,320.0,340.0,1391.072,89.567,16.48,2026-02-01T11:58:00
MCH-M-01,medium,M,320.0,340.0,1359.459,89.468,16.586,2026-02-01T11:58:10
MCH-M-01,medium,M,320.0,340.0,1345.606,89.238,16.695,2026-02-01T11:58:20
MCH-M-01,medium,M,320.0,340.0,1315.089,89.112,16.79,2026-02-01T11:58:30
MCH-M-01,medium,M,320.0,340.0,1298.018,88.735,16.915,2026-02-01T11:58:40
MCH-M-01,medium,M,320.0,340.0,1269.006,89.044,17.006,2026-02-01T11:58:50
MCH-M-01,medium,M,320.0,340.0,1240.733,88.745,17.099,2026-02-01T11:59:00
MCH-M-01,medium,M,320.0,340.0,1202.909,89.071,17.229,2026-02-01T11:59:10
MCH-M-01,medium,M,320.0,340.0,1184.85,89.12,17.349,2026-02-01T11:59:20
MCH-M-01,medium,M,320.0,340.0,1156.239,88.893,17.469,2026-02-01T11:59:30
MCH-M-01,medium,M,320.0,340.0,1149.329,88.903,17.616,2026-02-01T11:59:40
MCH-M-01,medium,M,320.0,340.0,1109.699,88.951,17.759,2026-02-01T11:59:50
MCH-M-01,medium,M,320.0,340.0,1100.0,89.203,17.862,2026-02-01T12:00:00
MCH-M-01,medium,M,320.0,340.0,1100.0,88.735,18.001,2026-02-01T12:00:10
MCH-M-01,medium,M,320.0,340.0,1100.0,89.061,18.078,2026-02-01T12:00:20
MCH-M-01,medium,M,320.0,340.0,1100.0,89.259,18.232,2026-02-01T12:00:30
MCH-M-01,medium,M,320.0,340.0,1100.0,89.528,18.401,2026-02-01T12:00:40
MCH-M-01,medium,M,320.0,340.0,1100.0,89.577,18.509,2026-02-01T12:00:50
MCH-M-01,medium,M,320.0,340.0,1100.0,89.555,18.589,2026-02-01T12:01:00
MCH-M-01,medium,M,320.0,340.0,1100.0,89.41,18.686,2026-02-01T12:01:10
MCH-M-01,medium,M,320.0,340.0,1100.0,89.252,18.778,2026-02-01T12:01:20
MCH-M-01,medium,M,320.0,340.0,1100.0,89.749,18.894,2026-02-01T12:01:30
MCH-M-01,medium,M,319.649,340.0,1100.0,89.486,18.996,2026-02-01T12:01:40
MCH-M-01,medium,M,319.193,340.0,1100.0,89.49,19.154,2026-02-01T12:01:50
MCH-M-01,medium,M,318.77,340.0,1100.0,89.943,19.299,2026-02-01T12:02:00
MCH-M-01,medium,M,318.362,340.0,1100.0,90.0,19.424,2026-02-01T12:02:10
MCH-M-01,medium,M,318.036,340.0,1100.0,90.0,19.545,2026-02-01T12:02:20
MCH-M-01,medium,M,317.715,340.0,1100.0,90.0,19.659,2026-02-01T12:02:30
MCH-M-01,medium,M,317.372,340.0,1100.0,90.0,19.719,2026-02-01T12:02:40
MCH-M-01,medium,M,316.936,340.0,1100.0,90.0,19.842,2026-02-01T12:02:50
MCH-M-01,medium,M,316.66,340.0,1100.0,90.0,19.948,2026-02-01T12:03:00
MCH-M-01,medium,M,316.407,340.0,1100.0,90.0,20.055,2026-02-01T12:03:10
MCH-M-01,medium,M,316.03,340.0,1100.0,90.0,20.187,2026-02-01T12:03:20
MCH-M-01,medium,M,315.744,340.0,1100.0,90.0,20.299,2026-02-01T12:03:30
MCH-M-01,medium,M,315.44,340.0,1100.0,90.0,20.384,2026-02-01T12:03:40
MCH-M-01,medium,M,315.254,340.0,1100.0,90.0,20.508,2026-02-01T12:03:50
MCH-M-01,medium,M,315.057,340.0,1100.0,90.0,20.629,2026-02-01T12:04:00
MCH-M-01,medium,M,314.896,340.0,1100.0,90.0,20.7,2026-02-01T12:04:10
MCH-M-01,medium,M,314.641,340.0,1100.0,90.0,20.796,2026-02-01T12:04:20
MCH-M-01,medium,M,314.774,340.0,1100.0,90.0,20.906,2026-02-01T12:04:30
MCH-M-01,medium,M,314.317,340.0,1100.0,90.0,21.025,2026-02-01T12:04:40
MCH-M-01,medium,M,314.268,340.0,1100.0,90.0,21.102,2026-02-01T12:04:50
MCH-M-01,medium,M,314.035,340.0,1100.0,90.0,21.204,2026-02-01T12:05:00
MCH-M-01,medium,M,313.695,340.0,1100.0,90.0,21.324,2026-02-01T12:05:10
MCH-M-01,medium,M,313.49,340.0,1100.0,90.0,21.428,2026-02-01T12:05:20
MCH-M-01,medium,M,313.168,340.0,1100.0,90.0,21.561,2026-02-01T12:05:30
MCH-M-01,medium,M,313.091,340.0,1100.0,90.0,21.644,2026-02-01T12:05:40
MCH-M-01,medium,M,312.817,340.0,1100.0,90.0,21.732,2026-02-01T12:05:50
MCH-M-01,medium,M,312.656,340.0,1100.0,90.0,21.829,2026-02-01T12:06:00
MCH-M-01,medium,M,312.528,340.0,1100.0,90.0,21.913,2026-02-01T12:06:10
MCH-M-01,medium,M,312.424,340.0,1100.0,90.0,22.043,2026-02-01T12:06:20
MCH-M-01,medium,M,312.286,340.0,1100.0,90.0,22.143,2026-02-01T12:06:30
MCH-M-02,medium,L,298.129,307.816,1436.562,34.471,1.879,2026-02-01T09:21:00
MCH-M-02,medium,L,298.322,308.241,1430.64,34.058,1.964,2026-02-01T09:21:10
MCH-M-02,medium,L,298.52,308.389,1439.234,33.984,2.058,2026-02-01T09:21:20
MCH-M-02,medium,L,298.652,308.759,1446.58,33.871,2.176,2026-02-01T09:21:30
MCH-M-02,medium,L,298.837,309.266,1437.066,33.644,2.3,2026-02-01T09:21:40
MCH-M-02,medium,L,298.966,309.502,1439.588,33.89,2.43,2026-02-01T09:21:50
MCH-M-02,medium,L,299.0,309.989,1438.722,34.276,2.529,2026-02-01T09:22:00
MCH-M-02,medium,L,299.139,310.268,1441.24,34.197,2.599,2026-02-01T09:22:10
MCH-M-02,medium,L,299.297,310.55,1446.532,34.39,2.722,2026-02-01T09:22:20
MCH-M-02,medium,L,299.546,310.716,1451.747,34.58,2.823,2026-02-01T09:22:30
MCH-M-02,medium,L,299.681,311.103,1450.704,34.388,2.948,2026-02-01T09:22:40
MCH-M-02,medium,L,300.086,311.561,1459.904,34.852,3.06,2026-02-01T09:22:50
MCH-M-02,medium,L,300.383,311.683,1456.648,35.393,3.145,2026-02-01T09:23:00
MCH-M-02,medium,L,300.7,312.123,1475.455,35.775,3.267,2026-02-01T09:23:10
MCH-M-02,medium,L,300.914,312.476,1472.643,36.054,3.421,2026-02-01T09:23:20
MCH-M-02,medium,L,301.139,313.042,1478.837,36.491,3.554,2026-02-01T09:23:30
MCH-M-02,medium,L,301.533,313.295,1476.547,36.927,3.665,2026-02-01T09:23:40
MCH-M-02,medium,L,301.852,313.599,1479.304,36.754,3.731,2026-02-01T09:23:50
MCH-M-02,medium,L,302.326,313.977,1489.331,36.834,3.818,2026-02-01T09:24:00
MCH-M-02,medium,L,302.764,314.427,1520.929,36.892,3.92,2026-02-01T09:24:10
MCH-M-02,medium,L,303.092,316.47,1583.244,40.007,4.015,2026-02-01T09:24:20
MCH-M-02,medium,L,303.516,316.977,1576.346,40.608,4.126,2026-02-01T09:24:30
MCH-M-02,medium,L,303.968,317.343,1591.539,40.829,4.208,2026-02-01T09:24:40
MCH-M-02,medium,L,304.176,317.657,1604.804,41.273,4.27,2026-02-01T09:24:50
MCH-M-02,medium,L,304.594,318.063,1605.784,41.518,4.385,2026-02-01T09:25:00
MCH-M-02,medium,L,305.105,318.522,1611.51,41.921,4.499,2026-02-01T09:25:10
MCH-M-02,medium,L,305.403,319.134,1624.492,42.486,4.602,2026-02-01T09:25:20
MCH-M-02,medium,L,305.809,319.582,1640.67,43.028,4.726,2026-02-01T09:25:30
MCH-M-02,medium,L,306.32,319.953,1656.165,43.292,4.829,2026-02-01T09:25:40
MCH-M-02,medium,L,306.821,320.461,1665.374,43.94,4.902,2026-02-01T09:25:50
MCH-M-02,medium,L,307.166,321.063,1686.536,44.206,4.978,2026-02-01T09:26:00
MCH-M-02,medium,L,307.74,321.584,1699.386,44.39,5.098,2026-02-01T09:26:10
MCH-M-02,medium,L,308.121,322.105,1716.081,44.596,5.214,2026-02-01T09:26:20
MCH-M-02,medium,L,308.53,324.661,1659.201,48.986,5.364,2026-02-01T09:26:30
MCH-M-02,medium,L,309.077,325.072,1681.555,49.309,5.458,2026-02-01T09:26:40
MCH-M-02,medium,L,309.39,325.6,1709.841,49.851,5.57,2026-02-01T09:26:50
MCH-M-02,medium,L,309.863,325.994,1724.857,50.22,5.664,2026-02-01T09:27:00
MCH-M-02,medium,L,310.273,326.642,1740.975,50.992,5.76,2026-02-01T09:27:10
MCH-M-02,medium,L,310.804,327.244,1760.261,52.137,5.889,2026-02-01T09:27:20
MCH-M-02,medium,L,311.244,327.569,1776.855,52.55,6.012,2026-02-01T09:27:30
MCH-M-02,medium,L,311.445,327.968,1799.416,53.143,6.139,2026-02-01T09:27:40
MCH-M-02,medium,L,312.154,328.611,1815.3,53.172,6.299,2026-02-01T09:27:50
MCH-M-02,medium,L,312.564,329.235,1821.825,53.386,6.431,2026-02-01T09:28:00
MCH-M-02,medium,L,313.088,329.658,1836.101,53.781,6.553,2026-02-01T09:28:10
MCH-M-02,medium,L,313.412,330.329,1861.088,54.592,6.627,2026-02-01T09:28:20
MCH-M-02,medium,L,314.014,330.894,1893.825,55.37,6.774,2026-02-01T09:28:30
MCH-M-02,medium,L,314.481,331.591,1900.0,56.264,6.854,2026-02-01T09:28:40
MCH-M-02,medium,L,315.055,332.23,1900.0,56.772,6.957,2026-02-01T09:28:50
MCH-M-02,medium,L,315.31,332.896,1900.0,57.679,7.078,2026-02-01T09:29:00
MCH-M-02,medium,L,315.704,333.54,1900.0,58.106,7.16,2026-02-01T09:29:10
MCH-M-02,medium,L,316.124,334.049,1900.0,58.67,7.281,2026-02-01T09:29:20
MCH-M-02,medium,L,316.841,334.528,1900.0,58.825,7.413,2026-02-01T09:29:30
MCH-M-02,medium,L,317.19,334.821,1900.0,59.641,7.506,2026-02-01T09:29:40
MCH-M-02,medium,L,317.731,335.215,1900.0,60.377,7.614,2026-02-01T09:29:50
MCH-M-02,medium,L,318.208,335.847,1900.0,61.232,7.73,2026-02-01T09:30:00
MCH-M-02,medium,L,318.638,336.338,1900.0,62.035,7.852,2026-02-01T09:30:10
MCH-M-02,medium,L,319.0,336.844,1900.0,62.874,8.004,2026-02-01T09:30:20
MCH-M-02,medium,L,319.338,337.215,1900.0,63.589,8.158,2026-02-01T09:30:30
MCH-M-02,medium,L,319.596,337.605,1900.0,64.013,8.26,2026-02-01T09:30:40
MCH-M-02,medium,L,319.985,338.028,1900.0,64.969,8.394,2026-02-01T09:30:50
MCH-M-02,medium,L,320.0,338.585,1900.0,65.757,8.515,2026-02-01T09:31:00
MCH-M-02,medium,L,320.0,339.128,1900.0,66.632,8.588,2026-02-01T09:31:10
MCH-M-02,medium,L,320.0,339.602,1900.0,67.38,8.702,2026-02-01T09:31:20
MCH-M-02,medium,L,320.0,339.737,1900.0,68.465,8.804,2026-02-01T09:31:30
MCH-M-02,medium,L,320.0,339.959,1900.0,69.088,8.934,2026-02-01T09:31:40
MCH-M-02,medium,L,320.0,340.0,1900.0,69.792,9.022,2026-02-01T09:31:50
MCH-M-02,medium,L,320.0,340.0,1900.0,69.985,9.079,2026-02-01T09:32:00
MCH-M-02,medium,L,320.0,340.0,1900.0,70.638,9.162,2026-02-01T09:32:10
MCH-M-02,medium,L,320.0,340.0,1900.0,71.916,9.272,2026-02-01T09:32:20
MCH-M-02,medium,L,320.0,340.0,1900.0,73.057,9.361,2026-02-01T09:32:30
MCH-M-02,medium,L,320.0,340.0,1900.0,74.287,9.461,2026-02-01T09:32:40
MCH-M-02,medium,L,320.0,340.0,1900.0,75.785,9.619,2026-02-01T09:32:50
MCH-M-02,medium,L,320.0,340.0,1900.0,76.511,9.704,2026-02-01T09:33:00
MCH-M-02,medium,L,320.0,340.0,1900.0,77.001,9.805,2026-02-01T09:33:10
MCH-M-02,medium,L,320.0,340.0,1900.0,78.42,9.896,2026-02-01T09:33:20
MCH-M-02,medium,L,320.0,340.0,1900.0,80.964,10.024,2026-02-01T09:33:30
MCH-M-02,medium,L,320.0,340.0,1900.0,81.573,10.183,2026-02-01T09:33:40
MCH-M-02,medium,L,320.0,340.0,1900.0,82.462,10.333,2026-02-01T09:33:50
MCH-M-02,medium,L,320.0,340.0,1900.0,83.221,10.49,2026-02-01T09:34:00
MCH-M-02,medium,L,320.0,340.0,1900.0,84.548,10.641,2026-02-01T09:34:10
MCH-M-02,medium,L,320.0,340.0,1900.0,85.835,10.726,2026-02-01T09:34:20
MCH-M-02,medium,L,320.0,340.0,1900.0,87.015,10.825,2026-02-01T09:34:30
MCH-M-02,medium,L,320.0,340.0,1900.0,88.287,10.884,2026-02-01T09:34:40
MCH-M-02,medium,L,320.0,340.0,1900.0,89.177,10.964,2026-02-01T09:34:50
MCH-M-02,medium,L,320.0,340.0,1900.0,89.813,11.065,2026-02-01T09:35:00
MCH-M-02,medium,L,320.0,340.0,1900.0,90.0,11.17,2026-02-01T09:35:10
MCH-M-02,medium,L,320.0,340.0,1900.0,90.0,11.315,2026-02-01T09:35:20
MCH-M-02,medium,L,320.0,340.0,1900.0,90.0,11.48,2026-02-01T09:35:30
MCH-M-02,medium,L,320.0,340.0,1900.0,90.0,11.592,2026-02-01T09:35:40
MCH-M-02,medium,L,320.0,340.0,1900.0,90.0,11.732,2026-02-01T09:35:50
MCH-M-02,medium,L,320.0,340.0,1900.0,90.0,11.814,2026-02-01T09:36:00
MCH-M-02,medium,L,320.0,340.0,1900.0,90.0,11.929,2026-02-01T09:36:10
MCH-M-02,medium,L,320.0,340.0,1900.0,90.0,11.972,2026-02-01T09:36:20
MCH-M-02,medium,L,320.0,340.0,1900.0,90.0,12.088,2026-02-01T09:36:30
MCH-M-02,medium,L,320.0,340.0,1900.0,90.0,12.195,2026-02-01T09:36:40
MCH-M-02,medium,L,320.0,340.0,1900.0,90.0,12.31,2026-02-01T09:36:50
MCH-M-02,medium,L,320.0,340.0,1900.0,90.0,12.395,2026-02-01T09:37:00
MCH-M-02,medium,L,320.0,340.0,1900.0,90.0,12.464,2026-02-01T09:37:10
MCH-M-02,medium,L,320.0,340.0,1900.0,90.0,12.586,2026-02-01T09:37:20
MCH-M-02,medium,L,320.0,340.0,1900.0,90.0,12.666,2026-02-01T09:37:30
MCH-M-02,medium,L,320.0,340.0,1900.0,90.0,12.812,2026-02-01T09:37:40
MCH-M-02,medium,L,320.0,340.0,1900.0,90.0,12.917,2026-02-01T09:37:50
MCH-M-02,medium,L,320.0,340.0,1900.0,90.0,13.014,2026-02-01T09:38:00
MCH-M-02,medium,L,320.0,340.0,1900.0,90.0,13.124,2026-02-01T09:38:10
MCH-M-02,medium,L,320.0,340.0,1900.0,90.0,13.214,2026-02-01T09:38:20
MCH-M-02,medium,L,320.0,340.0,1900.0,90.0,13.295,2026-02-01T09:38:30
MCH-M-02,medium,L,320.0,340.0,1900.0,90.0,13.35,2026-02-01T09:38:40
MCH-M-02,medium,L,320.0,340.0,1900.0,90.0,13.51,2026-02-01T09:38:50
MCH-M-02,medium,L,320.0,340.0,1900.0,90.0,13.632,2026-02-01T09:39:00
MCH-M-02,medium,L,320.0,340.0,1900.0,90.0,13.762,2026-02-01T09:39:10
MCH-M-02,medium,L,320.0,340.0,1900.0,90.0,13.885,2026-02-01T09:39:20
MCH-M-02,medium,L,320.0,340.0,1900.0,90.0,13.935,2026-02-01T09:39:30
MCH-M-02,medium,L,320.0,340.0,1900.0,90.0,14.107,2026-02-01T09:39:40
MCH-M-02,medium,L,320.0,340.0,1900.0,90.0,14.254,2026-02-01T09:39:50
MCH-M-02,medium,L,320.0,340.0,1900.0,90.0,14.311,2026-02-01T09:40:00
MCH-M-02,medium,L,320.0,340.0,1900.0,90.0,14.422,2026-02-01T09:40:10
MCH-M-02,medium,L,320.0,340.0,1900.0,90.0,14.501,2026-02-01T09:40:20
MCH-M-02,medium,L,320.0,340.0,1900.0,90.0,14.6,2026-02-01T09:40:30
MCH-M-02,medium,L,320.0,340.0,1900.0,90.0,14.716,2026-02-01T09:40:40
MCH-M-02,medium,L,320.0,340.0,1900.0,90.0,14.764,2026-02-01T09:40:50
MCH-M-02,medium,L,320.0,340.0,1900.0,90.0,14.883,2026-02-01T09:41:00
MCH-M-02,medium,L,320.0,340.0,1900.0,90.0,14.999,2026-02-01T09:41:10
MCH-M-02,medium,L,320.0,339.794,1900.0,90.0,15.103,2026-02-01T09:41:20
MCH-M-02,medium,L,320.0,339.461,1900.0,90.0,15.231,2026-02-01T09:41:30
MCH-M-02,medium,L,320.0,338.974,1900.0,90.0,15.337,2026-02-01T09:41:40
MCH-M-02,medium,L,320.0,338.459,1900.0,90.0,15.434,2026-02-01T09:41:50
MCH-M-02,medium,L,320.0,337.91,1900.0,90.0,15.543,2026-02-01T09:42:00
MCH-M-02,medium,L,320.0,337.372,1900.0,90.0,15.624,2026-02-01T09:42:10
MCH-M-02,medium,L,320.0,336.802,1900.0,90.0,15.706,2026-02-01T09:42:20
MCH-M-02,medium,L,320.0,336.313,1900.0,90.0,15.85,2026-02-01T09:42:30
MCH-M-02,medium,L,320.0,335.784,1900.0,90.0,15.964,2026-02-01T09:42:40
MCH-M-02,medium,L,320.0,335.402,1900.0,90.0,16.055,2026-02-01T09:42:50
MCH-M-02,medium,L,320.0,335.048,1900.0,90.0,16.165,2026-02-01T09:43:00
MCH-M-02,medium,L,320.0,336.42,1900.0,90.0,16.278,2026-02-01T09:43:10
MCH-M-02,medium,L,320.0,335.845,1900.0,90.0,16.373,2026-02-01T09:43:20
MCH-M-02,medium,L,320.0,335.24,1900.0,90.0,16.491,2026-02-01T09:43:30
MCH-M-02,medium,L,320.0,334.717,1900.0,90.0,16.587,2026-02-01T09:43:40
MCH-M-02,medium,L,320.0,334.131,1900.0,90.0,16.735,2026-02-01T09:43:50
MCH-M-02,medium,L,320.0,333.719,1900.0,90.0,16.806,2026-02-01T09:44:00
MCH-M-02,medium,L,320.0,333.422,1900.0,90.0,16.959,2026-02-01T09:44:10
MCH-M-02,medium,L,320.0,332.809,1900.0,90.0,17.052,2026-02-01T09:44:20
MCH-M-02,medium,L,319.83,332.329,1900.0,90.0,17.162,2026-02-01T09:44:30
MCH-M-02,medium,L,319.335,331.772,1900.0,90.0,17.275,2026-02-01T09:44:40
MCH-M-02,medium,L,319.061,331.528,1900.0,90.0,17.417,2026-02-01T09:44:50
MCH-M-02,medium,L,318.491,330.968,1900.0,90.0,17.534,2026-02-01T09:45:00
MCH-M-02,medium,L,318.036,330.481,1900.0,90.0,17.664,2026-02-01T09:45:10
MCH-M-02,medium,L,317.664,330.045,1900.0,90.0,17.812,2026-02-01T09:45:20
MCH-M-02,medium,L,317.234,329.511,1900.0,90.0,17.939,2026-02-01T09:45:30
MCH-M-02,medium,L,316.701,329.034,1900.0,90.0,18.054,2026-02-01T09:45:40
MCH-M-02,medium,L,316.284,328.65,1900.0,90.0,18.151,2026-02-01T09:45:50
MCH-M-02,medium,L,315.615,327.965,1900.0,90.0,18.308,2026-02-01T09:46:00
MCH-M-02,medium,L,315.132,327.501,1900.0,90.0,18.392,2026-02-01T09:46:10
MCH-M-02,medium,L,314.803,327.176,1900.0,90.0,18.476,2026-02-01T09:46:20
MCH-M-02,medium,L,314.392,329.382,1900.0,90.0,18.572,2026-02-01T09:46:30
MCH-M-02,medium,L,313.889,328.93,1900.0,90.0,18.625,2026-02-01T09:46:40
MCH-M-02,medium,L,313.524,328.456,1900.0,90.0,18.753,2026-02-01T09:46:50
MCH-M-02,medium,L,312.996,328.244,1900.0,90.0,18.864,2026-02-01T09:47:00
MCH-M-02,medium,L,312.561,327.888,1900.0,90.0,18.952,2026-02-01T09:47:10
MCH-M-02,medium,L,312.143,327.518,1900.0,90.0,19.049,2026-02-01T09:47:20
MCH-M-02,medium,L,311.611,327.258,1900.0,90.0,19.139,2026-02-01T09:47:30
MCH-M-02,medium,L,311.153,326.904,1900.0,90.0,19.247,2026-02-01T09:47:40
MCH-M-02,medium,L,310.704,326.592,1900.0,90.0,19.371,2026-02-01T09:47:50
MCH-M-02,medium,L,310.26,326.158,1900.0,90.0,19.516,2026-02-01T09:48:00
MCH-M-02,medium,L,309.898,325.841,1900.0,90.0,19.632,2026-02-01T09:48:10
MCH-M-02,medium,L,309.498,325.576,1900.0,90.0,19.752,2026-02-01T09:48:20
MCH-M-02,medium,L,309.099,325.197,1900.0,90.0,19.882,2026-02-01T09:48:30
MCH-M-02,medium,L,308.7,325.078,1900.0,90.0,19.992,2026-02-01T09:48:40
MCH-M-02,medium,L,308.322,324.945,1900.0,90.0,20.051,2026-02-01T09:48:50
MCH-M-02,medium,L,307.873,324.711,1900.0,90.0,20.124,2026-02-01T09:49:00
MCH-M-02,medium,L,307.461,324.19,1900.0,90.0,20.219,2026-02-01T09:49:10
MCH-M-02,medium,L,307.034,324.094,1900.0,90.0,20.375,2026-02-01T09:49:20
MCH-M-02,medium,L,306.595,323.729,1900.0,90.0,20.51,2026-02-01T09:49:30
MCH-M-02,medium,L,306.159,323.339,1900.0,90.0,20.651,2026-02-01T09:49:40
MCH-M-02,medium,L,305.828,323.281,1900.0,90.0,20.74,2026-02-01T09:49:50
MCH-M-02,medium,L,305.598,322.944,1900.0,90.0,20.84,2026-02-01T09:50:00
MCH-M-02,medium,L,305.347,322.887,1900.0,90.0,20.939,2026-02-01T09:50:10
MCH-M-02,medium,L,305.031,322.697,1900.0,90.0,21.069,2026-02-01T09:50:20
MCH-M-02,medium,L,304.722,322.561,1900.0,90.0,21.152,2026-02-01T09:50:30
MCH-M-02,medium,L,304.389,322.457,1900.0,90.0,21.295,2026-02-01T09:50:40
MCH-M-02,medium,L,304.096,322.485,1900.0,90.0,21.388,2026-02-01T09:50:50
MCH-M-02,medium,L,303.791,324.357,1900.0,90.0,21.476,2026-02-01T09:51:00
MCH-M-02,medium,L,303.59,324.284,1900.0,90.0,21.608,2026-02-01T09:51:10
MCH-M-02,medium,L,303.1,324.031,1900.0,90.0,21.694,2026-02-01T09:51:20
MCH-M-02,medium,L,302.911,324.016,1900.0,90.0,21.78,2026-02-01T09:51:30
MCH-M-02,medium,L,302.508,324.01,1900.0,90.0,21.914,2026-02-01T09:51:40
MCH-M-02,medium,L,302.201,323.981,1900.0,90.0,21.999,2026-02-01T09:51:50
MCH-M-02,medium,L,302.09,324.003,1900.0,90.0,22.131,2026-02-01T09:52:00
MCH-M-02,medium,L,301.836,324.073,1900.0,90.0,22.234,2026-02-01T09:52:10
MCH-M-02,medium,L,301.439,324.155,1900.0,90.0,22.374,2026-02-01T09:52:20
MCH-M-02,medium,L,301.353,324.054,1900.0,90.0,22.525,2026-02-01T09:52:30
MCH-M-02,medium,L,301.025,324.242,1900.0,90.0,22.647,2026-02-01T09:52:40
MCH-M-02,medium,L,300.723,324.289,1900.0,90.0,22.805,2026-02-01T09:52:50
MCH-M-02,medium,L,300.457,324.342,1900.0,90.0,22.943,2026-02-01T09:53:00
MCH-M-02,medium,L,300.364,324.264,1900.0,90.0,23.068,2026-02-01T09:53:10
MCH-M-02,medium,L,300.087,324.436,1900.0,90.0,23.174,2026-02-01T09:53:20
MCH-M-02,medium,L,300.059,324.698,1900.0,90.0,23.27,2026-02-01T09:53:30
MCH-M-02,medium,L,299.9,324.996,1900.0,90.0,23.368,2026-02-01T09:53:40
MCH-M-02,medium,L,299.667,325.239,1900.0,90.0,23.449,2026-02-01T09:53:50
MCH-M-02,medium,L,299.375,325.451,1900.0,90.0,23.559,2026-02-01T09:54:00
MCH-M-02,medium,L,299.28,325.653,1900.0,90.0,23.72,2026-02-01T09:54:10
MCH-M-02,medium,L,299.246,325.749,1900.0,90.0,23.83,2026-02-01T09:54:20
MCH-M-02,medium,L,299.062,325.874,1900.0,90.0,23.953,2026-02-01T09:54:30
MCH-M-02,medium,L,298.997,326.112,1900.0,90.0,24.031,2026-02-01T09:54:40
MCH-M-02,medium,L,298.843,326.322,1900.0,90.0,24.16,2026-02-01T09:54:50
MCH-M-02,medium,L,298.737,326.512,1900.0,90.0,24.262,2026-02-01T09:55:00
MCH-M-02,medium,L,298.567,326.639,1900.0,90.0,24.333,2026-02-01T09:55:10
MCH-M-02,medium,L,298.472,326.875,1900.0,90.0,24.399,2026-02-01T09:55:20
MCH-M-02,medium,L,298.438,326.969,1900.0,90.0,24.525,2026-02-01T09:55:30
MCH-M-02,medium,L,298.428,327.223,1900.0,90.0,24.672,2026-02-01T09:55:40
MCH-M-02,medium,L,298.278,327.497,1900.0,90.0,24.741,2026-02-01T09:55:50
MCH-M-02,medium,L,298.289,327.92,1900.0,90.0,24.844,2026-02-01T09:56:00
MCH-M-02,medium,L,298.378,328.423,1900.0,90.0,24.997,2026-02-01T09:56:10
MCH-M-02,medium,L,298.44,328.551,1900.0,90.0,25.108,2026-02-01T09:56:20
MCH-M-02,medium,L,298.383,328.961,1900.0,90.0,25.2,2026-02-01T09:56:30
MCH-M-02,medium,L,298.448,329.234,1900.0,90.0,25.313,2026-02-01T09:56:40
MCH-M-02,medium,L,298.397,329.569,1900.0,90.0,25.42,2026-02-01T09:56:50
MCH-M-02,medium,L,298.341,330.048,1900.0,90.0,25.523,2026-02-01T09:57:00
MCH-M-02,medium,L,298.304,330.361,1900.0,90.0,25.658,2026-02-01T09:57:10
MCH-M-02,medium,L,298.308,330.719,1900.0,90.0,25.787,2026-02-01T09:57:20
MCH-M-02,medium,L,298.251,331.161,1900.0,90.0,25.936,2026-02-01T09:57:30
MCH-M-02,medium,L,298.375,331.723,1900.0,90.0,26.007,2026-02-01T09:57:40
MCH-M-02,medium,L,298.381,332.007,1900.0,90.0,26.075,2026-02-01T09:57:50
MCH-M-02,medium,L,298.53,332.552,1900.0,90.0,26.219,2026-02-01T09:58:00
MCH-M-02,medium,L,298.594,332.865,1900.0,90.0,26.328,2026-02-01T09:58:10
MCH-M-02,medium,L,298.637,333.322,1900.0,90.0,26.421,2026-02-01T09:58:20
MCH-M-02,medium,L,298.72,336.727,1900.0,90.0,26.491,2026-02-01T09:58:30
MCH-M-02,medium,L,298.691,337.151,1900.0,90.0,26.581,2026-02-01T09:58:40
MCH-M-02,medium,L,298.91,337.663,1900.0,90.0,26.69,2026-02-01T09:58:50
MCH-M-02,medium,L,299.061,338.163,1900.0,90.0,26.823,2026-02-01T09:59:00
MCH-M-02,medium,L,299.289,338.627,1900.0,90.0,26.926,2026-02-01T09:59:10
MCH-M-02,medium,L,299.304,339.274,1900.0,90.0,27.033,2026-02-01T09:59:20
MCH-M-02,medium,L,299.577,339.752,1900.0,90.0,27.142,2026-02-01T09:59:30
MCH-M-02,medium,L,299.757,340.0,1900.0,90.0,27.205,2026-02-01T09:59:40
MCH-M-02,medium,L,299.767,340.0,1900.0,90.0,27.373,2026-02-01T09:59:50
MCH-M-02,medium,L,299.977,340.0,1900.0,90.0,27.499,2026-02-01T10:00:00
MCH-M-02,medium,L,300.183,340.0,1900.0,90.0,27.579,2026-02-01T10:00:10
MCH-M-02,medium,L,300.453,340.0,1900.0,90.0,27.709,2026-02-01T10:00:20
MCH-M-02,medium,L,300.665,340.0,1900.0,90.0,27.807,2026-02-01T10:00:30
MCH-M-02,medium,L,300.789,340.0,1900.0,90.0,27.923,2026-02-01T10:00:40
MCH-M-02,medium,L,301.034,340.0,1900.0,90.0,28.012,2026-02-01T10:00:50
MCH-M-02,medium,L,301.149,340.0,1900.0,90.0,28.169,2026-02-01T10:01:00
MCH-M-02,medium,L,301.449,340.0,1900.0,90.0,28.289,2026-02-01T10:01:10
MCH-M-02,medium,L,301.774,340.0,1900.0,90.0,28.405,2026-02-01T10:01:20
MCH-M-02,medium,L,301.895,340.0,1900.0,90.0,28.508,2026-02-01T10:01:30
MCH-M-02,medium,L,302.067,340.0,1900.0,90.0,28.663,2026-02-01T10:01:40
MCH-M-02,medium,L,302.189,340.0,1900.0,90.0,28.749,2026-02-01T10:01:50
MCH-M-02,medium,L,302.366,340.0,1900.0,90.0,28.859,2026-02-01T10:02:00
MCH-M-02,medium,L,302.714,340.0,1900.0,90.0,28.981,2026-02-01T10:02:10
MCH-M-02,medium,L,303.118,340.0,1900.0,90.0,29.091,2026-02-01T10:02:20
MCH-M-02,medium,L,303.347,340.0,1900.0,90.0,29.219,2026-02-01T10:02:30
MCH-M-02,medium,L,303.636,340.0,1900.0,90.0,29.296,2026-02-01T10:02:40
MCH-M-02,medium,L,303.926,340.0,1900.0,90.0,29.437,2026-02-01T10:02:50
MCH-M-02,medium,L,304.29,340.0,1900.0,90.0,29.573,2026-02-01T10:03:00
MCH-M-02,medium,L,304.779,340.0,1900.0,90.0,29.635,2026-02-01T10:03:10
MCH-M-02,medium,L,305.043,340.0,1900.0,90.0,29.701,2026-02-01T10:03:20
MCH-M-02,medium,L,305.537,340.0,1900.0,90.0,29.8,2026-02-01T10:03:30
MCH-M-02,medium,L,305.723,340.0,1900.0,90.0,29.945,2026-02-01T10:03:40
MCH-M-02,medium,L,306.027,340.0,1900.0,90.0,30.087,2026-02-01T10:03:50
MCH-M-02,medium,L,306.33,340.0,1900.0,90.0,30.222,2026-02-01T10:04:00
MCH-M-02,medium,L,306.7,340.0,1900.0,90.0,30.36,2026-02-01T10:04:10
MCH-M-02,medium,L,307.177,340.0,1900.0,90.0,30.458,2026-02-01T10:04:20
MCH-M-02,medium,L,307.424,340.0,1900.0,90.0,30.525,2026-02-01T10:04:30
MCH-M-02,medium,L,307.632,340.0,1900.0,90.0,30.649,2026-02-01T10:04:40
MCH-M-02,medium,L,307.808,340.0,1900.0,90.0,30.772,2026-02-01T10:04:50
MCH-M-02,medium,L,308.097,340.0,1900.0,90.0,30.87,2026-02-01T10:05:00
MCH-M-02,medium,L,308.363,340.0,1900.0,90.0,30.966,2026-02-01T10:05:10
MCH-M-02,medium,L,308.543,340.0,1900.0,90.0,31.06,2026-02-01T10:05:20
MCH-M-02,medium,L,308.869,340.0,1900.0,90.0,31.168,2026-02-01T10:05:30
MCH-M-02,medium,L,309.207,340.0,1900.0,90.0,31.273,2026-02-01T10:05:40
MCH-M-02,medium,L,309.421,340.0,1900.0,90.0,31.424,2026-02-01T10:05:50
MCH-M-02,medium,L,309.379,340.0,1900.0,90.0,31.541,2026-02-01T10:06:00
MCH-M-02,medium,L,309.69,340.0,1900.0,90.0,31.71,2026-02-01T10:06:10
MCH-M-02,medium,L,310.066,340.0,1900.0,90.0,31.791,2026-02-01T10:06:20
MCH-M-02,medium,L,310.32,340.0,1900.0,90.0,31.929,2026-02-01T10:06:30
MCH-M-02,medium,L,310.443,340.0,1900.0,90.0,32.046,2026-02-01T10:06:40
MCH-M-02,medium,L,310.617,340.0,1900.0,90.0,32.145,2026-02-01T10:06:50
MCH-M-02,medium,L,310.665,340.0,1900.0,90.0,32.225,2026-02-01T10:07:00
MCH-M-02,medium,L,310.849,340.0,1900.0,90.0,32.345,2026-02-01T10:07:10
MCH-M-02,medium,L,311.006,340.0,1878.232,90.0,32.473,2026-02-01T10:07:20
MCH-M-02,medium,L,311.114,340.0,1850.318,90.0,32.578,2026-02-01T10:07:30
MCH-M-02,medium,L,311.174,340.0,1824.57,90.0,32.702,2026-02-01T10:07:40
MCH-M-02,medium,L,311.418,340.0,1810.164,90.0,32.819,2026-02-01T10:07:50
MCH-M-02,medium,L,311.296,340.0,1787.149,90.0,32.953,2026-02-01T10:08:00
MCH-M-02,medium,L,311.371,340.0,1770.666,90.0,33.102,2026-02-01T10:08:10
MCH-M-02,medium,L,311.441,340.0,1749.044,90.0,33.217,2026-02-01T10:08:20
MCH-M-02,medium,L,311.612,340.0,1734.527,90.0,33.317,2026-02-01T10:08:30
MCH-M-02,medium,L,311.65,340.0,1713.811,90.0,33.383,2026-02-01T10:08:40
MCH-M-02,medium,L,311.597,340.0,1685.701,90.0,33.479,2026-02-01T10:08:50
MCH-M-02,medium,L,311.64,340.0,1660.199,90.0,33.583,2026-02-01T10:09:00
MCH-M-02,medium,L,311.736,340.0,1625.665,90.0,33.657,2026-02-01T10:09:10
MCH-M-02,medium,L,311.818,340.0,1602.934,90.0,33.795,2026-02-01T10:09:20
MCH-M-02,medium,L,311.806,340.0,1588.83,90.0,33.878,2026-02-01T10:09:30
MCH-M-02,medium,L,311.903,340.0,1577.509,90.0,33.954,2026-02-01T10:09:40
MCH-M-02,medium,L,311.993,340.0,1542.218,90.0,34.092,2026-02-01T10:09:50
MCH-M-02,medium,L,312.012,340.0,1519.31,90.0,34.173,2026-02-01T10:10:00
MCH-M-02,medium,L,311.843,340.0,1501.761,90.0,34.264,2026-02-01T10:10:10
MCH-M-02,medium,L,312.006,340.0,1470.655,90.0,34.364,2026-02-01T10:10:20
MCH-M-02,medium,L,312.145,340.0,1423.851,90.0,34.431,2026-02-01T10:10:30
MCH-M-02,medium,L,312.269,340.0,1402.556,90.0,34.545,2026-02-01T10:10:40
MCH-M-02,medium,L,312.243,340.0,1381.177,90.0,34.645,2026-02-01T10:10:50
MCH-M-02,medium,L,312.477,340.0,1368.665,90.0,34.75,2026-02-01T10:11:00
MCH-M-02,medium,L,312.41,340.0,1349.66,90.0,34.835,2026-02-01T10:11:10
MCH-M-02,medium,L,312.304,340.0,1328.912,90.0,34.939,2026-02-01T10:11:20
MCH-M-02,medium,L,312.084,340.0,1316.823,90.0,35.094,2026-02-01T10:11:30
MCH-M-02,medium,L,311.924,340.0,1314.142,90.0,35.186,2026-02-01T10:11:40
MCH-M-02,medium,L,311.963,340.0,1289.386,90.0,35.273,2026-02-01T10:11:50
MCH-M-02,medium,L,311.909,340.0,1270.733,90.0,35.398,2026-02-01T10:12:00
MCH-M-02,medium,L,311.903,340.0,1275.559,90.0,35.501,2026-02-01T10:12:10
MCH-M-02,medium,L,311.865,340.0,1272.864,90.0,35.588,2026-02-01T10:12:20
MCH-M-02,medium,L,311.746,340.0,1249.711,90.0,35.728,2026-02-01T10:12:30
MCH-M-02,medium,L,311.675,340.0,1250.513,90.0,35.885,2026-02-01T10:12:40
MCH-M-02,medium,L,311.472,340.0,1233.288,90.0,35.998,2026-02-01T10:12:50
MCH-M-02,medium,L,311.466,340.0,1227.224,90.0,36.064,2026-02-01T10:13:00
MCH-M-02,medium,L,311.339,340.0,1225.946,90.0,36.135,2026-02-01T10:13:10
MCH-M-02,medium,L,311.323,340.0,1208.607,90.0,36.265,2026-02-01T10:13:20
MCH-M-02,medium,L,311.209,340.0,1190.208,90.0,36.338,2026-02-01T10:13:30
MCH-M-02,medium,L,310.956,340.0,1175.476,90.0,36.441,2026-02-01T10:13:40
MCH-M-02,medium,L,310.827,340.0,1166.68,90.0,36.541,2026-02-01T10:13:50
MCH-M-02,medium,L,310.637,340.0,1163.149,90.0,36.631,2026-02-01T10:14:00
MCH-M-02,medium,L,310.467,340.0,1166.464,90.0,36.771,2026-02-01T10:14:10
MCH-M-02,medium,L,310.185,340.0,1142.059,90.0,36.856,2026-02-01T10:14:20
MCH-M-02,medium,L,309.835,340.0,1135.652,90.0,36.979,2026-02-01T10:14:30
MCH-M-02,medium,L,309.561,340.0,1128.047,90.0,37.086,2026-02-01T10:14:40
MCH-M-02,medium,L,309.375,340.0,1115.426,90.0,37.149,2026-02-01T10:14:50
MCH-M-02,medium,L,309.063,340.0,1112.43,90.0,37.246,2026-02-01T10:15:00
MCH-M-02,medium,L,308.884,340.0,1111.741,90.0,37.374,2026-02-01T10:15:10
MCH-M-02,medium,L,308.601,340.0,1106.417,90.0,37.475,2026-02-01T10:15:20
MCH-M-02,medium,L,308.413,340.0,1101.133,90.0,37.63,2026-02-01T10:15:30
MCH-M-02,medium,L,308.05,340.0,1100.0,90.0,37.721,2026-02-01T10:15:40
MCH-M-02,medium,L,307.724,340.0,1100.0,90.0,37.81,2026-02-01T10:15:50
MCH-M-02,medium,L,307.611,340.0,1178.832,90.0,37.894,2026-02-01T10:16:00
MCH-M-02,medium,L,307.48,340.0,1167.854,90.0,38.025,2026-02-01T10:16:10
MCH-M-02,medium,L,307.155,340.0,1160.585,90.0,38.149,2026-02-01T10:16:20
MCH-M-02,medium,L,306.936,340.0,1144.906,90.0,38.241,2026-02-01T10:16:30
MCH-M-02,medium,L,306.872,340.0,1135.224,90.0,38.321,2026-02-01T10:16:40
MCH-M-02,medium,L,306.66,340.0,1131.451,90.0,38.403,2026-02-01T10:16:50
MCH-M-02,medium,L,306.517,340.0,1144.919,90.0,38.503,2026-02-01T10:17:00
MCH-M-02,medium,L,306.153,340.0,1152.4,90.0,38.538,2026-02-01T10:17:10
MCH-M-02,medium,L,305.982,340.0,1148.288,90.0,38.626,2026-02-01T10:17:20
MCH-M-02,medium,L,305.739,340.0,1143.412,90.0,38.719,2026-02-01T10:17:30
MCH-M-02,medium,L,305.452,340.0,1145.788,90.0,38.797,2026-02-01T10:17:40
MCH-M-02,medium,L,305.233,340.0,1152.664,90.0,38.873,2026-02-01T10:17:50
MCH-M-02,medium,L,304.974,340.0,1167.546,90.0,38.98,2026-02-01T10:18:00
MCH-M-02,medium,L,304.763,340.0,1166.952,90.0,39.07,2026-02-01T10:18:10
MCH-M-02,medium,L,304.429,340.0,1166.196,90.0,39.182,2026-02-01T10:18:20
MCH-M-02,medium,L,304.156,340.0,1177.061,90.0,39.293,2026-02-01T10:18:30
MCH-M-02,medium,L,303.903,340.0,1188.25,90.0,39.396,2026-02-01T10:18:40
MCH-M-02,medium,L,303.639,340.0,1196.554,90.0,39.467,2026-02-01T10:18:50
MCH-M-02,medium,L,303.624,340.0,1202.499,90.0,39.559,2026-02-01T10:19:00
MCH-M-02,medium,L,303.506,340.0,1196.191,90.0,39.672,2026-02-01T10:19:10
MCH-M-02,medium,L,303.188,340.0,1286.798,90.0,39.798,2026-02-01T10:19:20
MCH-M-02,medium,L,302.923,340.0,1290.189,90.0,39.93,2026-02-01T10:19:30
MCH-M-02,medium,L,302.687,340.0,1301.111,90.0,40.057,2026-02-01T10:19:40
MCH-M-02,medium,L,302.592,340.0,1264.354,90.0,40.176,2026-02-01T10:19:50
MCH-M-02,medium,L,302.562,340.0,1264.889,90.0,40.242,2026-02-01T10:20:00
MCH-M-02,medium,L,302.463,340.0,1280.806,90.0,40.337,2026-02-01T10:20:10
MCH-M-02,medium,L,302.25,340.0,1264.534,90.0,40.516,2026-02-01T10:20:20
MCH-M-02,medium,L,301.925,340.0,1285.6,90.0,40.617,2026-02-01T10:20:30
MCH-M-02,medium,L,301.685,340.0,1296.122,90.0,40.765,2026-02-01T10:20:40
MCH-M-02,medium,L,301.664,340.0,1307.949,90.0,40.91,2026-02-01T10:20:50
MCH-M-02,medium,L,301.566,340.0,1321.805,90.0,41.054,2026-02-01T10:21:00
MCH-M-02,medium,L,301.319,340.0,1329.012,90.0,41.148,2026-02-01T10:21:10
MCH-M-02,medium,L,301.237,340.0,1345.272,90.0,41.218,2026-02-01T10:21:20
MCH-M-02,medium,L,301.028,340.0,1363.434,90.0,41.304,2026-02-01T10:21:30
MCH-M-02,medium,L,300.901,340.0,1367.555,90.0,41.474,2026-02-01T10:21:40
MCH-M-02,medium,L,300.697,340.0,1379.457,90.0,41.577,2026-02-01T10:21:50
MCH-M-02,medium,L,300.607,340.0,1387.924,90.0,41.672,2026-02-01T10:22:00
MCH-M-02,medium,L,300.54,340.0,1398.129,90.0,41.716,2026-02-01T10:22:10
MCH-M-02,medium,L,300.565,340.0,1411.564,90.0,41.838,2026-02-01T10:22:20
MCH-M-02,medium,L,300.661,339.878,1412.643,90.0,41.996,2026-02-01T10:22:30
MCH-M-02,medium,L,300.509,339.788,1430.381,90.0,42.104,2026-02-01T10:22:40
MCH-M-02,medium,L,300.415,339.42,1433.19,90.0,42.189,2026-02-01T10:22:50
MCH-M-02,medium,L,300.248,339.036,1454.871,90.0,42.29,2026-02-01T10:23:00
MCH-M-02,medium,L,300.023,338.872,1467.228,90.0,42.387,2026-02-01T10:23:10
MCH-M-02,medium,L,300.116,338.48,1485.678,90.0,42.551,2026-02-01T10:23:20
MCH-M-02,medium,L,299.828,338.334,1495.949,90.0,42.675,2026-02-01T10:23:30
MCH-M-02,medium,L,299.849,338.044,1520.989,90.0,42.758,2026-02-01T10:23:40
MCH-M-02,medium,L,299.71,337.67,1517.472,90.0,42.883,2026-02-01T10:23:50
MCH-M-02,medium,L,299.681,337.656,1530.475,90.0,42.987,2026-02-01T10:24:00
MCH-M-02,medium,L,299.618,337.624,1545.521,90.0,43.068,2026-02-01T10:24:10
MCH-M-02,medium,L,299.612,337.433,1564.607,90.0,43.181,2026-02-01T10:24:20
MCH-M-02,medium,L,299.448,337.406,1590.566,90.0,43.277,2026-02-01T10:24:30
MCH-M-02,medium,L,299.531,337.417,1595.279,90.0,43.417,2026-02-01T10:24:40
MCH-M-02,medium,L,299.609,338.905,1569.18,90.0,43.535,2026-02-01T10:24:50
MCH-M-02,medium,L,299.6,338.971,1594.793,90.0,43.663,2026-02-01T10:25:00
MCH-M-02,medium,L,299.693,339.004,1612.055,90.0,43.711,2026-02-01T10:25:10
MCH-M-02,medium,L,299.724,339.104,1645.556,90.0,43.846,2026-02-01T10:25:20
MCH-M-02,medium,L,299.77,339.038,1657.605,90.0,43.97,2026-02-01T10:25:30
MCH-M-02,medium,L,299.921,338.97,1674.073,90.0,44.096,2026-02-01T10:25:40
MCH-M-02,medium,L,299.803,339.07,1685.897,90.0,44.238,2026-02-01T10:25:50
MCH-M-02,medium,L,299.834,339.091,1705.186,90.0,44.341,2026-02-01T10:26:00
MCH-M-02,medium,L,299.87,339.126,1738.932,90.0,44.374,2026-02-01T10:26:10
MCH-M-02,medium,L,299.91,339.363,1749.007,90.0,44.477,2026-02-01T10:26:20
MCH-M-02,medium,L,299.935,339.511,1768.255,90.0,44.553,2026-02-01T10:26:30
MCH-M-02,medium,L,300.052,339.615,1802.504,90.0,44.666,2026-02-01T10:26:40
MCH-M-02,medium,L,300.089,340.0,1828.418,90.0,44.761,2026-02-01T10:26:50
MCH-M-02,medium,L,300.243,340.0,1842.409,90.0,44.824,2026-02-01T10:27:00
MCH-M-02,medium,L,300.219,340.0,1868.416,90.0,44.921,2026-02-01T10:27:10
MCH-M-02,medium,L,300.286,340.0,1882.222,90.0,45.023,2026-02-01T10:27:20
MCH-M-02,medium,L,300.436,340.0,1900.0,90.0,45.181,2026-02-01T10:27:30
MCH-M-02,medium,L,300.894,340.0,1900.0,90.0,45.276,2026-02-01T10:27:40
MCH-M-02,medium,L,301.179,340.0,1900.0,90.0,45.378,2026-02-01T10:27:50
MCH-M-02,medium,L,301.37,340.0,1900.0,90.0,45.506,2026-02-01T10:28:00
MCH-M-02,medium,L,301.731,340.0,1900.0,90.0,45.608,2026-02-01T10:28:10
MCH-M-02,medium,L,302.028,340.0,1900.0,90.0,45.716,2026-02-01T10:28:20
MCH-M-02,medium,L,302.163,340.0,1900.0,90.0,45.792,2026-02-01T10:28:30
MCH-M-02,medium,L,302.555,340.0,1900.0,90.0,45.923,2026-02-01T10:28:40
MCH-M-02,medium,L,302.788,340.0,1900.0,90.0,46.044,2026-02-01T10:28:50
MCH-M-02,medium,L,303.095,340.0,1900.0,90.0,46.162,2026-02-01T10:29:00
MCH-M-02,medium,L,303.522,340.0,1900.0,90.0,46.29,2026-02-01T10:29:10
MCH-M-02,medium,L,303.678,340.0,1900.0,90.0,46.36,2026-02-01T10:29:20
MCH-M-02,medium,L,304.004,340.0,1900.0,90.0,46.517,2026-02-01T10:29:30
MCH-M-02,medium,L,304.36,340.0,1900.0,90.0,46.629,2026-02-01T10:29:40
MCH-M-02,medium,L,304.708,340.0,1900.0,90.0,46.755,2026-02-01T10:29:50
MCH-M-02,medium,L,305.046,340.0,1900.0,90.0,46.854,2026-02-01T10:30:00
MCH-M-02,medium,L,305.287,340.0,1900.0,90.0,46.907,2026-02-01T10:30:10
MCH-M-02,medium,L,305.616,340.0,1900.0,90.0,46.997,2026-02-01T10:30:20
MCH-M-02,medium,L,305.985,340.0,1900.0,90.0,47.1,2026-02-01T10:30:30
MCH-M-02,medium,L,306.234,340.0,1900.0,90.0,47.267,2026-02-01T10:30:40
MCH-M-02,medium,L,306.692,340.0,1900.0,90.0,47.38,2026-02-01T10:30:50
MCH-M-02,medium,L,306.884,340.0,1900.0,90.0,47.443,2026-02-01T10:31:00
MCH-M-02,medium,L,307.289,340.0,1900.0,90.0,47.57,2026-02-01T10:31:10
MCH-M-02,medium,L,307.596,340.0,1900.0,90.0,47.678,2026-02-01T10:31:20
MCH-M-02,medium,L,307.995,340.0,1900.0,90.0,47.767,2026-02-01T10:31:30
MCH-M-02,medium,L,308.231,340.0,1900.0,90.0,47.842,2026-02-01T10:31:40
MCH-M-02,medium,L,308.733,340.0,1900.0,89.314,47.989,2026-02-01T10:31:50
MCH-M-02,medium,L,309.138,340.0,1900.0,88.963,48.105,2026-02-01T10:32:00
MCH-M-02,medium,L,309.725,340.0,1900.0,88.401,48.204,2026-02-01T10:32:10
MCH-M-02,medium,L,310.144,340.0,1900.0,87.647,48.308,2026-02-01T10:32:20
MCH-M-02,medium,L,310.605,340.0,1900.0,87.192,48.401,2026-02-01T10:32:30
MCH-M-02,medium,L,311.004,340.0,1900.0,86.45,48.502,2026-02-01T10:32:40
MCH-M-02,medium,L,311.426,340.0,1900.0,85.864,48.617,2026-02-01T10:32:50
MCH-M-02,medium,L,311.867,340.0,1900.0,85.241,48.731,2026-02-01T10:33:00
MCH-M-02,medium,L,312.249,340.0,1900.0,84.557,48.817,2026-02-01T10:33:10
MCH-M-02,medium,L,312.865,340.0,1900.0,84.5,48.891,2026-02-01T10:33:20
MCH-M-02,medium,L,313.3,340.0,1900.0,84.015,49.034,2026-02-01T10:33:30
MCH-M-02,medium,L,313.766,340.0,1900.0,83.317,49.14,2026-02-01T10:33:40
MCH-M-02,medium,L,314.219,340.0,1900.0,82.308,49.204,2026-02-01T10:33:50
MCH-M-02,medium,L,314.727,340.0,1900.0,82.572,49.329,2026-02-01T10:34:00
MCH-M-02,medium,L,315.142,340.0,1900.0,81.645,49.425,2026-02-01T10:34:10
MCH-M-02,medium,L,315.751,340.0,1900.0,81.052,49.553,2026-02-01T10:34:20
MCH-M-02,medium,L,316.23,340.0,1900.0,80.241,49.673,2026-02-01T10:34:30
MCH-M-02,medium,L,316.774,340.0,1900.0,80.005,49.81,2026-02-01T10:34:40
MCH-M-02,medium,L,317.261,340.0,1900.0,79.639,49.887,2026-02-01T10:34:50
MCH-M-02,medium,L,317.757,340.0,1900.0,79.126,50.022,2026-02-01T10:35:00
MCH-M-02,medium,L,318.191,340.0,1900.0,78.3,50.099,2026-02-01T10:35:10
MCH-M-02,medium,L,318.743,340.0,1900.0,77.743,50.178,2026-02-01T10:35:20
MCH-M-02,medium,L,319.121,340.0,1900.0,77.315,50.278,2026-02-01T10:35:30
MCH-M-02,medium,L,319.659,340.0,1900.0,76.649,50.375,2026-02-01T10:35:40
MCH-M-02,medium,L,320.0,340.0,1900.0,75.939,50.445,2026-02-01T10:35:50
MCH-M-02,medium,L,320.0,340.0,1900.0,75.67,50.533,2026-02-01T10:36:00
MCH-M-02,medium,L,320.0,340.0,1900.0,75.613,50.657,2026-02-01T10:36:10
MCH-M-02,medium,L,320.0,340.0,1900.0,75.109,50.796,2026-02-01T10:36:20
MCH-M-02,medium,L,320.0,340.0,1900.0,74.415,50.908,2026-02-01T10:36:30
MCH-M-02,medium,L,320.0,340.0,1900.0,73.279,51.003,2026-02-01T10:36:40
MCH-M-02,medium,L,320.0,340.0,1900.0,73.188,51.112,2026-02-01T10:36:50
MCH-M-02,medium,L,320.0,340.0,1900.0,72.728,51.244,2026-02-01T10:37:00
MCH-M-02,medium,L,320.0,340.0,1900.0,72.076,51.333,2026-02-01T10:37:10
MCH-M-02,medium,L,320.0,340.0,1900.0,72.166,51.498,2026-02-01T10:37:20
MCH-M-02,medium,L,320.0,340.0,1900.0,71.804,51.661,2026-02-01T10:37:30
MCH-M-02,medium,L,320.0,340.0,1900.0,71.77,51.736,2026-02-01T10:37:40
MCH-M-02,medium,L,320.0,340.0,1900.0,71.403,51.867,2026-02-01T10:37:50
MCH-M-02,medium,L,320.0,340.0,1900.0,72.012,52.013,2026-02-01T10:38:00
MCH-M-02,medium,L,320.0,340.0,1900.0,72.795,52.121,2026-02-01T10:38:10
MCH-M-02,medium,L,320.0,340.0,1900.0,72.88,52.257,2026-02-01T10:38:20
MCH-M-02,medium,L,320.0,340.0,1900.0,72.631,52.339,2026-02-01T10:38:30
MCH-M-02,medium,L,320.0,340.0,1900.0,72.341,52.449,2026-02-01T10:38:40
MCH-M-02,medium,L,320.0,340.0,1900.0,71.411,52.546,2026-02-01T10:38:50
MCH-M-02,medium,L,320.0,340.0,1900.0,70.922,52.676,2026-02-01T10:39:00
MCH-M-02,medium,L,320.0,340.0,1900.0,70.829,52.727,2026-02-01T10:39:10
MCH-M-02,medium,L,320.0,340.0,1900.0,70.51,52.825,2026-02-01T10:39:20
MCH-M-02,medium,L,320.0,340.0,1900.0,70.111,52.9,2026-02-01T10:39:30
MCH-M-02,medium,L,320.0,340.0,1900.0,70.457,52.968,2026-02-01T10:39:40
MCH-M-02,medium,L,320.0,340.0,1900.0,70.516,53.108,2026-02-01T10:39:50
MCH-M-02,medium,L,320.0,340.0,1900.0,70.294,53.201,2026-02-01T10:40:00
MCH-M-02,medium,L,320.0,340.0,1900.0,70.221,53.322,2026-02-01T10:40:10
MCH-M-02,medium,L,320.0,340.0,1900.0,70.313,53.379,2026-02-01T10:40:20
MCH-M-02,medium,L,320.0,340.0,1900.0,70.103,53.489,2026-02-01T10:40:30
MCH-M-02,medium,L,320.0,340.0,1900.0,70.092,53.613,2026-02-01T10:40:40
MCH-M-02,medium,L,320.0,340.0,1900.0,69.843,53.674,2026-02-01T10:40:50
MCH-M-02,medium,L,320.0,340.0,1900.0,69.801,53.799,2026-02-01T10:41:00
MCH-M-02,medium,L,320.0,340.0,1900.0,70.074,53.918,2026-02-01T10:41:10
MCH-M-02,medium,L,320.0,340.0,1900.0,70.11,54.023,2026-02-01T10:41:20
MCH-M-02,medium,L,320.0,340.0,1900.0,69.984,54.159,2026-02-01T10:41:30
MCH-M-02,medium,L,320.0,340.0,1900.0,70.114,54.271,2026-02-01T10:41:40
MCH-M-02,medium,L,320.0,340.0,1900.0,70.64,54.396,2026-02-01T10:41:50
MCH-M-02,medium,L,320.0,340.0,1900.0,70.751,54.505,2026-02-01T10:42:00
MCH-M-02,medium,L,320.0,340.0,1900.0,70.835,54.619,2026-02-01T10:42:10
MCH-M-02,medium,L,320.0,340.0,1900.0,71.059,54.692,2026-02-01T10:42:20
MCH-M-02,medium,L,320.0,340.0,1900.0,71.236,54.766,2026-02-01T10:42:30
MCH-M-02,medium,L,320.0,340.0,1900.0,70.836,54.906,2026-02-01T10:42:40
MCH-M-02,medium,L,320.0,340.0,1900.0,71.032,55.035,2026-02-01T10:42:50
MCH-M-02,medium,L,320.0,340.0,1900.0,71.547,55.146,2026-02-01T10:43:00
MCH-M-02,medium,L,320.0,340.0,1900.0,71.693,55.202,2026-02-01T10:43:10
MCH-M-02,medium,L,320.0,340.0,1900.0,72.022,55.328,2026-02-01T10:43:20
MCH-M-02,medium,L,320.0,340.0,1900.0,72.703,55.402,2026-02-01T10:43:30
MCH-M-02,medium,L,320.0,340.0,1900.0,72.899,55.524,2026-02-01T10:43:40
MCH-M-02,medium,L,320.0,340.0,1900.0,73.581,55.675,2026-02-01T10:43:50
MCH-M-02,medium,L,320.0,340.0,1900.0,74.1,55.782,2026-02-01T10:44:00
MCH-M-02,medium,L,320.0,340.0,1900.0,74.399,55.93,2026-02-01T10:44:10
MCH-M-02,medium,L,320.0,340.0,1900.0,74.631,56.014,2026-02-01T10:44:20
MCH-M-02,medium,L,320.0,340.0,1900.0,74.743,56.125,2026-02-01T10:44:30
MCH-M-02,medium,L,320.0,340.0,1900.0,75.223,56.25,2026-02-01T10:44:40
MCH-M-02,medium,L,320.0,340.0,1900.0,75.948,56.344,2026-02-01T10:44:50
MCH-M-02,medium,L,320.0,340.0,1900.0,76.498,56.47,2026-02-01T10:45:00
MCH-M-02,medium,L,320.0,340.0,1900.0,76.809,56.568,2026-02-01T10:45:10
MCH-M-02,medium,L,320.0,340.0,1900.0,77.433,56.679,2026-02-01T10:45:20
MCH-M-02,medium,L,320.0,340.0,1900.0,77.815,56.768,2026-02-01T10:45:30
MCH-M-02,medium,L,320.0,340.0,1900.0,78.251,56.87,2026-02-01T10:45:40
MCH-M-02,medium,L,320.0,340.0,1900.0,78.813,56.965,2026-02-01T10:45:50
MCH-M-02,medium,L,320.0,340.0,1900.0,79.042,57.05,2026-02-01T10:46:00
MCH-M-02,medium,L,320.0,340.0,1900.0,78.856,57.141,2026-02-01T10:46:10
MCH-M-02,medium,L,320.0,340.0,1900.0,79.495,57.248,2026-02-01T10:46:20
MCH-M-02,medium,L,320.0,340.0,1900.0,79.64,57.341,2026-02-01T10:46:30
MCH-M-02,medium,L,320.0,340.0,1900.0,80.271,57.437,2026-02-01T10:46:40
MCH-M-02,medium,L,320.0,340.0,1900.0,80.637,57.586,2026-02-01T10:46:50
MCH-M-02,medium,L,320.0,340.0,1900.0,81.486,57.686,2026-02-01T10:47:00
MCH-M-02,medium,L,320.0,340.0,1900.0,81.877,57.773,2026-02-01T10:47:10
MCH-M-02,medium,L,320.0,340.0,1900.0,82.374,57.86,2026-02-01T10:47:20
MCH-M-02,medium,L,320.0,340.0,1900.0,82.825,57.946,2026-02-01T10:47:30
MCH-M-02,medium,L,320.0,340.0,1900.0,83.679,58.041,2026-02-01T10:47:40
MCH-M-02,medium,L,320.0,340.0,1900.0,84.569,58.125,2026-02-01T10:47:50
MCH-M-02,medium,L,320.0,340.0,1900.0,85.153,58.219,2026-02-01T10:48:00
MCH-M-02,medium,L,320.0,340.0,1900.0,85.589,58.342,2026-02-01T10:48:10
MCH-M-02,medium,L,320.0,340.0,1900.0,85.652,58.423,2026-02-01T10:48:20
MCH-M-02,medium,L,320.0,340.0,1900.0,86.291,58.549,2026-02-01T10:48:30
MCH-M-02,medium,L,320.0,340.0,1900.0,87.306,58.605,2026-02-01T10:48:40
MCH-M-02,medium,L,320.0,340.0,1900.0,87.737,58.718,2026-02-01T10:48:50
MCH-M-02,medium,L,320.0,340.0,1900.0,88.827,58.835,2026-02-01T10:49:00
MCH-M-02,medium,L,320.0,340.0,1900.0,89.473,58.972,2026-02-01T10:49:10
MCH-M-02,medium,L,320.0,340.0,1900.0,90.0,59.103,2026-02-01T10:49:20
MCH-M-02,medium,L,320.0,340.0,1900.0,90.0,59.216,2026-02-01T10:49:30
MCH-M-02,medium,L,320.0,340.0,1900.0,90.0,59.365,2026-02-01T10:49:40
MCH-M-02,medium,L,320.0,340.0,1900.0,90.0,59.479,2026-02-01T10:49:50
MCH-M-02,medium,L,320.0,340.0,1900.0,90.0,59.601,2026-02-01T10:50:00
MCH-M-02,medium,L,320.0,340.0,1900.0,90.0,59.753,2026-02-01T10:50:10
MCH-M-02,medium,L,320.0,340.0,1900.0,90.0,59.86,2026-02-01T10:50:20
MCH-M-02,medium,L,320.0,340.0,1900.0,90.0,59.991,2026-02-01T10:50:30
MCH-M-02,medium,L,320.0,340.0,1900.0,90.0,60.041,2026-02-01T10:50:40
MCH-M-02,medium,L,320.0,340.0,1900.0,90.0,60.164,2026-02-01T10:50:50
MCH-M-02,medium,L,320.0,340.0,1900.0,90.0,60.274,2026-02-01T10:51:00
MCH-M-02,medium,L,320.0,340.0,1900.0,90.0,60.355,2026-02-01T10:51:10
MCH-M-02,medium,L,320.0,340.0,1900.0,90.0,60.45,2026-02-01T10:51:20
MCH-M-02,medium,L,320.0,340.0,1900.0,90.0,60.553,2026-02-01T10:51:30
MCH-M-02,medium,L,320.0,340.0,1900.0,90.0,60.622,2026-02-01T10:51:40
MCH-M-02,medium,L,320.0,340.0,1900.0,90.0,60.728,2026-02-01T10:51:50
MCH-M-02,medium,L,320.0,340.0,1900.0,90.0,60.843,2026-02-01T10:52:00
MCH-M-02,medium,L,320.0,340.0,1900.0,90.0,60.95,2026-02-01T10:52:10
MCH-M-02,medium,L,320.0,340.0,1900.0,90.0,61.024,2026-02-01T10:52:20
MCH-M-02,medium,L,320.0,340.0,1900.0,90.0,61.148,2026-02-01T10:52:30
MCH-M-02,medium,L,320.0,340.0,1900.0,90.0,61.231,2026-02-01T10:52:40
MCH-M-02,medium,L,320.0,340.0,1900.0,90.0,61.364,2026-02-01T10:52:50
MCH-M-02,medium,L,320.0,340.0,1900.0,90.0,61.501,2026-02-01T10:53:00
MCH-M-02,medium,L,319.742,340.0,1900.0,90.0,61.568,2026-02-01T10:53:10
MCH-M-02,medium,L,319.342,340.0,1900.0,90.0,61.672,2026-02-01T10:53:20
MCH-M-02,medium,L,318.97,340.0,1900.0,90.0,61.736,2026-02-01T10:53:30
MCH-M-02,medium,L,318.535,340.0,1900.0,90.0,61.884,2026-02-01T10:53:40
MCH-M-02,medium,L,318.151,340.0,1900.0,90.0,61.984,2026-02-01T10:53:50
MCH-M-02,medium,L,317.628,340.0,1900.0,90.0,62.079,2026-02-01T10:54:00
MCH-M-02,medium,L,317.207,340.0,1900.0,90.0,62.219,2026-02-01T10:54:10
MCH-M-02,medium,L,316.717,340.0,1900.0,90.0,62.327,2026-02-01T10:54:20
MCH-M-02,medium,L,316.086,340.0,1900.0,90.0,62.419,2026-02-01T10:54:30
MCH-M-02,medium,L,315.711,340.0,1900.0,90.0,62.501,2026-02-01T10:54:40
MCH-M-02,medium,L,315.263,340.0,1900.0,90.0,62.619,2026-02-01T10:54:50
MCH-M-02,medium,L,314.967,340.0,1900.0,90.0,62.713,2026-02-01T10:55:00
MCH-M-02,medium,L,314.646,340.0,1900.0,90.0,62.828,2026-02-01T10:55:10
MCH-M-02,medium,L,314.377,340.0,1900.0,90.0,62.96,2026-02-01T10:55:20
MCH-M-02,medium,L,314.022,340.0,1900.0,90.0,63.133,2026-02-01T10:55:30
MCH-M-02,medium,L,313.772,340.0,1900.0,90.0,63.23,2026-02-01T10:55:40
MCH-M-02,medium,L,313.541,340.0,1900.0,90.0,63.323,2026-02-01T10:55:50
MCH-M-02,medium,L,313.064,340.0,1900.0,90.0,63.397,2026-02-01T10:56:00
MCH-M-02,medium,L,312.777,340.0,1900.0,90.0,63.475,2026-02-01T10:56:10
MCH-M-02,medium,L,312.38,340.0,1900.0,90.0,63.624,2026-02-01T10:56:20
MCH-M-02,medium,L,312.06,340.0,1900.0,90.0,63.777,2026-02-01T10:56:30
MCH-M-02,medium,L,311.69,340.0,1900.0,90.0,63.864,2026-02-01T10:56:40
MCH-M-02,medium,L,311.162,340.0,1900.0,90.0,63.997,2026-02-01T10:56:50
MCH-M-02,medium,L,310.937,340.0,1900.0,90.0,64.115,2026-02-01T10:57:00
MCH-M-02,medium,L,310.547,340.0,1900.0,90.0,64.234,2026-02-01T10:57:10
MCH-M-02,medium,L,310.121,340.0,1900.0,90.0,64.309,2026-02-01T10:57:20
MCH-M-02,medium,L,309.815,340.0,1900.0,90.0,64.395,2026-02-01T10:57:30
MCH-M-02,medium,L,309.415,340.0,1900.0,90.0,64.564,2026-02-01T10:57:40
MCH-M-02,medium,L,309.065,340.0,1900.0,90.0,64.7,2026-02-01T10:57:50
MCH-M-02,medium,L,308.81,340.0,1900.0,90.0,64.814,2026-02-01T10:58:00
MCH-M-02,medium,L,308.648,340.0,1900.0,90.0,64.914,2026-02-01T10:58:10
MCH-M-02,medium,L,308.144,340.0,1900.0,90.0,65.06,2026-02-01T10:58:20
MCH-M-02,medium,L,307.821,340.0,1900.0,90.0,65.159,2026-02-01T10:58:30
MCH-M-02,medium,L,307.641,340.0,1900.0,90.0,65.249,2026-02-01T10:58:40
MCH-M-02,medium,L,307.364,340.0,1900.0,90.0,65.353,2026-02-01T10:58:50
MCH-M-02,medium,L,307.118,340.0,1900.0,90.0,65.514,2026-02-01T10:59:00
MCH-M-02,medium,L,306.89,340.0,1900.0,90.0,65.657,2026-02-01T10:59:10
MCH-M-02,medium,L,306.581,340.0,1900.0,90.0,65.756,2026-02-01T10:59:20
MCH-M-02,medium,L,306.373,340.0,1900.0,90.0,65.857,2026-02-01T10:59:30
MCH-M-02,medium,L,306.274,340.0,1900.0,90.0,65.96,2026-02-01T10:59:40
MCH-M-02,medium,L,306.139,340.0,1900.0,90.0,66.095,2026-02-01T10:59:50
MCH-M-02,medium,L,306.022,340.0,1900.0,90.0,66.171,2026-02-01T11:00:00
MCH-M-02,medium,L,305.801,340.0,1900.0,90.0,66.288,2026-02-01T11:00:10
MCH-M-02,medium,L,305.836,340.0,1900.0,90.0,66.374,2026-02-01T11:00:20
MCH-M-02,medium,L,305.654,340.0,1900.0,90.0,66.527,2026-02-01T11:00:30
MCH-M-02,medium,L,305.454,340.0,1900.0,90.0,66.609,2026-02-01T11:00:40
MCH-M-02,medium,L,305.45,340.0,1900.0,90.0,66.73,2026-02-01T11:00:50
MCH-M-02,medium,L,305.16,340.0,1900.0,90.0,66.871,2026-02-01T11:01:00
MCH-M-02,medium,L,305.073,340.0,1900.0,90.0,66.988,2026-02-01T11:01:10
MCH-M-02,medium,L,304.98,340.0,1900.0,90.0,67.064,2026-02-01T11:01:20
MCH-M-02,medium,L,304.897,340.0,1900.0,90.0,67.157,2026-02-01T11:01:30
MCH-M-02,medium,L,304.799,340.0,1900.0,90.0,67.24,2026-02-01T11:01:40
MCH-M-02,medium,L,304.651,340.0,1900.0,90.0,67.337,2026-02-01T11:01:50
MCH-M-02,medium,L,304.514,340.0,1900.0,90.0,67.457,2026-02-01T11:02:00
MCH-M-02,medium,L,304.235,340.0,1900.0,90.0,67.584,2026-02-01T11:02:10
MCH-M-02,medium,L,304.134,340.0,1900.0,90.0,67.686,2026-02-01T11:02:20
MCH-M-02,medium,L,303.921,340.0,1900.0,90.0,67.804,2026-02-01T11:02:30
MCH-M-02,medium,L,303.898,340.0,1900.0,90.0,67.948,2026-02-01T11:02:40
MCH-M-02,medium,L,303.855,340.0,1900.0,90.0,68.076,2026-02-01T11:02:50
MCH-M-02,medium,L,303.858,340.0,1900.0,90.0,68.184,2026-02-01T11:03:00
MCH-M-02,medium,L,303.807,340.0,1900.0,90.0,68.253,2026-02-01T11:03:10
MCH-M-02,medium,L,303.848,340.0,1900.0,90.0,68.338,2026-02-01T11:03:20
MCH-M-02,medium,L,303.861,340.0,1900.0,90.0,68.427,2026-02-01T11:03:30
MCH-M-02,medium,L,303.994,340.0,1870.563,90.0,68.55,2026-02-01T11:03:40
MCH-M-02,medium,L,304.007,340.0,1841.279,90.0,68.653,2026-02-01T11:03:50
MCH-M-02,medium,L,304.088,340.0,1813.446,90.0,68.754,2026-02-01T11:04:00
MCH-M-02,medium,L,304.169,340.0,1792.692,90.0,68.903,2026-02-01T11:04:10
MCH-M-02,medium,L,304.276,340.0,1764.328,90.0,69.015,2026-02-01T11:04:20
MCH-M-02,medium,L,304.287,340.0,1736.182,90.0,69.12,2026-02-01T11:04:30
MCH-M-02,medium,L,304.233,340.0,1719.494,90.0,69.22,2026-02-01T11:04:40
MCH-M-02,medium,L,304.249,340.0,1700.231,90.0,69.341,2026-02-01T11:04:50
MCH-M-02,medium,L,304.356,340.0,1675.729,90.0,69.414,2026-02-01T11:05:00
MCH-M-02,medium,L,304.318,340.0,1659.604,90.0,69.553,2026-02-01T11:05:10
MCH-M-02,medium,L,304.412,340.0,1635.682,90.0,69.648,2026-02-01T11:05:20
MCH-M-02,medium,L,304.531,340.0,1630.365,90.0,69.72,2026-02-01T11:05:30
MCH-M-02,medium,L,304.468,340.0,1617.951,90.0,69.858,2026-02-01T11:05:40
MCH-M-02,medium,L,304.684,340.0,1595.722,90.0,69.975,2026-02-01T11:05:50
MCH-M-02,medium,L,304.841,340.0,1581.348,90.0,70.086,2026-02-01T11:06:00
MCH-M-02,medium,L,305.163,340.0,1573.163,90.0,70.186,2026-02-01T11:06:10
MCH-M-02,medium,L,305.235,340.0,1547.051,90.0,70.287,2026-02-01T11:06:20
MCH-M-02,medium,L,305.469,340.0,1527.421,90.0,70.398,2026-02-01T11:06:30
MCH-M-02,medium,L,305.616,340.0,1513.952,90.0,70.435,2026-02-01T11:06:40
MCH-M-02,medium,L,305.773,340.0,1500.639,90.0,70.531,2026-02-01T11:06:50
MCH-M-02,medium,L,305.886,340.0,1483.555,90.0,70.656,2026-02-01T11:07:00
MCH-M-02,medium,L,306.136,340.0,1452.862,90.0,70.771,2026-02-01T11:07:10
MCH-M-02,medium,L,306.22,340.0,1435.92,90.0,70.824,2026-02-01T11:07:20
MCH-M-02,medium,L,306.368,340.0,1410.509,90.0,70.913,2026-02-01T11:07:30
MCH-M-02,medium,L,306.627,340.0,1386.822,90.0,71.086,2026-02-01T11:07:40
MCH-M-02,medium,L,306.942,340.0,1378.674,90.0,71.187,2026-02-01T11:07:50
MCH-M-02,medium,L,307.255,340.0,1365.717,90.0,71.272,2026-02-01T11:08:00
MCH-M-02,medium,L,307.385,340.0,1354.478,90.0,71.381,2026-02-01T11:08:10
MCH-M-02,medium,L,307.73,340.0,1339.907,90.0,71.448,2026-02-01T11:08:20
MCH-M-02,medium,L,308.079,340.0,1324.219,90.0,71.554,2026-02-01T11:08:30
MCH-M-02,medium,L,308.304,340.0,1307.879,90.0,71.66,2026-02-01T11:08:40
MCH-M-02,medium,L,308.539,340.0,1309.109,90.0,71.752,2026-02-01T11:08:50
MCH-M-02,medium,L,308.771,340.0,1302.909,90.0,71.822,2026-02-01T11:09:00
MCH-M-02,medium,L,309.157,340.0,1280.996,90.0,71.935,2026-02-01T11:09:10
MCH-M-02,medium,L,309.495,340.0,1262.885,90.0,72.039,2026-02-01T11:09:20
MCH-M-02,medium,L,309.847,340.0,1256.242,90.0,72.132,2026-02-01T11:09:30
MCH-M-02,medium,L,310.083,340.0,1243.15,90.0,72.277,2026-02-01T11:09:40
MCH-M-02,medium,L,310.459,340.0,1230.231,90.0,72.369,2026-02-01T11:09:50
MCH-M-02,medium,L,310.649,340.0,1203.198,90.0,72.475,2026-02-01T11:10:00
MCH-M-02,medium,L,310.795,340.0,1195.374,90.0,72.579,2026-02-01T11:10:10
MCH-M-02,medium,L,311.148,340.0,1169.949,90.0,72.671,2026-02-01T11:10:20
MCH-M-02,medium,L,311.464,340.0,1165.753,90.0,72.786,2026-02-01T11:10:30
MCH-M-02,medium,L,311.845,340.0,1165.973,90.0,72.854,2026-02-01T11:10:40
MCH-M-02,medium,L,312.077,340.0,1156.722,90.0,72.984,2026-02-01T11:10:50
MCH-M-02,medium,L,312.388,340.0,1145.98,90.0,73.126,2026-02-01T11:11:00
MCH-M-02,medium,L,312.479,340.0,1143.358,90.0,73.177,2026-02-01T11:11:10
MCH-M-02,medium,L,312.701,340.0,1151.404,90.0,73.328,2026-02-01T11:11:20
MCH-M-02,medium,L,312.988,340.0,1114.327,90.0,73.423,2026-02-01T11:11:30
MCH-M-02,medium,L,313.265,340.0,1102.517,90.0,73.569,2026-02-01T11:11:40
MCH-M-02,medium,L,313.403,340.0,1100.0,90.0,73.705,2026-02-01T11:11:50
MCH-M-02,medium,L,313.786,340.0,1100.0,90.0,73.783,2026-02-01T11:12:00
MCH-M-02,medium,L,314.003,340.0,1100.0,90.0,73.889,2026-02-01T11:12:10
MCH-M-02,medium,L,314.268,340.0,1100.0,90.0,73.997,2026-02-01T11:12:20
MCH-M-02,medium,L,314.182,340.0,1100.0,90.0,74.109,2026-02-01T11:12:30
MCH-M-02,medium,L,314.314,340.0,1100.0,90.0,74.172,2026-02-01T11:12:40
MCH-M-02,medium,L,314.524,340.0,1100.0,90.0,74.294,2026-02-01T11:12:50
MCH-M-02,medium,L,314.774,340.0,1100.0,90.0,74.347,2026-02-01T11:13:00
MCH-M-02,medium,L,315.102,340.0,1100.0,90.0,74.442,2026-02-01T11:13:10
MCH-M-02,medium,L,315.174,340.0,1100.0,90.0,74.551,2026-02-01T11:13:20
MCH-M-02,medium,L,315.466,340.0,1100.0,90.0,74.7,2026-02-01T11:13:30
MCH-M-02,medium,L,315.751,340.0,1100.0,90.0,74.785,2026-02-01T11:13:40
MCH-M-02,medium,L,316.123,340.0,1100.0,90.0,74.903,2026-02-01T11:13:50
MCH-M-02,medium,L,316.086,340.0,1100.0,90.0,75.02,2026-02-01T11:14:00
MCH-M-02,medium,L,316.381,340.0,1100.0,90.0,75.121,2026-02-01T11:14:10
MCH-M-02,medium,L,316.395,340.0,1100.0,90.0,75.195,2026-02-01T11:14:20
MCH-M-02,medium,L,316.518,340.0,1100.0,90.0,75.323,2026-02-01T11:14:30
MCH-M-02,medium,L,316.859,340.0,1100.0,90.0,75.417,2026-02-01T11:14:40
MCH-M-02,medium,L,317.01,340.0,1100.0,90.0,75.556,2026-02-01T11:14:50
MCH-M-02,medium,L,317.193,340.0,1100.0,90.0,75.68,2026-02-01T11:15:00
MCH-M-02,medium,L,317.171,340.0,1100.0,90.0,75.739,2026-02-01T11:15:10
MCH-M-02,medium,L,317.352,340.0,1100.0,90.0,75.867,2026-02-01T11:15:20
MCH-M-02,medium,L,317.546,340.0,1100.0,90.0,75.987,2026-02-01T11:15:30
MCH-M-02,medium,L,317.533,340.0,1100.0,90.0,76.09,2026-02-01T11:15:40
MCH-M-02,medium,L,317.644,340.0,1100.0,90.0,76.187,2026-02-01T11:15:50
MCH-M-02,medium,L,317.642,340.0,1100.0,90.0,76.305,2026-02-01T11:16:00
MCH-M-02,medium,L,317.83,340.0,1100.0,90.0,76.422,2026-02-01T11:16:10
MCH-M-02,medium,L,317.971,340.0,1100.0,90.0,76.544,2026-02-01T11:16:20
MCH-M-02,medium,L,318.034,340.0,1100.0,90.0,76.617,2026-02-01T11:16:30
MCH-M-02,medium,L,318.211,340.0,1100.0,90.0,76.681,2026-02-01T11:16:40
MCH-M-02,medium,L,318.232,340.0,1100.0,90.0,76.761,2026-02-01T11:16:50
MCH-M-02,medium,L,318.278,340.0,1100.0,90.0,76.921,2026-02-01T11:17:00
MCH-M-02,medium,L,318.262,340.0,1100.0,90.0,77.031,2026-02-01T11:17:10
MCH-M-02,medium,L,318.057,340.0,1100.0,90.0,77.121,2026-02-01T11:17:20
MCH-M-02,medium,L,318.182,340.0,1100.0,90.0,77.24,2026-02-01T11:17:30
MCH-M-02,medium,L,318.242,340.0,1105.838,90.0,77.406,2026-02-01T11:17:40
MCH-M-02,medium,L,318.345,340.0,1121.626,90.0,77.575,2026-02-01T11:17:50
MCH-M-02,medium,L,318.276,340.0,1122.953,90.0,77.693,2026-02-01T11:18:00
MCH-M-02,medium,L,318.254,340.0,1121.309,90.0,77.873,2026-02-01T11:18:10
MCH-M-02,medium,L,318.146,340.0,1131.416,90.0,77.982,2026-02-01T11:18:20
MCH-M-02,medium,L,318.066,340.0,1132.725,90.0,78.114,2026-02-01T11:18:30
MCH-M-02,medium,L,317.947,340.0,1135.913,90.0,78.213,2026-02-01T11:18:40
MCH-M-02,medium,L,317.866,340.0,1149.627,90.0,78.314,2026-02-01T11:18:50
MCH-M-02,medium,L,317.643,340.0,1165.696,90.0,78.412,2026-02-01T11:19:00
MCH-M-02,medium,L,317.502,340.0,1163.253,90.0,78.559,2026-02-01T11:19:10
MCH-M-02,medium,L,317.482,340.0,1178.424,90.0,78.659,2026-02-01T11:19:20
MCH-M-02,medium,L,317.361,340.0,1180.879,90.0,78.775,2026-02-01T11:19:30
MCH-M-02,medium,L,317.298,340.0,1180.039,90.0,78.87,2026-02-01T11:19:40
MCH-M-02,medium,L,317.043,340.0,1205.13,90.0,79.009,2026-02-01T11:19:50
MCH-M-02,medium,L,317.103,340.0,1212.724,90.0,79.138,2026-02-01T11:20:00
MCH-M-02,medium,L,316.8,340.0,1220.252,90.0,79.248,2026-02-01T11:20:10
MCH-M-02,medium,L,316.819,340.0,1228.843,90.0,79.398,2026-02-01T11:20:20
MCH-M-02,medium,L,316.608,340.0,1160.558,90.0,79.551,2026-02-01T11:20:30
MCH-M-02,medium,L,316.531,340.0,1183.059,90.0,79.631,2026-02-01T11:20:40
MCH-M-02,medium,L,316.294,340.0,1197.487,90.0,79.768,2026-02-01T11:20:50
MCH-M-02,medium,L,316.276,340.0,1219.479,90.0,79.885,2026-02-01T11:21:00
MCH-M-02,medium,L,316.066,340.0,1238.737,90.0,79.999,2026-02-01T11:21:10
MCH-M-02,medium,L,315.925,340.0,1250.906,90.0,80.091,2026-02-01T11:21:20
MCH-M-02,medium,L,315.713,340.0,1257.705,90.0,80.2,2026-02-01T11:21:30
MCH-M-02,medium,L,315.613,340.0,1276.05,90.0,80.358,2026-02-01T11:21:40
MCH-M-02,medium,L,315.573,340.0,1289.825,90.0,80.485,2026-02-01T11:21:50
MCH-M-02,medium,L,315.388,340.0,1318.879,90.0,80.566,2026-02-01T11:22:00
MCH-M-02,medium,L,315.208,340.0,1351.54,90.0,80.688,2026-02-01T11:22:10
MCH-M-02,medium,L,314.933,340.0,1367.889,90.0,80.807,2026-02-01T11:22:20
MCH-M-02,medium,L,314.885,340.0,1374.848,90.0,80.929,2026-02-01T11:22:30
MCH-M-02,medium,L,314.968,340.0,1393.703,90.0,80.993,2026-02-01T11:22:40
MCH-M-02,medium,L,314.849,340.0,1396.835,90.0,81.126,2026-02-01T11:22:50
MCH-M-02,medium,L,314.579,340.0,1410.712,90.0,81.23,2026-02-01T11:23:00
MCH-M-02,medium,L,314.354,340.0,1420.348,90.0,81.357,2026-02-01T11:23:10
MCH-M-02,medium,L,314.225,340.0,1454.833,90.0,81.433,2026-02-01T11:23:20
MCH-M-02,medium,L,313.931,340.0,1470.452,90.0,81.558,2026-02-01T11:23:30
MCH-M-02,medium,L,313.662,340.0,1492.233,90.0,81.601,2026-02-01T11:23:40
MCH-M-02,medium,L,313.146,340.0,1524.242,90.0,81.718,2026-02-01T11:23:50
MCH-M-02,medium,L,312.94,340.0,1550.467,90.0,81.828,2026-02-01T11:24:00
MCH-M-02,medium,L,312.497,340.0,1565.194,90.0,81.954,2026-02-01T11:24:10
MCH-M-02,medium,L,312.425,340.0,1570.716,90.0,82.085,2026-02-01T11:24:20
MCH-M-02,medium,L,312.293,340.0,1604.911,90.0,82.197,2026-02-01T11:24:30
MCH-M-02,medium,L,312.166,340.0,1625.527,90.0,82.297,2026-02-01T11:24:40
MCH-M-02,medium,L,311.999,340.0,1652.073,90.0,82.394,2026-02-01T11:24:50
MCH-M-02,medium,L,311.853,340.0,1665.22,90.0,82.514,2026-02-01T11:25:00
MCH-M-02,medium,L,311.703,340.0,1679.189,90.0,82.699,2026-02-01T11:25:10
MCH-M-02,medium,L,311.451,340.0,1696.811,90.0,82.827,2026-02-01T11:25:20
MCH-M-02,medium,L,311.139,340.0,1729.422,90.0,82.908,2026-02-01T11:25:30
MCH-M-02,medium,L,310.812,340.0,1751.311,90.0,83.038,2026-02-01T11:25:40
MCH-M-02,medium,L,310.48,340.0,1780.75,90.0,83.156,2026-02-01T11:25:50
MCH-M-02,medium,L,310.332,340.0,1814.436,90.0,83.278,2026-02-01T11:26:00
MCH-M-02,medium,L,310.075,340.0,1832.96,90.0,83.361,2026-02-01T11:26:10
MCH-M-02,medium,L,309.851,340.0,1857.033,90.0,83.481,2026-02-01T11:26:20
MCH-M-02,medium,L,309.511,340.0,1886.473,90.0,83.6,2026-02-01T11:26:30
MCH-M-02,medium,L,309.393,340.0,1897.227,90.0,83.679,2026-02-01T11:26:40
MCH-M-02,medium,L,309.098,340.0,1900.0,90.0,83.807,2026-02-01T11:26:50
MCH-M-02,medium,L,308.99,340.0,1900.0,90.0,83.889,2026-02-01T11:27:00
MCH-M-02,medium,L,308.623,340.0,1900.0,90.0,84.023,2026-02-01T11:27:10
MCH-M-02,medium,L,308.549,340.0,1900.0,90.0,84.155,2026-02-01T11:27:20
MCH-M-02,medium,L,308.36,340.0,1900.0,90.0,84.234,2026-02-01T11:27:30
MCH-M-02,medium,L,308.206,340.0,1900.0,90.0,84.333,2026-02-01T11:27:40
MCH-M-02,medium,L,308.009,340.0,1900.0,90.0,84.438,2026-02-01T11:27:50
MCH-M-02,medium,L,307.818,340.0,1900.0,90.0,84.516,2026-02-01T11:28:00
MCH-M-02,medium,L,307.447,340.0,1900.0,90.0,84.609,2026-02-01T11:28:10
MCH-M-02,medium,L,307.357,340.0,1900.0,90.0,84.705,2026-02-01T11:28:20
MCH-M-02,medium,L,307.204,340.0,1900.0,90.0,84.774,2026-02-01T11:28:30
MCH-M-02,medium,L,307.334,340.0,1900.0,90.0,84.823,2026-02-01T11:28:40
MCH-M-02,medium,L,307.276,340.0,1900.0,90.0,84.894,2026-02-01T11:28:50
MCH-M-02,medium,L,307.084,340.0,1900.0,90.0,85.008,2026-02-01T11:29:00
MCH-M-02,medium,L,306.846,340.0,1900.0,90.0,85.172,2026-02-01T11:29:10
MCH-M-02,medium,L,306.702,340.0,1900.0,90.0,85.237,2026-02-01T11:29:20
MCH-M-02,medium,L,306.679,340.0,1900.0,90.0,85.343,2026-02-01T11:29:30
MCH-M-02,medium,L,306.453,340.0,1900.0,90.0,85.417,2026-02-01T11:29:40
MCH-M-02,medium,L,306.201,340.0,1900.0,90.0,85.506,2026-02-01T11:29:50
MCH-M-02,medium,L,306.103,340.0,1900.0,90.0,85.633,2026-02-01T11:30:00
MCH-M-02,medium,L,305.852,340.0,1900.0,90.0,85.713,2026-02-01T11:30:10
MCH-M-02,medium,L,305.822,340.0,1900.0,90.0,85.832,2026-02-01T11:30:20
MCH-M-02,medium,L,305.764,340.0,1900.0,90.0,85.914,2026-02-01T11:30:30
MCH-M-02,medium,L,305.629,340.0,1900.0,90.0,86.018,2026-02-01T11:30:40
MCH-M-02,medium,L,305.496,340.0,1900.0,90.0,86.136,2026-02-01T11:30:50
MCH-M-02,medium,L,305.53,340.0,1900.0,90.0,86.208,2026-02-01T11:31:00
MCH-M-02,medium,L,305.496,340.0,1900.0,90.0,86.277,2026-02-01T11:31:10
MCH-M-02,medium,L,305.544,340.0,1900.0,90.0,86.357,2026-02-01T11:31:20
MCH-M-02,medium,L,305.456,340.0,1900.0,90.0,86.51,2026-02-01T11:31:30
MCH-M-02,medium,L,305.437,340.0,1900.0,90.0,86.599,2026-02-01T11:31:40
MCH-M-02,medium,L,305.342,340.0,1900.0,90.0,86.694,2026-02-01T11:31:50
MCH-M-02,medium,L,305.359,340.0,1900.0,90.0,86.824,2026-02-01T11:32:00
MCH-M-02,medium,L,305.488,340.0,1900.0,90.0,86.956,2026-02-01T11:32:10
MCH-M-02,medium,L,305.386,340.0,1900.0,90.0,87.117,2026-02-01T11:32:20
MCH-M-02,medium,L,305.668,340.0,1900.0,90.0,87.232,2026-02-01T11:32:30
MCH-M-02,medium,L,305.641,340.0,1900.0,90.0,87.369,2026-02-01T11:32:40
MCH-M-02,medium,L,305.687,340.0,1900.0,90.0,87.51,2026-02-01T11:32:50
MCH-M-02,medium,L,305.761,340.0,1900.0,90.0,87.612,2026-02-01T11:33:00
MCH-M-02,medium,L,305.814,340.0,1900.0,90.0,87.682,2026-02-01T11:33:10
MCH-M-02,medium,L,305.88,340.0,1900.0,90.0,87.798,2026-02-01T11:33:20
MCH-M-02,medium,L,306.158,340.0,1900.0,90.0,87.863,2026-02-01T11:33:30
MCH-M-02,medium,L,306.375,340.0,1900.0,90.0,87.994,2026-02-01T11:33:40
MCH-M-02,medium,L,306.672,340.0,1900.0,90.0,88.121,2026-02-01T11:33:50
MCH-M-02,medium,L,306.719,340.0,1900.0,90.0,88.19,2026-02-01T11:34:00
MCH-M-02,medium,L,306.875,340.0,1900.0,90.0,88.277,2026-02-01T11:34:10
MCH-M-02,medium,L,307.052,340.0,1900.0,90.0,88.421,2026-02-01T11:34:20
MCH-M-02,medium,L,307.287,340.0,1900.0,90.0,88.485,2026-02-01T11:34:30
MCH-M-02,medium,L,307.535,340.0,1900.0,90.0,88.57,2026-02-01T11:34:40
MCH-M-02,medium,L,307.777,340.0,1900.0,90.0,88.684,2026-02-01T11:34:50
MCH-M-02,medium,L,307.706,340.0,1900.0,90.0,88.803,2026-02-01T11:35:00
MCH-M-02,medium,L,307.98,340.0,1900.0,90.0,88.939,2026-02-01T11:35:10
MCH-M-02,medium,L,308.322,340.0,1900.0,90.0,89.047,2026-02-01T11:35:20
MCH-M-02,medium,L,308.569,340.0,1900.0,90.0,89.18,2026-02-01T11:35:30
MCH-M-02,medium,L,308.661,340.0,1900.0,90.0,89.328,2026-02-01T11:35:40
MCH-M-02,medium,L,308.956,340.0,1900.0,90.0,89.407,2026-02-01T11:35:50
MCH-M-02,medium,L,309.242,340.0,1900.0,90.0,89.525,2026-02-01T11:36:00
MCH-M-02,medium,L,309.249,340.0,1900.0,90.0,89.662,2026-02-01T11:36:10
MCH-M-02,medium,L,309.566,340.0,1900.0,90.0,89.736,2026-02-01T11:36:20
MCH-M-02,medium,L,309.839,340.0,1900.0,90.0,89.815,2026-02-01T11:36:30
MCH-M-02,medium,L,310.185,340.0,1900.0,90.0,89.927,2026-02-01T11:36:40
MCH-M-02,medium,L,310.461,340.0,1900.0,90.0,90.035,2026-02-01T11:36:50
MCH-M-02,medium,L,310.784,340.0,1900.0,90.0,90.087,2026-02-01T11:37:00
MCH-M-02,medium,L,311.227,340.0,1900.0,90.0,90.162,2026-02-01T11:37:10
MCH-M-02,medium,L,311.618,340.0,1900.0,90.0,90.287,2026-02-01T11:37:20
MCH-M-02,medium,L,311.914,340.0,1900.0,90.0,90.399,2026-02-01T11:37:30
MCH-M-02,medium,L,312.373,340.0,1900.0,90.0,90.549,2026-02-01T11:37:40
MCH-M-02,medium,L,312.742,340.0,1900.0,90.0,90.651,2026-02-01T11:37:50
MCH-M-02,medium,L,313.264,340.0,1900.0,90.0,90.769,2026-02-01T11:38:00
MCH-M-02,medium,L,313.623,340.0,1900.0,90.0,90.892,2026-02-01T11:38:10
MCH-M-02,medium,L,314.067,340.0,1900.0,90.0,90.993,2026-02-01T11:38:20
MCH-M-02,medium,L,314.432,340.0,1900.0,90.0,91.078,2026-02-01T11:38:30
MCH-M-02,medium,L,314.725,340.0,1900.0,90.0,91.209,2026-02-01T11:38:40
MCH-M-02,medium,L,315.136,340.0,1900.0,90.0,91.291,2026-02-01T11:38:50
MCH-M-02,medium,L,315.582,340.0,1900.0,90.0,91.414,2026-02-01T11:39:00
MCH-M-02,medium,L,315.883,340.0,1900.0,90.0,91.559,2026-02-01T11:39:10
MCH-M-02,medium,L,316.39,340.0,1900.0,90.0,91.714,2026-02-01T11:39:20
MCH-M-02,medium,L,316.935,340.0,1900.0,90.0,91.849,2026-02-01T11:39:30
MCH-M-02,medium,L,317.377,340.0,1900.0,90.0,91.927,2026-02-01T11:39:40
MCH-M-02,medium,L,317.71,340.0,1900.0,90.0,92.078,2026-02-01T11:39:50
MCH-M-02,medium,L,318.259,340.0,1900.0,90.0,92.171,2026-02-01T11:40:00
MCH-M-02,medium,L,318.746,340.0,1900.0,90.0,92.337,2026-02-01T11:40:10
MCH-M-02,medium,L,319.169,340.0,1900.0,90.0,92.421,2026-02-01T11:40:20
MCH-M-02,medium,L,319.594,340.0,1900.0,90.0,92.523,2026-02-01T11:40:30
MCH-M-02,medium,L,320.0,340.0,1900.0,90.0,92.679,2026-02-01T11:40:40
MCH-M-02,medium,L,320.0,340.0,1900.0,90.0,92.782,2026-02-01T11:40:50
MCH-M-02,medium,L,320.0,340.0,1900.0,90.0,92.877,2026-02-01T11:41:00
MCH-M-02,medium,L,320.0,340.0,1900.0,90.0,92.997,2026-02-01T11:41:10
MCH-M-02,medium,L,320.0,340.0,1900.0,90.0,93.125,2026-02-01T11:41:20
MCH-M-02,medium,L,320.0,340.0,1900.0,90.0,93.24,2026-02-01T11:41:30
MCH-M-02,medium,L,320.0,340.0,1900.0,90.0,93.353,2026-02-01T11:41:40
MCH-M-02,medium,L,320.0,340.0,1900.0,90.0,93.426,2026-02-01T11:41:50
MCH-M-02,medium,L,320.0,340.0,1900.0,90.0,93.531,2026-02-01T11:42:00
MCH-M-02,medium,L,320.0,340.0,1900.0,90.0,93.673,2026-02-01T11:42:10
MCH-M-02,medium,L,320.0,340.0,1900.0,90.0,93.802,2026-02-01T11:42:20
MCH-M-02,medium,L,320.0,340.0,1900.0,90.0,93.92,2026-02-01T11:42:30
MCH-M-02,medium,L,320.0,340.0,1900.0,90.0,94.014,2026-02-01T11:42:40
MCH-M-02,medium,L,320.0,340.0,1900.0,90.0,94.123,2026-02-01T11:42:50
MCH-M-02,medium,L,320.0,340.0,1900.0,90.0,94.158,2026-02-01T11:43:00
MCH-M-02,medium,L,320.0,340.0,1900.0,90.0,94.257,2026-02-01T11:43:10
MCH-M-02,medium,L,320.0,340.0,1900.0,90.0,94.345,2026-02-01T11:43:20
MCH-M-02,medium,L,320.0,340.0,1900.0,90.0,94.408,2026-02-01T11:43:30
MCH-M-02,medium,L,320.0,340.0,1900.0,90.0,94.525,2026-02-01T11:43:40
MCH-M-02,medium,L,320.0,340.0,1900.0,90.0,94.59,2026-02-01T11:43:50
MCH-M-02,medium,L,320.0,340.0,1900.0,90.0,94.712,2026-02-01T11:44:00
MCH-M-02,medium,L,320.0,340.0,1900.0,90.0,94.85,2026-02-01T11:44:10
MCH-M-02,medium,L,320.0,340.0,1900.0,90.0,94.953,2026-02-01T11:44:20
MCH-M-02,medium,L,320.0,340.0,1900.0,90.0,95.053,2026-02-01T11:44:30
MCH-M-02,medium,L,320.0,340.0,1900.0,90.0,95.113,2026-02-01T11:44:40
MCH-M-02,medium,L,320.0,340.0,1900.0,90.0,95.226,2026-02-01T11:44:50
MCH-M-02,medium,L,320.0,340.0,1900.0,90.0,79.25,2026-02-01T11:45:00
MCH-M-02,medium,L,320.0,340.0,1900.0,90.0,79.383,2026-02-01T11:45:10
MCH-M-02,medium,L,320.0,340.0,1900.0,90.0,79.51,2026-02-01T11:45:20
MCH-M-02,medium,L,320.0,340.0,1900.0,90.0,79.642,2026-02-01T11:45:30
MCH-M-02,medium,L,320.0,340.0,1900.0,90.0,79.756,2026-02-01T11:45:40
MCH-M-02,medium,L,320.0,340.0,1900.0,90.0,79.857,2026-02-01T11:45:50
MCH-M-02,medium,L,320.0,340.0,1900.0,90.0,80.017,2026-02-01T11:46:00
MCH-M-02,medium,L,320.0,340.0,1900.0,90.0,80.145,2026-02-01T11:46:10
MCH-M-02,medium,L,320.0,340.0,1900.0,90.0,80.255,2026-02-01T11:46:20
MCH-M-02,medium,L,320.0,340.0,1900.0,90.0,80.42,2026-02-01T11:46:30
MCH-M-02,medium,L,320.0,340.0,1900.0,90.0,80.567,2026-02-01T11:46:40
MCH-M-02,medium,L,320.0,340.0,1900.0,90.0,80.66,2026-02-01T11:46:50
MCH-M-02,medium,L,320.0,340.0,1900.0,90.0,80.781,2026-02-01T11:47:00
MCH-M-02,medium,L,320.0,340.0,1900.0,90.0,80.868,2026-02-01T11:47:10
MCH-M-02,medium,L,320.0,340.0,1900.0,90.0,80.975,2026-02-01T11:47:20
MCH-M-02,medium,L,320.0,340.0,1900.0,90.0,81.098,2026-02-01T11:47:30
MCH-M-02,medium,L,320.0,340.0,1900.0,90.0,81.181,2026-02-01T11:47:40
MCH-M-02,medium,L,320.0,340.0,1900.0,90.0,81.288,2026-02-01T11:47:50
MCH-M-02,medium,L,320.0,340.0,1900.0,90.0,81.419,2026-02-01T11:48:00
MCH-M-02,medium,L,320.0,340.0,1900.0,90.0,81.521,2026-02-01T11:48:10
MCH-M-02,medium,L,320.0,340.0,1900.0,90.0,81.583,2026-02-01T11:48:20
MCH-M-02,medium,L,320.0,340.0,1900.0,90.0,81.655,2026-02-01T11:48:30
MCH-M-02,medium,L,320.0,340.0,1900.0,90.0,81.747,2026-02-01T11:48:40
MCH-M-02,medium,L,320.0,340.0,1900.0,90.0,81.881,2026-02-01T11:48:50
MCH-M-02,medium,L,320.0,340.0,1900.0,90.0,82.024,2026-02-01T11:49:00
MCH-M-02,medium,L,320.0,340.0,1900.0,90.0,82.108,2026-02-01T11:49:10
MCH-M-02,medium,L,320.0,340.0,1900.0,90.0,82.257,2026-02-01T11:49:20
MCH-M-02,medium,L,320.0,340.0,1900.0,90.0,82.369,2026-02-01T11:49:30
MCH-M-02,medium,L,320.0,340.0,1900.0,90.0,82.477,2026-02-01T11:49:40
MCH-M-02,medium,L,320.0,340.0,1900.0,90.0,82.603,2026-02-01T11:49:50
MCH-M-02,medium,L,320.0,340.0,1900.0,90.0,82.707,2026-02-01T11:50:00
MCH-M-02,medium,L,320.0,340.0,1900.0,90.0,82.786,2026-02-01T11:50:10
MCH-M-02,medium,L,320.0,340.0,1900.0,90.0,82.917,2026-02-01T11:50:20
MCH-M-02,medium,L,320.0,340.0,1900.0,90.0,82.988,2026-02-01T11:50:30
MCH-M-02,medium,L,320.0,340.0,1900.0,90.0,83.056,2026-02-01T11:50:40
MCH-M-02,medium,L,320.0,340.0,1900.0,90.0,83.163,2026-02-01T11:50:50
MCH-M-02,medium,L,320.0,340.0,1900.0,90.0,83.248,2026-02-01T11:51:00
MCH-M-02,medium,L,320.0,340.0,1900.0,90.0,83.368,2026-02-01T11:51:10
MCH-M-02,medium,L,320.0,340.0,1900.0,90.0,83.539,2026-02-01T11:51:20
MCH-M-02,medium,L,320.0,340.0,1900.0,90.0,83.62,2026-02-01T11:51:30
MCH-M-02,medium,L,320.0,340.0,1900.0,90.0,83.719,2026-02-01T11:51:40
MCH-M-02,medium,L,320.0,340.0,1900.0,90.0,83.842,2026-02-01T11:51:50
MCH-M-02,medium,L,320.0,340.0,1900.0,90.0,83.996,2026-02-01T11:52:00
MCH-M-02,medium,L,320.0,340.0,1900.0,90.0,84.124,2026-02-01T11:52:10
MCH-M-02,medium,L,320.0,340.0,1900.0,90.0,84.186,2026-02-01T11:52:20
MCH-M-02,medium,L,320.0,340.0,1900.0,90.0,84.273,2026-02-01T11:52:30
MCH-M-02,medium,L,320.0,340.0,1900.0,90.0,84.299,2026-02-01T11:52:40
MCH-M-02,medium,L,320.0,340.0,1900.0,90.0,84.4,2026-02-01T11:52:50
MCH-M-02,medium,L,320.0,340.0,1900.0,90.0,84.558,2026-02-01T11:53:00
MCH-M-02,medium,L,320.0,340.0,1900.0,90.0,84.654,2026-02-01T11:53:10
MCH-M-02,medium,L,320.0,340.0,1900.0,90.0,84.842,2026-02-01T11:53:20
MCH-M-02,medium,L,320.0,340.0,1900.0,90.0,84.985,2026-02-01T11:53:30
MCH-M-02,medium,L,320.0,340.0,1900.0,90.0,85.119,2026-02-01T11:53:40
MCH-M-02,medium,L,320.0,340.0,1900.0,90.0,85.196,2026-02-01T11:53:50
MCH-M-02,medium,L,320.0,340.0,1900.0,90.0,85.293,2026-02-01T11:54:00
MCH-M-02,medium,L,320.0,340.0,1900.0,90.0,85.37,2026-02-01T11:54:10
MCH-M-02,medium,L,320.0,340.0,1900.0,90.0,85.48,2026-02-01T11:54:20
MCH-M-02,medium,L,320.0,340.0,1900.0,90.0,85.584,2026-02-01T11:54:30
MCH-M-02,medium,L,320.0,340.0,1900.0,90.0,85.671,2026-02-01T11:54:40
MCH-M-02,medium,L,320.0,340.0,1900.0,90.0,85.78,2026-02-01T11:54:50
MCH-M-02,medium,L,320.0,340.0,1900.0,90.0,85.876,2026-02-01T11:55:00
MCH-M-02,medium,L,320.0,340.0,1900.0,90.0,86.019,2026-02-01T11:55:10
MCH-M-02,medium,L,320.0,340.0,1900.0,90.0,86.099,2026-02-01T11:55:20
MCH-M-02,medium,L,320.0,340.0,1900.0,90.0,86.169,2026-02-01T11:55:30
MCH-M-02,medium,L,320.0,340.0,1900.0,90.0,86.272,2026-02-01T11:55:40
MCH-M-02,medium,L,320.0,340.0,1900.0,90.0,86.405,2026-02-01T11:55:50
MCH-M-02,medium,L,320.0,340.0,1900.0,90.0,86.586,2026-02-01T11:56:00
MCH-M-02,medium,L,320.0,340.0,1900.0,90.0,86.707,2026-02-01T11:56:10
MCH-M-02,medium,L,320.0,340.0,1900.0,90.0,86.762,2026-02-01T11:56:20
MCH-M-02,medium,L,320.0,340.0,1900.0,90.0,86.854,2026-02-01T11:56:30
MCH-M-02,medium,L,320.0,340.0,1900.0,90.0,86.9,2026-02-01T11:56:40
MCH-M-02,medium,L,320.0,340.0,1900.0,90.0,87.016,2026-02-01T11:56:50
MCH-M-02,medium,L,320.0,340.0,1900.0,90.0,87.112,2026-02-01T11:57:00
MCH-M-02,medium,L,320.0,340.0,1900.0,90.0,87.266,2026-02-01T11:57:10
MCH-M-02,medium,L,320.0,340.0,1900.0,90.0,87.412,2026-02-01T11:57:20
MCH-M-02,medium,L,320.0,340.0,1900.0,90.0,87.525,2026-02-01T11:57:30
MCH-M-02,medium,L,320.0,340.0,1900.0,90.0,87.581,2026-02-01T11:57:40
MCH-M-02,medium,L,320.0,340.0,1900.0,90.0,87.751,2026-02-01T11:57:50
MCH-M-02,medium,L,320.0,340.0,1900.0,90.0,87.824,2026-02-01T11:58:00
MCH-M-02,medium,L,320.0,340.0,1900.0,90.0,87.94,2026-02-01T11:58:10
MCH-M-02,medium,L,320.0,340.0,1900.0,90.0,88.027,2026-02-01T11:58:20
MCH-M-02,medium,L,320.0,340.0,1900.0,90.0,88.143,2026-02-01T11:58:30
MCH-M-02,medium,L,320.0,340.0,1877.84,90.0,88.232,2026-02-01T11:58:40
MCH-M-02,medium,L,320.0,340.0,1861.783,90.0,88.386,2026-02-01T11:58:50
MCH-M-02,medium,L,320.0,340.0,1833.498,90.0,88.504,2026-02-01T11:59:00
MCH-M-02,medium,L,320.0,340.0,1811.062,90.0,88.641,2026-02-01T11:59:10
MCH-M-02,medium,L,320.0,340.0,1795.476,90.0,88.813,2026-02-01T11:59:20
MCH-M-02,medium,L,320.0,340.0,1777.23,90.0,88.903,2026-02-01T11:59:30
MCH-M-02,medium,L,320.0,340.0,1747.622,90.0,89.008,2026-02-01T11:59:40
MCH-M-02,medium,L,320.0,340.0,1730.236,90.0,89.093,2026-02-01T11:59:50
MCH-M-02,medium,L,320.0,340.0,1706.624,90.0,89.217,2026-02-01T12:00:00
MCH-M-02,medium,L,320.0,340.0,1691.007,90.0,89.322,2026-02-01T12:00:10
MCH-M-02,medium,L,320.0,340.0,1667.073,90.0,89.482,2026-02-01T12:00:20
MCH-M-02,medium,L,320.0,340.0,1641.745,90.0,89.592,2026-02-01T12:00:30
MCH-M-02,medium,L,320.0,340.0,1618.401,90.0,89.714,2026-02-01T12:00:40
MCH-M-02,medium,L,320.0,340.0,1598.633,90.0,89.796,2026-02-01T12:00:50
MCH-M-02,medium,L,320.0,340.0,1577.358,90.0,89.946,2026-02-01T12:01:00
MCH-M-02,medium,L,320.0,340.0,1553.238,90.0,90.041,2026-02-01T12:01:10
MCH-M-02,medium,L,320.0,340.0,1533.3,90.0,90.138,2026-02-01T12:01:20
MCH-M-02,medium,L,320.0,340.0,1502.581,90.0,90.243,2026-02-01T12:01:30
MCH-M-02,medium,L,320.0,340.0,1489.687,90.0,90.311,2026-02-01T12:01:40
MCH-M-02,medium,L,319.986,340.0,1465.745,90.0,90.398,2026-02-01T12:01:50
MCH-M-02,medium,L,319.756,340.0,1438.313,90.0,90.471,2026-02-01T12:02:00
MCH-M-02,medium,L,319.304,340.0,1402.379,90.0,90.616,2026-02-01T12:02:10
MCH-M-02,medium,L,318.935,340.0,1381.785,90.0,90.745,2026-02-01T12:02:20
MCH-M-02,medium,L,318.496,340.0,1358.929,90.0,90.878,2026-02-01T12:02:30
MCH-M-02,medium,L,317.947,340.0,1339.355,90.0,90.967,2026-02-01T12:02:40
MCH-M-02,medium,L,317.551,340.0,1299.731,90.0,91.051,2026-02-01T12:02:50
MCH-M-02,medium,L,317.164,340.0,1283.824,90.0,91.152,2026-02-01T12:03:00
MCH-M-02,medium,L,316.843,340.0,1259.145,90.0,91.248,2026-02-01T12:03:10
MCH-M-02,medium,L,316.517,340.0,1244.65,90.0,91.343,2026-02-01T12:03:20
MCH-M-02,medium,L,316.083,340.0,1227.221,90.0,91.43,2026-02-01T12:03:30
MCH-M-02,medium,L,315.64,340.0,1202.527,90.0,91.516,2026-02-01T12:03:40
MCH-M-02,medium,L,315.468,340.0,1188.894,90.0,91.663,2026-02-01T12:03:50
MCH-M-02,medium,L,315.229,340.0,1171.394,90.0,91.794,2026-02-01T12:04:00
MCH-M-02,medium,L,314.835,340.0,1157.461,90.0,91.929,2026-02-01T12:04:10
MCH-M-02,medium,L,314.591,340.0,1136.324,90.0,92.05,2026-02-01T12:04:20
MCH-M-02,medium,L,314.314,340.0,1120.947,90.0,92.146,2026-02-01T12:04:30
MCH-M-02,medium,L,313.994,340.0,1103.719,90.0,92.282,2026-02-01T12:04:40
MCH-M-02,medium,L,313.645,340.0,1100.0,90.0,92.398,2026-02-01T12:04:50
MCH-M-02,medium,L,313.302,340.0,1100.0,90.0,92.504,2026-02-01T12:05:00
MCH-M-02,medium,L,313.068,340.0,1100.0,90.0,92.639,2026-02-01T12:05:10
MCH-M-02,medium,L,312.849,340.0,1100.0,90.0,92.743,2026-02-01T12:05:20
MCH-M-02,medium,L,312.483,340.0,1100.0,90.0,92.841,2026-02-01T12:05:30
MCH-M-02,medium,L,312.456,340.0,1100.0,90.0,92.903,2026-02-01T12:05:40
MCH-M-02,medium,L,312.325,340.0,1100.0,90.0,93.03,2026-02-01T12:05:50
MCH-M-02,medium,L,312.125,340.0,1100.0,90.0,93.208,2026-02-01T12:06:00
MCH-M-02,medium,L,311.771,340.0,1100.0,90.0,93.352,2026-02-01T12:06:10
MCH-M-02,medium,L,311.655,340.0,1100.0,90.0,93.398,2026-02-01T12:06:20
MCH-M-02,medium,L,311.387,340.0,1100.0,90.0,93.505,2026-02-01T12:06:30
MCH-M-02,medium,L,311.191,340.0,1100.0,90.0,93.6,2026-02-01T12:06:40
MCH-M-02,medium,L,310.965,340.0,1100.0,90.0,93.713,2026-02-01T12:06:50
MCH-M-02,medium,L,310.875,340.0,1100.0,90.0,93.805,2026-02-01T12:07:00
MCH-M-02,medium,L,310.554,340.0,1100.0,90.0,93.943,2026-02-01T12:07:10
MCH-M-02,medium,L,310.324,340.0,1100.0,90.0,94.019,2026-02-01T12:07:20
MCH-M-02,medium,L,310.209,340.0,1100.0,90.0,94.144,2026-02-01T12:07:30
MCH-M-03,medium,H,300.419,312.299,1582.183,55.785,19.822,2026-02-01T09:22:00
MCH-M-03,medium,H,300.527,312.273,1583.344,56.155,19.919,2026-02-01T09:22:10
MCH-M-03,medium,H,300.75,312.635,1588.478,56.137,20.034,2026-02-01T09:22:20
MCH-M-03,medium,H,300.79,312.95,1604.235,55.921,20.165,2026-02-01T09:22:30
MCH-M-03,medium,H,300.864,313.203,1602.384,55.624,20.31,2026-02-01T09:22:40
MCH-M-03,medium,H,301.053,313.39,1590.88,55.979,20.451,2026-02-01T09:22:50
MCH-M-03,medium,H,301.08,313.71,1591.403,56.009,20.535,2026-02-01T09:23:00
MCH-M-03,medium,H,301.286,314.062,1588.752,56.035,20.61,2026-02-01T09:23:10
MCH-M-03,medium,H,301.526,314.343,1601.655,56.57,20.689,2026-02-01T09:23:20
MCH-M-03,medium,H,301.713,314.812,1605.847,56.886,20.836,2026-02-01T09:23:30
MCH-M-03,medium,H,302.053,315.056,1609.658,57.238,20.918,2026-02-01T09:23:40
MCH-M-03,medium,H,302.383,315.417,1608.536,57.06,21.0,2026-02-01T09:23:50
MCH-M-03,medium,H,302.809,315.751,1620.244,57.407,21.125,2026-02-01T09:24:00
MCH-M-03,medium,H,303.034,316.286,1618.5,56.92,21.189,2026-02-01T09:24:10
MCH-M-03,medium,H,303.399,316.895,1622.314,56.842,21.311,2026-02-01T09:24:20
MCH-M-03,medium,H,303.856,317.422,1641.171,57.112,21.454,2026-02-01T09:24:30
MCH-M-03,medium,H,304.362,318.058,1650.271,57.277,21.591,2026-02-01T09:24:40
MCH-M-03,medium,H,304.836,318.547,1666.852,57.902,21.719,2026-02-01T09:24:50
MCH-M-03,medium,H,305.221,319.023,1690.425,58.565,21.811,2026-02-01T09:25:00
MCH-M-03,medium,H,305.632,319.483,1694.137,58.224,21.921,2026-02-01T09:25:10
MCH-M-03,medium,H,305.924,319.956,1711.02,58.597,21.972,2026-02-01T09:25:20
MCH-M-03,medium,H,306.234,320.408,1743.46,58.957,22.057,2026-02-01T09:25:30
MCH-M-03,medium,H,306.508,320.96,1749.34,59.241,22.188,2026-02-01T09:25:40
MCH-M-03,medium,H,306.925,321.473,1777.759,59.638,22.291,2026-02-01T09:25:50
MCH-M-03,medium,H,307.341,322.014,1794.318,60.323,22.374,2026-02-01T09:26:00
MCH-M-03,medium,H,307.766,322.442,1809.574,60.572,22.503,2026-02-01T09:26:10
MCH-M-03,medium,H,308.046,323.244,1824.146,61.421,22.584,2026-02-01T09:26:20
MCH-M-03,medium,H,308.443,323.63,1851.342,61.589,22.664,2026-02-01T09:26:30
MCH-M-03,medium,H,308.743,324.075,1866.038,61.989,22.754,2026-02-01T09:26:40
MCH-M-03,medium,H,309.152,324.422,1892.993,62.605,22.837,2026-02-01T09:26:50
MCH-M-03,medium,H,309.431,324.883,1900.0,62.659,22.926,2026-02-01T09:27:00
MCH-M-03,medium,H,309.899,325.408,1900.0,63.042,23.036,2026-02-01T09:27:10
MCH-M-03,medium,H,310.369,325.978,1900.0,63.818,23.137,2026-02-01T09:27:20
MCH-M-03,medium,H,310.857,326.69,1900.0,64.353,23.258,2026-02-01T09:27:30
MCH-M-03,medium,H,311.38,327.406,1900.0,64.543,23.362,2026-02-01T09:27:40
MCH-M-03,medium,H,311.906,327.712,1900.0,65.339,23.513,2026-02-01T09:27:50
MCH-M-03,medium,H,312.289,328.021,1900.0,65.968,23.596,2026-02-01T09:28:00
MCH-M-03,medium,H,312.645,328.363,1900.0,66.612,23.765,2026-02-01T09:28:10
MCH-M-03,medium,H,312.858,328.848,1900.0,67.542,23.871,2026-02-01T09:28:20
MCH-M-03,medium,H,313.405,329.081,1900.0,68.078,24.027,2026-02-01T09:28:30
MCH-M-03,medium,H,313.829,329.615,1900.0,68.32,24.109,2026-02-01T09:28:40
MCH-M-03,medium,H,314.454,330.315,1900.0,68.778,24.18,2026-02-01T09:28:50
MCH-M-03,medium,H,314.976,330.963,1900.0,69.661,24.273,2026-02-01T09:29:00
MCH-M-03,medium,H,315.309,331.492,1900.0,69.759,24.371,2026-02-01T09:29:10
MCH-M-03,medium,H,315.758,332.004,1900.0,69.9,24.48,2026-02-01T09:29:20
MCH-M-03,medium,H,316.246,332.292,1900.0,70.057,24.623,2026-02-01T09:29:30
MCH-M-03,medium,H,316.601,332.809,1900.0,70.729,24.767,2026-02-01T09:29:40
MCH-M-03,medium,H,317.042,333.389,1900.0,71.332,24.909,2026-02-01T09:29:50
MCH-M-03,medium,H,317.461,334.046,1900.0,72.477,25.002,2026-02-01T09:30:00
MCH-M-03,medium,H,318.049,334.453,1900.0,72.91,25.142,2026-02-01T09:30:10
MCH-M-03,medium,H,318.447,334.995,1900.0,74.105,25.283,2026-02-01T09:30:20
MCH-M-03,medium,H,318.949,335.178,1900.0,75.041,25.415,2026-02-01T09:30:30
MCH-M-03,medium,H,319.411,335.709,1900.0,75.714,25.502,2026-02-01T09:30:40
MCH-M-03,medium,H,319.925,336.183,1900.0,76.564,25.623,2026-02-01T09:30:50
MCH-M-03,medium,H,320.0,336.565,1900.0,77.55,25.722,2026-02-01T09:31:00
MCH-M-03,medium,H,320.0,336.902,1900.0,78.485,25.86,2026-02-01T09:31:10
MCH-M-03,medium,H,320.0,337.384,1900.0,79.126,25.959,2026-02-01T09:31:20
MCH-M-03,medium,H,320.0,337.711,1900.0,80.333,26.063,2026-02-01T09:31:30
MCH-M-03,medium,H,320.0,338.137,1900.0,80.979,26.197,2026-02-01T09:31:40
MCH-M-03,medium,H,320.0,338.352,1900.0,81.374,26.322,2026-02-01T09:31:50
MCH-M-03,medium,H,320.0,338.749,1900.0,81.869,26.403,2026-02-01T09:32:00
MCH-M-03,medium,H,320.0,339.147,1900.0,82.358,26.513,2026-02-01T09:32:10
MCH-M-03,medium,H,320.0,339.688,1900.0,83.158,26.62,2026-02-01T09:32:20
MCH-M-03,medium,H,320.0,340.0,1900.0,83.71,26.726,2026-02-01T09:32:30
MCH-M-03,medium,H,320.0,340.0,1900.0,84.416,26.833,2026-02-01T09:32:40
MCH-M-03,medium,H,320.0,340.0,1900.0,85.471,26.963,2026-02-01T09:32:50
MCH-M-03,medium,H,320.0,340.0,1900.0,87.243,27.111,2026-02-01T09:33:00
MCH-M-03,medium,H,320.0,340.0,1900.0,87.975,27.211,2026-02-01T09:33:10
MCH-M-03,medium,H,320.0,340.0,1900.0,88.916,27.349,2026-02-01T09:33:20
MCH-M-03,medium,H,320.0,340.0,1900.0,90.0,27.47,2026-02-01T09:33:30
MCH-M-03,medium,H,320.0,340.0,1900.0,90.0,27.552,2026-02-01T09:33:40
MCH-M-03,medium,H,320.0,340.0,1900.0,90.0,27.705,2026-02-01T09:33:50
MCH-M-03,medium,H,320.0,340.0,1900.0,90.0,27.788,2026-02-01T09:34:00
MCH-M-03,medium,H,320.0,340.0,1900.0,90.0,27.878,2026-02-01T09:34:10
MCH-M-03,medium,H,320.0,340.0,1900.0,90.0,27.977,2026-02-01T09:34:20
MCH-M-03,medium,H,320.0,340.0,1900.0,90.0,28.095,2026-02-01T09:34:30
MCH-M-03,medium,H,320.0,340.0,1900.0,90.0,28.259,2026-02-01T09:34:40
MCH-M-03,medium,H,320.0,340.0,1900.0,90.0,28.35,2026-02-01T09:34:50
MCH-M-03,medium,H,320.0,340.0,1900.0,90.0,28.447,2026-02-01T09:35:00
MCH-M-03,medium,H,320.0,340.0,1900.0,90.0,28.569,2026-02-01T09:35:10
MCH-M-03,medium,H,320.0,340.0,1900.0,90.0,28.69,2026-02-01T09:35:20
MCH-M-03,medium,H,320.0,340.0,1900.0,90.0,28.799,2026-02-01T09:35:30
MCH-M-03,medium,H,320.0,340.0,1900.0,90.0,28.895,2026-02-01T09:35:40
MCH-M-03,medium,H,320.0,340.0,1900.0,90.0,29.038,2026-02-01T09:35:50
MCH-M-03,medium,H,320.0,340.0,1900.0,90.0,29.134,2026-02-01T09:36:00
MCH-M-03,medium,H,320.0,340.0,1900.0,90.0,29.21,2026-02-01T09:36:10
MCH-M-03,medium,H,320.0,340.0,1900.0,90.0,29.283,2026-02-01T09:36:20
MCH-M-03,medium,H,320.0,340.0,1900.0,90.0,29.364,2026-02-01T09:36:30
MCH-M-03,medium,H,320.0,340.0,1900.0,90.0,29.474,2026-02-01T09:36:40
MCH-M-03,medium,H,320.0,340.0,1900.0,90.0,29.601,2026-02-01T09:36:50
MCH-M-03,medium,H,320.0,340.0,1900.0,90.0,29.719,2026-02-01T09:37:00
MCH-M-03,medium,H,320.0,340.0,1900.0,90.0,29.814,2026-02-01T09:37:10
MCH-M-03,medium,H,320.0,340.0,1900.0,90.0,29.927,2026-02-01T09:37:20
MCH-M-03,medium,H,320.0,340.0,1900.0,90.0,30.018,2026-02-01T09:37:30
MCH-M-03,medium,H,320.0,340.0,1900.0,90.0,30.093,2026-02-01T09:37:40
MCH-M-03,medium,H,320.0,340.0,1900.0,90.0,30.199,2026-02-01T09:37:50
MCH-M-03,medium,H,320.0,340.0,1900.0,90.0,30.307,2026-02-01T09:38:00
MCH-M-03,medium,H,320.0,340.0,1900.0,90.0,30.39,2026-02-01T09:38:10
MCH-M-03,medium,H,320.0,340.0,1900.0,90.0,30.513,2026-02-01T09:38:20
MCH-M-03,medium,H,320.0,340.0,1900.0,90.0,30.642,2026-02-01T09:38:30
MCH-M-03,medium,H,320.0,340.0,1900.0,90.0,30.697,2026-02-01T09:38:40
MCH-M-03,medium,H,320.0,340.0,1900.0,90.0,30.856,2026-02-01T09:38:50
MCH-M-03,medium,H,320.0,340.0,1900.0,90.0,30.95,2026-02-01T09:39:00
MCH-M-03,medium,H,320.0,340.0,1900.0,90.0,31.056,2026-02-01T09:39:10
MCH-M-03,medium,H,320.0,340.0,1900.0,90.0,31.144,2026-02-01T09:39:20
MCH-M-03,medium,H,320.0,340.0,1900.0,90.0,31.255,2026-02-01T09:39:30
MCH-M-03,medium,H,320.0,340.0,1900.0,90.0,31.326,2026-02-01T09:39:40
MCH-M-03,medium,H,320.0,340.0,1900.0,90.0,31.411,2026-02-01T09:39:50
MCH-M-03,medium,H,320.0,340.0,1900.0,90.0,31.519,2026-02-01T09:40:00
MCH-M-03,medium,H,320.0,340.0,1900.0,90.0,31.703,2026-02-01T09:40:10
MCH-M-03,medium,H,320.0,340.0,1900.0,90.0,31.792,2026-02-01T09:40:20
MCH-M-03,medium,H,320.0,340.0,1900.0,90.0,31.912,2026-02-01T09:40:30
MCH-M-03,medium,H,320.0,340.0,1900.0,90.0,31.995,2026-02-01T09:40:40
MCH-M-03,medium,H,320.0,340.0,1900.0,90.0,32.094,2026-02-01T09:40:50
MCH-M-03,medium,H,320.0,340.0,1900.0,90.0,32.167,2026-02-01T09:41:00
MCH-M-03,medium,H,320.0,340.0,1900.0,90.0,32.247,2026-02-01T09:41:10
MCH-M-03,medium,H,320.0,340.0,1900.0,90.0,32.325,2026-02-01T09:41:20
MCH-M-03,medium,H,320.0,340.0,1900.0,90.0,32.433,2026-02-01T09:41:30
MCH-M-03,medium,H,320.0,340.0,1900.0,90.0,32.55,2026-02-01T09:41:40
MCH-M-03,medium,H,320.0,340.0,1900.0,90.0,32.651,2026-02-01T09:41:50
MCH-M-03,medium,H,320.0,339.831,1900.0,90.0,32.701,2026-02-01T09:42:00
MCH-M-03,medium,H,320.0,339.317,1900.0,90.0,32.749,2026-02-01T09:42:10
MCH-M-03,medium,H,320.0,338.702,1900.0,90.0,32.856,2026-02-01T09:42:20
MCH-M-03,medium,H,320.0,338.117,1900.0,90.0,32.959,2026-02-01T09:42:30
MCH-M-03,medium,H,320.0,337.862,1900.0,90.0,33.076,2026-02-01T09:42:40
MCH-M-03,medium,H,320.0,337.328,1900.0,90.0,33.167,2026-02-01T09:42:50
MCH-M-03,medium,H,320.0,336.806,1900.0,90.0,33.211,2026-02-01T09:43:00
MCH-M-03,medium,H,320.0,336.316,1900.0,90.0,33.324,2026-02-01T09:43:10
MCH-M-03,medium,H,320.0,335.971,1900.0,90.0,33.396,2026-02-01T09:43:20
MCH-M-03,medium,H,320.0,335.503,1900.0,90.0,33.473,2026-02-01T09:43:30
MCH-M-03,medium,H,320.0,335.01,1900.0,90.0,33.545,2026-02-01T09:43:40
MCH-M-03,medium,H,320.0,334.669,1900.0,90.0,33.65,2026-02-01T09:43:50
MCH-M-03,medium,H,320.0,334.199,1900.0,90.0,33.702,2026-02-01T09:44:00
MCH-M-03,medium,H,320.0,333.672,1900.0,90.0,33.812,2026-02-01T09:44:10
MCH-M-03,medium,H,320.0,333.187,1900.0,90.0,33.943,2026-02-01T09:44:20
MCH-M-03,medium,H,320.0,332.618,1900.0,90.0,34.066,2026-02-01T09:44:30
MCH-M-03,medium,H,320.0,332.031,1900.0,90.0,34.162,2026-02-01T09:44:40
MCH-M-03,medium,H,320.0,331.637,1900.0,90.0,34.279,2026-02-01T09:44:50
MCH-M-03,medium,H,320.0,332.977,1900.0,90.0,34.402,2026-02-01T09:45:00
MCH-M-03,medium,H,320.0,332.313,1900.0,90.0,34.475,2026-02-01T09:45:10
MCH-M-03,medium,H,320.0,331.775,1900.0,90.0,34.562,2026-02-01T09:45:20
MCH-M-03,medium,H,320.0,331.464,1900.0,90.0,34.699,2026-02-01T09:45:30
MCH-M-03,medium,H,320.0,331.049,1900.0,90.0,34.81,2026-02-01T09:45:40
MCH-M-03,medium,H,320.0,332.027,1900.0,90.0,34.876,2026-02-01T09:45:50
MCH-M-03,medium,H,320.0,331.513,1900.0,90.0,34.961,2026-02-01T09:46:00
MCH-M-03,medium,H,320.0,331.053,1900.0,90.0,35.054,2026-02-01T09:46:10
MCH-M-03,medium,H,320.0,330.615,1900.0,90.0,35.142,2026-02-01T09:46:20
MCH-M-03,medium,H,320.0,330.138,1900.0,90.0,35.231,2026-02-01T09:46:30
MCH-M-03,medium,H,320.0,329.779,1900.0,90.0,35.365,2026-02-01T09:46:40
MCH-M-03,medium,H,320.0,329.439,1900.0,90.0,35.504,2026-02-01T09:46:50
MCH-M-03,medium,H,320.0,328.822,1900.0,90.0,35.599,2026-02-01T09:47:00
MCH-M-03,medium,H,320.0,328.397,1900.0,90.0,35.698,2026-02-01T09:47:10
MCH-M-03,medium,H,320.0,327.738,1900.0,90.0,35.787,2026-02-01T09:47:20
MCH-M-03,medium,H,319.46,327.102,1900.0,90.0,35.923,2026-02-01T09:47:30
MCH-M-03,medium,H,318.834,326.873,1900.0,90.0,36.056,2026-02-01T09:47:40
MCH-M-03,medium,H,318.349,326.499,1900.0,90.0,36.165,2026-02-01T09:47:50
MCH-M-03,medium,H,317.775,326.199,1900.0,90.0,36.258,2026-02-01T09:48:00
MCH-M-03,medium,H,317.367,325.87,1900.0,90.0,36.372,2026-02-01T09:48:10
MCH-M-03,medium,H,316.851,325.525,1900.0,90.0,36.454,2026-02-01T09:48:20
MCH-M-03,medium,H,316.543,324.995,1900.0,90.0,36.632,2026-02-01T09:48:30
MCH-M-03,medium,H,316.084,324.581,1900.0,90.0,36.745,2026-02-01T09:48:40
MCH-M-03,medium,H,315.714,324.391,1900.0,90.0,36.872,2026-02-01T09:48:50
MCH-M-03,medium,H,315.41,323.973,1900.0,90.0,36.921,2026-02-01T09:49:00
MCH-M-03,medium,H,315.078,323.708,1900.0,90.0,37.04,2026-02-01T09:49:10
MCH-M-03,medium,H,314.729,323.551,1900.0,90.0,37.141,2026-02-01T09:49:20
MCH-M-03,medium,H,314.259,323.144,1900.0,90.0,37.24,2026-02-01T09:49:30
MCH-M-03,medium,H,313.675,323.024,1900.0,90.0,37.391,2026-02-01T09:49:40
MCH-M-03,medium,H,313.345,322.699,1900.0,90.0,37.48,2026-02-01T09:49:50
MCH-M-03,medium,H,312.79,322.331,1900.0,90.0,37.581,2026-02-01T09:50:00
MCH-M-03,medium,H,312.392,321.85,1900.0,90.0,37.676,2026-02-01T09:50:10
MCH-M-03,medium,H,311.92,321.653,1900.0,90.0,37.758,2026-02-01T09:50:20
MCH-M-03,medium,H,311.516,321.382,1900.0,90.0,37.878,2026-02-01T09:50:30
MCH-M-03,medium,H,310.969,321.094,1900.0,90.0,38.006,2026-02-01T09:50:40
MCH-M-03,medium,H,310.444,320.902,1900.0,90.0,38.103,2026-02-01T09:50:50
MCH-M-03,medium,H,309.927,320.636,1900.0,90.0,38.264,2026-02-01T09:51:00
MCH-M-03,medium,H,309.363,320.769,1900.0,90.0,38.359,2026-02-01T09:51:10
MCH-M-03,medium,H,308.967,320.628,1900.0,90.0,38.442,2026-02-01T09:51:20
MCH-M-03,medium,H,308.426,320.491,1900.0,90.0,38.566,2026-02-01T09:51:30
MCH-M-03,medium,H,308.18,320.359,1900.0,90.0,38.699,2026-02-01T09:51:40
MCH-M-03,medium,H,307.927,320.392,1900.0,90.0,38.837,2026-02-01T09:51:50
MCH-M-03,medium,H,307.705,320.364,1900.0,90.0,38.962,2026-02-01T09:52:00
MCH-M-03,medium,H,307.374,320.245,1900.0,90.0,39.071,2026-02-01T09:52:10
MCH-M-03,medium,H,307.083,320.027,1900.0,90.0,39.18,2026-02-01T09:52:20
MCH-M-03,medium,H,306.966,319.913,1900.0,90.0,39.297,2026-02-01T09:52:30
MCH-M-03,medium,H,306.731,319.909,1900.0,90.0,39.37,2026-02-01T09:52:40
MCH-M-03,medium,H,306.591,319.799,1900.0,90.0,39.482,2026-02-01T09:52:50
MCH-M-03,medium,H,306.475,319.899,1900.0,90.0,39.537,2026-02-01T09:53:00
MCH-M-03,medium,H,306.212,319.969,1900.0,90.0,39.63,2026-02-01T09:53:10
MCH-M-03,medium,H,306.119,320.132,1900.0,90.0,39.717,2026-02-01T09:53:20
MCH-M-03,medium,H,305.807,320.291,1900.0,90.0,39.843,2026-02-01T09:53:30
MCH-M-03,medium,H,305.505,320.35,1900.0,90.0,39.916,2026-02-01T09:53:40
MCH-M-03,medium,H,305.114,320.154,1900.0,90.0,39.994,2026-02-01T09:53:50
MCH-M-03,medium,H,304.9,320.143,1900.0,90.0,40.123,2026-02-01T09:54:00
MCH-M-03,medium,H,304.71,320.45,1900.0,90.0,40.232,2026-02-01T09:54:10
MCH-M-03,medium,H,304.542,320.464,1900.0,90.0,40.301,2026-02-01T09:54:20
MCH-M-03,medium,H,304.392,320.632,1900.0,90.0,40.424,2026-02-01T09:54:30
MCH-M-03,medium,H,304.23,320.63,1900.0,90.0,40.485,2026-02-01T09:54:40
MCH-M-03,medium,H,304.007,320.683,1900.0,90.0,40.569,2026-02-01T09:54:50
MCH-M-03,medium,H,303.834,320.831,1900.0,90.0,40.633,2026-02-01T09:55:00
MCH-M-03,medium,H,303.711,320.858,1900.0,90.0,40.742,2026-02-01T09:55:10
MCH-M-03,medium,H,303.6,321.793,1900.0,90.0,40.818,2026-02-01T09:55:20
MCH-M-03,medium,H,303.441,321.872,1900.0,90.0,40.962,2026-02-01T09:55:30
MCH-M-03,medium,H,303.436,321.936,1900.0,90.0,41.038,2026-02-01T09:55:40
MCH-M-03,medium,H,303.372,322.27,1900.0,90.0,41.158,2026-02-01T09:55:50
MCH-M-03,medium,H,303.34,322.437,1900.0,90.0,41.242,2026-02-01T09:56:00
MCH-M-03,medium,H,303.277,322.737,1900.0,90.0,41.331,2026-02-01T09:56:10
MCH-M-03,medium,H,303.177,323.033,1900.0,90.0,41.416,2026-02-01T09:56:20
MCH-M-03,medium,H,303.062,323.509,1900.0,90.0,41.503,2026-02-01T09:56:30
MCH-M-03,medium,H,302.983,323.865,1900.0,90.0,41.662,2026-02-01T09:56:40
MCH-M-03,medium,H,303.023,324.324,1900.0,90.0,41.775,2026-02-01T09:56:50
MCH-M-03,medium,H,303.059,324.634,1900.0,90.0,41.913,2026-02-01T09:57:00
MCH-M-03,medium,H,303.011,325.041,1900.0,90.0,42.065,2026-02-01T09:57:10
MCH-M-03,medium,H,303.015,325.356,1900.0,90.0,42.172,2026-02-01T09:57:20
MCH-M-03,medium,H,303.014,325.667,1900.0,90.0,42.263,2026-02-01T09:57:30
MCH-M-03,medium,H,303.07,325.967,1900.0,90.0,42.417,2026-02-01T09:57:40
MCH-M-03,medium,H,303.107,326.175,1900.0,90.0,42.542,2026-02-01T09:57:50
MCH-M-03,medium,H,303.276,326.436,1900.0,90.0,42.663,2026-02-01T09:58:00
MCH-M-03,medium,H,303.265,327.022,1900.0,90.0,42.729,2026-02-01T09:58:10
MCH-M-03,medium,H,303.417,327.532,1900.0,90.0,42.83,2026-02-01T09:58:20
MCH-M-03,medium,H,303.472,327.836,1900.0,90.0,42.961,2026-02-01T09:58:30
MCH-M-03,medium,H,303.504,328.076,1900.0,90.0,43.059,2026-02-01T09:58:40
MCH-M-03,medium,H,303.643,328.538,1900.0,90.0,43.234,2026-02-01T09:58:50
MCH-M-03,medium,H,303.673,328.958,1900.0,90.0,43.293,2026-02-01T09:59:00
MCH-M-03,medium,H,303.813,329.453,1900.0,90.0,43.341,2026-02-01T09:59:10
MCH-M-03,medium,H,303.661,329.822,1900.0,90.0,43.47,2026-02-01T09:59:20
MCH-M-03,medium,H,303.734,330.283,1900.0,90.0,43.6,2026-02-01T09:59:30
MCH-M-03,medium,H,303.54,330.824,1900.0,90.0,43.751,2026-02-01T09:59:40
MCH-M-03,medium,H,303.667,331.353,1900.0,90.0,43.841,2026-02-01T09:59:50
MCH-M-03,medium,H,303.864,331.74,1900.0,90.0,43.954,2026-02-01T10:00:00
MCH-M-03,medium,H,303.997,332.351,1900.0,90.0,44.038,2026-02-01T10:00:10
MCH-M-03,medium,H,304.139,333.055,1900.0,90.0,44.1,2026-02-01T10:00:20
MCH-M-03,medium,H,304.321,333.346,1900.0,90.0,44.206,2026-02-01T10:00:30
MCH-M-03,medium,H,304.499,333.929,1900.0,90.0,44.308,2026-02-01T10:00:40
MCH-M-03,medium,H,304.684,334.467,1900.0,90.0,44.433,2026-02-01T10:00:50
MCH-M-03,medium,H,304.956,335.145,1900.0,90.0,44.489,2026-02-01T10:01:00
MCH-M-03,medium,H,305.133,335.622,1900.0,90.0,44.604,2026-02-01T10:01:10
MCH-M-03,medium,H,305.355,336.109,1900.0,90.0,44.726,2026-02-01T10:01:20
MCH-M-03,medium,H,305.472,336.748,1900.0,90.0,44.831,2026-02-01T10:01:30
MCH-M-03,medium,H,305.718,337.279,1900.0,90.0,44.914,2026-02-01T10:01:40
MCH-M-03,medium,H,305.979,337.842,1900.0,90.0,45.046,2026-02-01T10:01:50
MCH-M-03,medium,H,306.166,338.217,1900.0,90.0,45.099,2026-02-01T10:02:00
MCH-M-03,medium,H,306.221,338.568,1900.0,90.0,45.165,2026-02-01T10:02:10
MCH-M-03,medium,H,306.455,339.044,1900.0,90.0,45.263,2026-02-01T10:02:20
MCH-M-03,medium,H,306.86,339.474,1900.0,90.0,45.316,2026-02-01T10:02:30
MCH-M-03,medium,H,307.196,340.0,1900.0,90.0,45.432,2026-02-01T10:02:40
MCH-M-03,medium,H,307.358,340.0,1900.0,90.0,45.579,2026-02-01T10:02:50
MCH-M-03,medium,H,307.628,340.0,1900.0,90.0,45.649,2026-02-01T10:03:00
MCH-M-03,medium,H,307.791,340.0,1900.0,90.0,45.753,2026-02-01T10:03:10
MCH-M-03,medium,H,308.051,340.0,1900.0,90.0,45.878,2026-02-01T10:03:20
MCH-M-03,medium,H,308.272,340.0,1900.0,90.0,45.963,2026-02-01T10:03:30
MCH-M-03,medium,H,308.63,340.0,1900.0,90.0,46.15,2026-02-01T10:03:40
MCH-M-03,medium,H,308.894,340.0,1900.0,90.0,46.269,2026-02-01T10:03:50
MCH-M-03,medium,H,309.205,340.0,1900.0,90.0,46.341,2026-02-01T10:04:00
MCH-M-03,medium,H,309.398,340.0,1900.0,90.0,46.452,2026-02-01T10:04:10
MCH-M-03,medium,H,309.578,340.0,1900.0,90.0,46.519,2026-02-01T10:04:20
MCH-M-03,medium,H,309.795,340.0,1900.0,90.0,46.643,2026-02-01T10:04:30
MCH-M-03,medium,H,310.287,340.0,1900.0,90.0,46.741,2026-02-01T10:04:40
MCH-M-03,medium,H,310.513,340.0,1900.0,90.0,46.788,2026-02-01T10:04:50
MCH-M-03,medium,H,310.749,340.0,1900.0,90.0,46.882,2026-02-01T10:05:00
MCH-M-03,medium,H,310.945,340.0,1900.0,90.0,47.017,2026-02-01T10:05:10
MCH-M-03,medium,H,311.209,340.0,1900.0,90.0,47.12,2026-02-01T10:05:20
MCH-M-03,medium,H,311.601,340.0,1900.0,90.0,47.212,2026-02-01T10:05:30
MCH-M-03,medium,H,311.814,340.0,1900.0,90.0,47.292,2026-02-01T10:05:40
MCH-M-03,medium,H,312.171,340.0,1900.0,90.0,47.426,2026-02-01T10:05:50
MCH-M-03,medium,H,312.305,340.0,1900.0,90.0,47.548,2026-02-01T10:06:00
MCH-M-03,medium,H,312.469,340.0,1900.0,90.0,47.626,2026-02-01T10:06:10
MCH-M-03,medium,H,312.771,340.0,1900.0,90.0,47.706,2026-02-01T10:06:20
MCH-M-03,medium,H,313.063,340.0,1900.0,90.0,47.816,2026-02-01T10:06:30
MCH-M-03,medium,H,313.184,340.0,1900.0,90.0,47.949,2026-02-01T10:06:40
MCH-M-03,medium,H,313.492,340.0,1900.0,90.0,48.036,2026-02-01T10:06:50
MCH-M-03,medium,H,313.747,340.0,1900.0,90.0,48.152,2026-02-01T10:07:00
MCH-M-03,medium,H,314.017,340.0,1900.0,90.0,48.234,2026-02-01T10:07:10
MCH-M-03,medium,H,314.351,340.0,1900.0,90.0,48.342,2026-02-01T10:07:20
MCH-M-03,medium,H,314.637,340.0,1900.0,90.0,48.451,2026-02-01T10:07:30
MCH-M-03,medium,H,314.954,340.0,1900.0,90.0,48.533,2026-02-01T10:07:40
MCH-M-03,medium,H,315.165,340.0,1900.0,90.0,48.67,2026-02-01T10:07:50
MCH-M-03,medium,H,315.363,340.0,1900.0,90.0,48.781,2026-02-01T10:08:00
MCH-M-03,medium,H,315.621,340.0,1900.0,90.0,48.881,2026-02-01T10:08:10
MCH-M-03,medium,H,315.699,340.0,1900.0,90.0,48.994,2026-02-01T10:08:20
MCH-M-03,medium,H,315.926,340.0,1900.0,90.0,49.138,2026-02-01T10:08:30
MCH-M-03,medium,H,316.125,340.0,1900.0,90.0,49.231,2026-02-01T10:08:40
MCH-M-03,medium,H,316.271,340.0,1900.0,90.0,49.32,2026-02-01T10:08:50
MCH-M-03,medium,H,316.396,340.0,1900.0,90.0,49.424,2026-02-01T10:09:00
MCH-M-03,medium,H,316.528,340.0,1900.0,90.0,49.489,2026-02-01T10:09:10
MCH-M-03,medium,H,316.682,340.0,1900.0,90.0,49.603,2026-02-01T10:09:20
MCH-M-03,medium,H,316.701,340.0,1900.0,90.0,49.721,2026-02-01T10:09:30
MCH-M-03,medium,H,317.026,340.0,1900.0,90.0,49.807,2026-02-01T10:09:40
MCH-M-03,medium,H,317.424,340.0,1900.0,90.0,49.906,2026-02-01T10:09:50
MCH-M-03,medium,H,317.626,340.0,1900.0,90.0,50.023,2026-02-01T10:10:00
MCH-M-03,medium,H,317.883,340.0,1900.0,90.0,50.113,2026-02-01T10:10:10
MCH-M-03,medium,H,317.968,340.0,1900.0,90.0,50.212,2026-02-01T10:10:20
MCH-M-03,medium,H,318.131,340.0,1900.0,90.0,50.33,2026-02-01T10:10:30
MCH-M-03,medium,H,318.04,340.0,1900.0,90.0,50.414,2026-02-01T10:10:40
MCH-M-03,medium,H,318.187,340.0,1900.0,90.0,50.475,2026-02-01T10:10:50
MCH-M-03,medium,H,318.333,340.0,1900.0,90.0,50.586,2026-02-01T10:11:00
MCH-M-03,medium,H,318.316,340.0,1900.0,90.0,50.723,2026-02-01T10:11:10
MCH-M-03,medium,H,318.394,340.0,1900.0,90.0,50.841,2026-02-01T10:11:20
MCH-M-03,medium,H,318.329,340.0,1896.84,90.0,50.964,2026-02-01T10:11:30
MCH-M-03,medium,H,318.519,340.0,1879.311,90.0,51.063,2026-02-01T10:11:40
MCH-M-03,medium,H,318.554,340.0,1868.217,90.0,51.168,2026-02-01T10:11:50
MCH-M-03,medium,H,318.619,340.0,1851.301,90.0,51.333,2026-02-01T10:12:00
MCH-M-03,medium,H,318.643,340.0,1835.835,90.0,51.452,2026-02-01T10:12:10
MCH-M-03,medium,H,318.525,340.0,1812.663,90.0,51.557,2026-02-01T10:12:20
MCH-M-03,medium,H,318.459,340.0,1801.416,90.0,51.668,2026-02-01T10:12:30
MCH-M-03,medium,H,318.557,340.0,1786.073,90.0,51.763,2026-02-01T10:12:40
MCH-M-03,medium,H,318.572,340.0,1775.542,90.0,51.907,2026-02-01T10:12:50
MCH-M-03,medium,H,318.63,340.0,1755.593,90.0,52.02,2026-02-01T10:13:00
MCH-M-03,medium,H,318.572,340.0,1749.577,90.0,52.132,2026-02-01T10:13:10
MCH-M-03,medium,H,318.594,340.0,1741.199,90.0,52.204,2026-02-01T10:13:20
MCH-M-03,medium,H,318.675,340.0,1729.98,90.0,52.351,2026-02-01T10:13:30
MCH-M-03,medium,H,318.541,340.0,1717.867,90.0,52.43,2026-02-01T10:13:40
MCH-M-03,medium,H,318.456,340.0,1707.075,90.0,52.494,2026-02-01T10:13:50
MCH-M-03,medium,H,318.25,340.0,1692.617,90.0,52.617,2026-02-01T10:14:00
MCH-M-03,medium,H,318.173,340.0,1677.775,90.0,52.702,2026-02-01T10:14:10
MCH-M-03,medium,H,318.149,340.0,1719.383,90.0,52.777,2026-02-01T10:14:20
MCH-M-03,medium,H,318.024,340.0,1724.404,90.0,52.921,2026-02-01T10:14:30
MCH-M-03,medium,H,317.791,340.0,1723.991,90.0,53.05,2026-02-01T10:14:40
MCH-M-03,medium,H,317.592,340.0,1717.761,90.0,53.178,2026-02-01T10:14:50
MCH-M-03,medium,H,317.493,340.0,1703.229,90.0,53.309,2026-02-01T10:15:00
MCH-M-03,medium,H,317.355,340.0,1698.651,90.0,53.411,2026-02-01T10:15:10
MCH-M-03,medium,H,317.179,340.0,1698.069,90.0,53.491,2026-02-01T10:15:20
MCH-M-03,medium,H,317.007,340.0,1699.473,90.0,53.588,2026-02-01T10:15:30
MCH-M-03,medium,H,316.762,340.0,1689.359,90.0,53.689,2026-02-01T10:15:40
MCH-M-03,medium,H,316.531,340.0,1671.255,90.0,53.785,2026-02-01T10:15:50
MCH-M-03,medium,H,316.309,340.0,1656.946,90.0,53.904,2026-02-01T10:16:00
MCH-M-03,medium,H,316.077,340.0,1656.479,90.0,53.999,2026-02-01T10:16:10
MCH-M-03,medium,H,315.798,340.0,1658.244,90.0,54.1,2026-02-01T10:16:20
MCH-M-03,medium,H,315.596,340.0,1646.481,90.0,54.25,2026-02-01T10:16:30
MCH-M-03,medium,H,315.404,340.0,1645.76,90.0,54.353,2026-02-01T10:16:40
MCH-M-03,medium,H,314.979,340.0,1635.021,90.0,54.483,2026-02-01T10:16:50
MCH-M-03,medium,H,314.798,340.0,1631.525,90.0,54.577,2026-02-01T10:17:00
MCH-M-03,medium,H,314.612,340.0,1612.122,90.0,54.689,2026-02-01T10:17:10
MCH-M-03,medium,H,314.562,340.0,1600.35,90.0,54.769,2026-02-01T10:17:20
MCH-M-03,medium,H,314.322,340.0,1591.432,90.0,54.848,2026-02-01T10:17:30
MCH-M-03,medium,H,314.135,340.0,1604.441,90.0,54.95,2026-02-01T10:17:40
MCH-M-03,medium,H,314.195,340.0,1599.828,90.0,55.049,2026-02-01T10:17:50
MCH-M-03,medium,H,313.867,340.0,1601.075,90.0,55.14,2026-02-01T10:18:00
MCH-M-03,medium,H,313.511,340.0,1583.085,90.0,55.285,2026-02-01T10:18:10
MCH-M-03,medium,H,313.18,340.0,1593.79,90.0,55.418,2026-02-01T10:18:20
MCH-M-03,medium,H,313.106,340.0,1542.719,90.0,55.523,2026-02-01T10:18:30
MCH-M-03,medium,H,312.899,340.0,1541.787,90.0,55.631,2026-02-01T10:18:40
MCH-M-03,medium,H,312.804,340.0,1533.157,90.0,55.724,2026-02-01T10:18:50
MCH-M-03,medium,H,312.462,340.0,1516.048,90.0,55.827,2026-02-01T10:19:00
MCH-M-03,medium,H,312.302,340.0,1518.201,90.0,55.899,2026-02-01T10:19:10
MCH-M-03,medium,H,312.121,340.0,1514.477,90.0,55.987,2026-02-01T10:19:20
MCH-M-03,medium,H,311.745,340.0,1531.994,90.0,56.105,2026-02-01T10:19:30
MCH-M-03,medium,H,311.536,340.0,1539.573,90.0,56.166,2026-02-01T10:19:40
MCH-M-03,medium,H,311.313,340.0,1538.476,90.0,56.265,2026-02-01T10:19:50
MCH-M-03,medium,H,311.016,340.0,1540.569,90.0,56.381,2026-02-01T10:20:00
MCH-M-03,medium,H,310.673,340.0,1543.708,90.0,56.49,2026-02-01T10:20:10
MCH-M-03,medium,H,310.517,340.0,1545.463,90.0,56.576,2026-02-01T10:20:20
MCH-M-03,medium,H,310.315,339.883,1548.102,90.0,56.667,2026-02-01T10:20:30
MCH-M-03,medium,H,310.079,339.385,1552.2,90.0,56.743,2026-02-01T10:20:40
MCH-M-03,medium,H,309.67,338.913,1568.219,90.0,56.832,2026-02-01T10:20:50
MCH-M-03,medium,H,309.415,338.503,1576.498,90.0,56.992,2026-02-01T10:21:00
MCH-M-03,medium,H,309.212,338.027,1588.506,90.0,57.093,2026-02-01T10:21:10
MCH-M-03,medium,H,309.016,337.561,1597.801,90.0,57.228,2026-02-01T10:21:20
MCH-M-03,medium,H,308.791,337.195,1607.058,90.0,57.349,2026-02-01T10:21:30
MCH-M-03,medium,H,308.494,336.853,1611.512,90.0,57.469,2026-02-01T10:21:40
MCH-M-03,medium,H,308.316,336.466,1626.63,90.0,57.581,2026-02-01T10:21:50
MCH-M-03,medium,H,308.078,336.248,1629.45,90.0,57.643,2026-02-01T10:22:00
MCH-M-03,medium,H,307.746,335.875,1635.847,90.0,57.772,2026-02-01T10:22:10
MCH-M-03,medium,H,307.64,335.501,1654.445,90.0,57.874,2026-02-01T10:22:20
MCH-M-03,medium,H,307.365,335.254,1672.924,90.0,57.991,2026-02-01T10:22:30
MCH-M-03,medium,H,307.153,334.932,1681.15,90.0,58.043,2026-02-01T10:22:40
MCH-M-03,medium,H,306.93,334.737,1699.558,90.0,58.155,2026-02-01T10:22:50
MCH-M-03,medium,H,306.68,334.406,1710.129,90.0,58.223,2026-02-01T10:23:00
MCH-M-03,medium,H,306.697,334.241,1725.186,90.0,58.28,2026-02-01T10:23:10
MCH-M-03,medium,H,306.491,333.959,1724.432,90.0,58.402,2026-02-01T10:23:20
MCH-M-03,medium,H,306.24,333.881,1732.352,90.0,58.496,2026-02-01T10:23:30
MCH-M-03,medium,H,306.182,333.588,1755.289,90.0,58.612,2026-02-01T10:23:40
MCH-M-03,medium,H,306.138,333.357,1759.736,90.0,58.751,2026-02-01T10:23:50
MCH-M-03,medium,H,305.902,333.197,1779.825,90.0,58.818,2026-02-01T10:24:00
MCH-M-03,medium,H,305.658,333.162,1791.333,90.0,58.893,2026-02-01T10:24:10
MCH-M-03,medium,H,305.485,333.102,1800.874,90.0,59.031,2026-02-01T10:24:20
MCH-M-03,medium,H,305.504,332.96,1831.629,90.0,59.14,2026-02-01T10:24:30
MCH-M-03,medium,H,305.502,332.747,1855.44,90.0,59.255,2026-02-01T10:24:40
MCH-M-03,medium,H,305.531,332.509,1871.803,90.0,59.421,2026-02-01T10:24:50
MCH-M-03,medium,H,305.501,332.305,1880.83,90.0,59.502,2026-02-01T10:25:00
MCH-M-03,medium,H,305.533,331.999,1893.395,90.0,59.586,2026-02-01T10:25:10
MCH-M-03,medium,H,305.535,332.053,1900.0,90.0,59.71,2026-02-01T10:25:20
MCH-M-03,medium,H,305.431,332.01,1900.0,90.0,59.835,2026-02-01T10:25:30
MCH-M-03,medium,H,305.528,331.858,1900.0,90.0,59.915,2026-02-01T10:25:40
MCH-M-03,medium,H,305.572,331.869,1900.0,90.0,60.022,2026-02-01T10:25:50
MCH-M-03,medium,H,305.405,331.916,1900.0,90.0,60.111,2026-02-01T10:26:00
MCH-M-03,medium,H,305.317,331.978,1900.0,90.0,60.218,2026-02-01T10:26:10
MCH-M-03,medium,H,305.225,331.909,1900.0,90.0,60.287,2026-02-01T10:26:20
MCH-M-03,medium,H,305.216,332.021,1900.0,90.0,60.387,2026-02-01T10:26:30
MCH-M-03,medium,H,305.285,331.866,1900.0,90.0,60.492,2026-02-01T10:26:40
MCH-M-03,medium,H,305.338,332.0,1900.0,90.0,60.568,2026-02-01T10:26:50
MCH-M-03,medium,H,305.429,331.998,1900.0,90.0,60.711,2026-02-01T10:27:00
MCH-M-03,medium,H,305.349,332.05,1900.0,90.0,60.778,2026-02-01T10:27:10
MCH-M-03,medium,H,305.278,332.037,1900.0,90.0,60.889,2026-02-01T10:27:20
MCH-M-03,medium,H,305.284,332.263,1900.0,90.0,60.965,2026-02-01T10:27:30
MCH-M-03,medium,H,305.439,332.337,1900.0,90.0,61.06,2026-02-01T10:27:40
MCH-M-03,medium,H,305.562,332.558,1900.0,90.0,61.2,2026-02-01T10:27:50
MCH-M-03,medium,H,305.54,332.544,1900.0,90.0,61.285,2026-02-01T10:28:00
MCH-M-03,medium,H,305.778,332.788,1900.0,90.0,61.364,2026-02-01T10:28:10
MCH-M-03,medium,H,305.891,332.877,1900.0,90.0,61.495,2026-02-01T10:28:20
MCH-M-03,medium,H,306.151,332.816,1900.0,90.0,61.608,2026-02-01T10:28:30
MCH-M-03,medium,H,306.276,333.007,1900.0,90.0,61.68,2026-02-01T10:28:40
MCH-M-03,medium,H,306.507,332.971,1900.0,90.0,61.81,2026-02-01T10:28:50
MCH-M-03,medium,H,306.661,333.398,1900.0,90.0,61.955,2026-02-01T10:29:00
MCH-M-03,medium,H,306.941,333.545,1900.0,90.0,62.046,2026-02-01T10:29:10
MCH-M-03,medium,H,307.113,334.016,1900.0,90.0,62.147,2026-02-01T10:29:20
MCH-M-03,medium,H,307.181,334.588,1900.0,90.0,62.242,2026-02-01T10:29:30
MCH-M-03,medium,H,307.481,334.815,1900.0,90.0,62.334,2026-02-01T10:29:40
MCH-M-03,medium,H,307.661,335.341,1900.0,90.0,62.45,2026-02-01T10:29:50
MCH-M-03,medium,H,307.826,335.747,1900.0,90.0,62.527,2026-02-01T10:30:00
MCH-M-03,medium,H,308.018,336.055,1900.0,90.0,62.644,2026-02-01T10:30:10
MCH-M-03,medium,H,308.329,336.353,1900.0,90.0,62.805,2026-02-01T10:30:20
MCH-M-03,medium,H,308.479,336.777,1900.0,90.0,62.867,2026-02-01T10:30:30
MCH-M-03,medium,H,308.927,337.106,1900.0,90.0,62.986,2026-02-01T10:30:40
MCH-M-03,medium,H,309.39,337.622,1900.0,90.0,63.118,2026-02-01T10:30:50
MCH-M-03,medium,H,309.645,338.137,1900.0,90.0,63.251,2026-02-01T10:31:00
MCH-M-03,medium,H,310.015,338.509,1900.0,90.0,63.355,2026-02-01T10:31:10
MCH-M-03,medium,H,310.323,338.845,1900.0,90.0,63.438,2026-02-01T10:31:20
MCH-M-03,medium,H,310.485,339.452,1900.0,90.0,63.545,2026-02-01T10:31:30
MCH-M-03,medium,H,310.784,339.704,1900.0,90.0,63.653,2026-02-01T10:31:40
MCH-M-03,medium,H,311.218,340.0,1900.0,90.0,63.779,2026-02-01T10:31:50
MCH-M-03,medium,H,311.607,340.0,1900.0,90.0,63.893,2026-02-01T10:32:00
MCH-M-03,medium,H,311.782,340.0,1900.0,90.0,64.025,2026-02-01T10:32:10
MCH-M-03,medium,H,312.054,340.0,1900.0,90.0,64.164,2026-02-01T10:32:20
MCH-M-03,medium,H,312.467,340.0,1900.0,90.0,64.26,2026-02-01T10:32:30
MCH-M-03,medium,H,313.092,340.0,1900.0,90.0,64.422,2026-02-01T10:32:40
MCH-M-03,medium,H,313.448,340.0,1900.0,90.0,64.571,2026-02-01T10:32:50
MCH-M-03,medium,H,313.762,340.0,1900.0,90.0,64.669,2026-02-01T10:33:00
MCH-M-03,medium,H,314.118,340.0,1900.0,90.0,64.77,2026-02-01T10:33:10
MCH-M-03,medium,H,314.558,340.0,1900.0,90.0,64.844,2026-02-01T10:33:20
MCH-M-03,medium,H,315.091,340.0,1900.0,90.0,64.981,2026-02-01T10:33:30
MCH-M-03,medium,H,315.423,340.0,1900.0,90.0,65.084,2026-02-01T10:33:40
MCH-M-03,medium,H,315.775,340.0,1900.0,90.0,65.244,2026-02-01T10:33:50
MCH-M-03,medium,H,316.143,340.0,1900.0,90.0,65.344,2026-02-01T10:34:00
MCH-M-03,medium,H,316.627,340.0,1900.0,90.0,65.429,2026-02-01T10:34:10
MCH-M-03,medium,H,316.888,340.0,1900.0,90.0,65.518,2026-02-01T10:34:20
MCH-M-03,medium,H,317.334,340.0,1900.0,90.0,65.623,2026-02-01T10:34:30
MCH-M-03,medium,H,317.804,340.0,1900.0,90.0,65.728,2026-02-01T10:34:40
MCH-M-03,medium,H,318.466,340.0,1900.0,90.0,65.804,2026-02-01T10:34:50
MCH-M-03,medium,H,319.075,340.0,1900.0,90.0,65.903,2026-02-01T10:35:00
MCH-M-03,medium,H,319.471,340.0,1900.0,90.0,65.975,2026-02-01T10:35:10
MCH-M-03,medium,H,319.863,340.0,1900.0,90.0,66.073,2026-02-01T10:35:20
MCH-M-03,medium,H,320.0,340.0,1900.0,90.0,66.183,2026-02-01T10:35:30
MCH-M-03,medium,H,320.0,340.0,1900.0,90.0,66.22,2026-02-01T10:35:40
MCH-M-03,medium,H,320.0,340.0,1900.0,90.0,66.292,2026-02-01T10:35:50
MCH-M-03,medium,H,320.0,340.0,1900.0,90.0,66.372,2026-02-01T10:36:00
MCH-M-03,medium,H,320.0,340.0,1900.0,90.0,66.472,2026-02-01T10:36:10
MCH-M-03,medium,H,320.0,340.0,1900.0,90.0,66.589,2026-02-01T10:36:20
MCH-M-03,medium,H,320.0,340.0,1900.0,90.0,66.687,2026-02-01T10:36:30
MCH-M-03,medium,H,320.0,340.0,1900.0,90.0,66.822,2026-02-01T10:36:40
MCH-M-03,medium,H,320.0,340.0,1900.0,90.0,66.882,2026-02-01T10:36:50
MCH-M-03,medium,H,320.0,340.0,1900.0,90.0,66.999,2026-02-01T10:37:00
MCH-M-03,medium,H,320.0,340.0,1900.0,90.0,67.114,2026-02-01T10:37:10
MCH-M-03,medium,H,320.0,340.0,1900.0,90.0,67.164,2026-02-01T10:37:20
MCH-M-03,medium,H,320.0,340.0,1900.0,89.911,67.269,2026-02-01T10:37:30
MCH-M-03,medium,H,320.0,340.0,1900.0,90.0,67.391,2026-02-01T10:37:40
MCH-M-03,medium,H,320.0,340.0,1900.0,90.0,67.479,2026-02-01T10:37:50
MCH-M-03,medium,H,320.0,340.0,1900.0,89.801,67.563,2026-02-01T10:38:00
MCH-M-03,medium,H,320.0,340.0,1900.0,89.576,67.68,2026-02-01T10:38:10
MCH-M-03,medium,H,320.0,340.0,1900.0,88.596,67.836,2026-02-01T10:38:20
MCH-M-03,medium,H,320.0,340.0,1900.0,88.431,67.942,2026-02-01T10:38:30
MCH-M-03,medium,H,320.0,340.0,1900.0,88.378,68.063,2026-02-01T10:38:40
MCH-M-03,medium,H,320.0,340.0,1900.0,88.086,68.191,2026-02-01T10:38:50
MCH-M-03,medium,H,320.0,340.0,1900.0,87.468,68.341,2026-02-01T10:39:00
MCH-M-03,medium,H,320.0,340.0,1900.0,87.558,68.415,2026-02-01T10:39:10
MCH-M-03,medium,H,320.0,340.0,1900.0,86.944,68.552,2026-02-01T10:39:20
MCH-M-03,medium,H,320.0,340.0,1900.0,86.552,68.683,2026-02-01T10:39:30
MCH-M-03,medium,H,320.0,340.0,1900.0,86.439,68.835,2026-02-01T10:39:40
MCH-M-03,medium,H,320.0,340.0,1900.0,86.293,68.958,2026-02-01T10:39:50
MCH-M-03,medium,H,320.0,340.0,1900.0,85.793,69.086,2026-02-01T10:40:00
MCH-M-03,medium,H,320.0,340.0,1900.0,85.584,69.172,2026-02-01T10:40:10
MCH-M-03,medium,H,320.0,340.0,1900.0,85.341,69.237,2026-02-01T10:40:20
MCH-M-03,medium,H,320.0,340.0,1900.0,85.722,69.391,2026-02-01T10:40:30
MCH-M-03,medium,H,320.0,340.0,1900.0,85.004,69.475,2026-02-01T10:40:40
MCH-M-03,medium,H,320.0,340.0,1900.0,87.175,69.612,2026-02-01T10:40:50
MCH-M-03,medium,H,320.0,340.0,1900.0,90.0,69.762,2026-02-01T10:41:00
MCH-M-03,medium,H,320.0,340.0,1900.0,90.0,69.869,2026-02-01T10:41:10
MCH-M-03,medium,H,320.0,340.0,1900.0,90.0,69.975,2026-02-01T10:41:20
MCH-M-03,medium,H,320.0,340.0,1900.0,90.0,70.129,2026-02-01T10:41:30
MCH-M-03,medium,H,320.0,340.0,1900.0,90.0,70.322,2026-02-01T10:41:40
MCH-M-03,medium,H,320.0,340.0,1900.0,90.0,70.471,2026-02-01T10:41:50
MCH-M-03,medium,H,320.0,340.0,1900.0,90.0,70.614,2026-02-01T10:42:00
MCH-M-03,medium,H,320.0,340.0,1900.0,90.0,70.709,2026-02-01T10:42:10
MCH-M-03,medium,H,320.0,340.0,1900.0,90.0,70.831,2026-02-01T10:42:20
MCH-M-03,medium,H,320.0,340.0,1900.0,90.0,70.876,2026-02-01T10:42:30
MCH-M-03,medium,H,320.0,340.0,1900.0,90.0,70.963,2026-02-01T10:42:40
MCH-M-03,medium,H,320.0,340.0,1900.0,89.894,71.106,2026-02-01T10:42:50
MCH-M-03,medium,H,320.0,340.0,1900.0,89.988,71.257,2026-02-01T10:43:00
MCH-M-03,medium,H,320.0,340.0,1900.0,89.891,71.34,2026-02-01T10:43:10
MCH-M-03,medium,H,320.0,340.0,1900.0,90.0,71.448,2026-02-01T10:43:20
MCH-M-03,medium,H,320.0,340.0,1900.0,90.0,71.584,2026-02-01T10:43:30
MCH-M-03,medium,H,320.0,340.0,1900.0,90.0,71.679,2026-02-01T10:43:40
MCH-M-03,medium,H,320.0,340.0,1900.0,90.0,71.779,2026-02-01T10:43:50
MCH-M-03,medium,H,320.0,340.0,1900.0,90.0,71.937,2026-02-01T10:44:00
MCH-M-03,medium,H,320.0,340.0,1900.0,90.0,72.03,2026-02-01T10:44:10
MCH-M-03,medium,H,320.0,340.0,1900.0,90.0,72.098,2026-02-01T10:44:20
MCH-M-03,medium,H,320.0,340.0,1900.0,90.0,72.184,2026-02-01T10:44:30
MCH-M-03,medium,H,320.0,340.0,1900.0,90.0,72.308,2026-02-01T10:44:40
MCH-M-03,medium,H,320.0,340.0,1900.0,90.0,72.4,2026-02-01T10:44:50
MCH-M-03,medium,H,320.0,340.0,1900.0,90.0,72.566,2026-02-01T10:45:00
MCH-M-03,medium,H,320.0,340.0,1900.0,90.0,72.654,2026-02-01T10:45:10
MCH-M-03,medium,H,320.0,340.0,1900.0,90.0,72.75,2026-02-01T10:45:20
MCH-M-03,medium,H,320.0,340.0,1900.0,90.0,72.861,2026-02-01T10:45:30
MCH-M-03,medium,H,320.0,340.0,1900.0,90.0,72.966,2026-02-01T10:45:40
MCH-M-03,medium,H,320.0,340.0,1900.0,90.0,73.087,2026-02-01T10:45:50
MCH-M-03,medium,H,320.0,340.0,1900.0,90.0,73.18,2026-02-01T10:46:00
MCH-M-03,medium,H,320.0,340.0,1900.0,90.0,73.303,2026-02-01T10:46:10
MCH-M-03,medium,H,320.0,340.0,1900.0,90.0,73.406,2026-02-01T10:46:20
MCH-M-03,medium,H,320.0,340.0,1900.0,90.0,73.508,2026-02-01T10:46:30
MCH-M-03,medium,H,320.0,340.0,1900.0,90.0,73.573,2026-02-01T10:46:40
MCH-M-03,medium,H,320.0,340.0,1900.0,90.0,73.666,2026-02-01T10:46:50
MCH-M-03,medium,H,320.0,340.0,1900.0,90.0,73.812,2026-02-01T10:47:00
MCH-M-03,medium,H,320.0,340.0,1900.0,90.0,73.888,2026-02-01T10:47:10
MCH-M-03,medium,H,320.0,340.0,1900.0,90.0,74.003,2026-02-01T10:47:20
MCH-M-03,medium,H,320.0,340.0,1900.0,90.0,74.104,2026-02-01T10:47:30
MCH-M-03,medium,H,320.0,340.0,1900.0,90.0,74.219,2026-02-01T10:47:40
MCH-M-03,medium,H,320.0,340.0,1900.0,90.0,74.335,2026-02-01T10:47:50
MCH-M-03,medium,H,320.0,340.0,1900.0,90.0,74.405,2026-02-01T10:48:00
MCH-M-03,medium,H,320.0,340.0,1900.0,90.0,74.535,2026-02-01T10:48:10
MCH-M-03,medium,H,320.0,340.0,1900.0,90.0,74.623,2026-02-01T10:48:20
MCH-M-03,medium,H,320.0,340.0,1900.0,90.0,74.722,2026-02-01T10:48:30
MCH-M-03,medium,H,320.0,340.0,1900.0,90.0,74.836,2026-02-01T10:48:40
MCH-M-03,medium,H,320.0,340.0,1900.0,90.0,74.926,2026-02-01T10:48:50
MCH-M-03,medium,H,320.0,340.0,1900.0,90.0,75.048,2026-02-01T10:49:00
MCH-M-03,medium,H,320.0,340.0,1900.0,90.0,75.149,2026-02-01T10:49:10
MCH-M-03,medium,H,320.0,340.0,1900.0,90.0,75.284,2026-02-01T10:49:20
MCH-M-03,medium,H,320.0,340.0,1900.0,90.0,75.435,2026-02-01T10:49:30
MCH-M-03,medium,H,320.0,340.0,1900.0,90.0,75.558,2026-02-01T10:49:40
MCH-M-03,medium,H,320.0,340.0,1900.0,90.0,75.685,2026-02-01T10:49:50
MCH-M-03,medium,H,320.0,340.0,1900.0,90.0,75.805,2026-02-01T10:50:00
MCH-M-03,medium,H,320.0,340.0,1900.0,90.0,75.922,2026-02-01T10:50:10
MCH-M-03,medium,H,320.0,340.0,1900.0,90.0,76.005,2026-02-01T10:50:20
MCH-M-03,medium,H,320.0,340.0,1900.0,90.0,76.122,2026-02-01T10:50:30
MCH-M-03,medium,H,320.0,340.0,1900.0,90.0,76.247,2026-02-01T10:50:40
MCH-M-03,medium,H,320.0,340.0,1900.0,90.0,76.324,2026-02-01T10:50:50
MCH-M-03,medium,H,320.0,340.0,1900.0,90.0,76.471,2026-02-01T10:51:00
MCH-M-03,medium,H,320.0,340.0,1900.0,90.0,76.57,2026-02-01T10:51:10
MCH-M-03,medium,H,320.0,340.0,1900.0,90.0,76.71,2026-02-01T10:51:20
MCH-M-03,medium,H,320.0,340.0,1900.0,90.0,76.819,2026-02-01T10:51:30
MCH-M-03,medium,H,320.0,340.0,1900.0,90.0,76.923,2026-02-01T10:51:40
MCH-M-03,medium,H,320.0,340.0,1900.0,90.0,77.024,2026-02-01T10:51:50
MCH-M-03,medium,H,320.0,340.0,1900.0,90.0,77.129,2026-02-01T10:52:00
MCH-M-03,medium,H,320.0,340.0,1900.0,90.0,77.261,2026-02-01T10:52:10
MCH-M-03,medium,H,320.0,340.0,1900.0,90.0,77.385,2026-02-01T10:52:20
MCH-M-03,medium,H,320.0,340.0,1900.0,90.0,77.502,2026-02-01T10:52:30
MCH-M-03,medium,H,320.0,340.0,1900.0,90.0,77.628,2026-02-01T10:52:40
MCH-M-03,medium,H,320.0,340.0,1900.0,90.0,77.719,2026-02-01T10:52:50
MCH-M-03,medium,H,320.0,340.0,1900.0,90.0,77.828,2026-02-01T10:53:00
MCH-M-03,medium,H,320.0,340.0,1900.0,90.0,77.934,2026-02-01T10:53:10
MCH-M-03,medium,H,320.0,340.0,1900.0,90.0,78.017,2026-02-01T10:53:20
MCH-M-03,medium,H,320.0,340.0,1900.0,90.0,78.133,2026-02-01T10:53:30
MCH-M-03,medium,H,320.0,340.0,1900.0,90.0,78.212,2026-02-01T10:53:40
MCH-M-03,medium,H,320.0,340.0,1900.0,90.0,78.34,2026-02-01T10:53:50
MCH-M-03,medium,H,320.0,340.0,1900.0,90.0,78.448,2026-02-01T10:54:00
MCH-M-03,medium,H,320.0,340.0,1900.0,90.0,78.534,2026-02-01T10:54:10
MCH-M-03,medium,H,320.0,340.0,1900.0,90.0,78.656,2026-02-01T10:54:20
MCH-M-03,medium,H,320.0,340.0,1900.0,90.0,78.73,2026-02-01T10:54:30
MCH-M-03,medium,H,320.0,340.0,1900.0,90.0,78.893,2026-02-01T10:54:40
MCH-M-03,medium,H,320.0,340.0,1900.0,90.0,79.014,2026-02-01T10:54:50
MCH-M-03,medium,H,320.0,340.0,1900.0,90.0,79.133,2026-02-01T10:55:00
MCH-M-03,medium,H,319.875,340.0,1900.0,90.0,79.239,2026-02-01T10:55:10
MCH-M-03,medium,H,319.436,340.0,1900.0,90.0,79.324,2026-02-01T10:55:20
MCH-M-03,medium,H,319.089,340.0,1900.0,90.0,79.397,2026-02-01T10:55:30
MCH-M-03,medium,H,318.755,340.0,1900.0,90.0,79.513,2026-02-01T10:55:40
MCH-M-03,medium,H,318.391,340.0,1900.0,90.0,79.633,2026-02-01T10:55:50
MCH-M-03,medium,H,317.87,340.0,1900.0,90.0,79.764,2026-02-01T10:56:00
MCH-M-03,medium,H,317.488,340.0,1900.0,90.0,79.861,2026-02-01T10:56:10
MCH-M-03,medium,H,317.097,340.0,1900.0,90.0,79.966,2026-02-01T10:56:20
MCH-M-03,medium,H,316.746,340.0,1900.0,90.0,80.065,2026-02-01T10:56:30
MCH-M-03,medium,H,316.36,340.0,1900.0,90.0,80.169,2026-02-01T10:56:40
MCH-M-03,medium,H,316.042,340.0,1900.0,90.0,80.235,2026-02-01T10:56:50
MCH-M-03,medium,H,315.69,340.0,1900.0,90.0,80.364,2026-02-01T10:57:00
MCH-M-03,medium,H,315.286,340.0,1900.0,90.0,80.467,2026-02-01T10:57:10
MCH-M-03,medium,H,315.012,340.0,1900.0,90.0,80.603,2026-02-01T10:57:20
MCH-M-03,medium,H,314.403,340.0,1900.0,90.0,80.682,2026-02-01T10:57:30
MCH-M-03,medium,H,314.105,340.0,1900.0,90.0,80.803,2026-02-01T10:57:40
MCH-M-03,medium,H,313.492,340.0,1900.0,90.0,80.931,2026-02-01T10:57:50
MCH-M-03,medium,H,313.141,340.0,1900.0,90.0,81.027,2026-02-01T10:58:00
MCH-M-03,medium,H,312.801,340.0,1900.0,90.0,81.137,2026-02-01T10:58:10
MCH-M-03,medium,H,312.371,340.0,1900.0,90.0,81.229,2026-02-01T10:58:20
MCH-M-03,medium,H,311.876,340.0,1900.0,90.0,81.287,2026-02-01T10:58:30
MCH-M-03,medium,H,311.681,340.0,1900.0,90.0,81.412,2026-02-01T10:58:40
MCH-M-03,medium,H,311.422,340.0,1900.0,90.0,81.53,2026-02-01T10:58:50
MCH-M-03,medium,H,311.16,340.0,1900.0,90.0,81.611,2026-02-01T10:59:00
MCH-M-03,medium,H,310.819,340.0,1900.0,90.0,81.745,2026-02-01T10:59:10
MCH-M-03,medium,H,310.449,340.0,1900.0,90.0,81.877,2026-02-01T10:59:20
MCH-M-03,medium,H,310.161,340.0,1900.0,90.0,82.006,2026-02-01T10:59:30
MCH-M-03,medium,H,309.946,340.0,1900.0,90.0,82.17,2026-02-01T10:59:40
MCH-M-03,medium,H,309.413,340.0,1900.0,90.0,82.29,2026-02-01T10:59:50
MCH-M-03,medium,H,309.282,340.0,1900.0,90.0,82.384,2026-02-01T11:00:00
MCH-M-03,medium,H,309.186,340.0,1900.0,90.0,82.488,2026-02-01T11:00:10
MCH-M-03,medium,H,308.934,340.0,1900.0,90.0,82.581,2026-02-01T11:00:20
MCH-M-03,medium,H,308.909,340.0,1900.0,90.0,82.632,2026-02-01T11:00:30
MCH-M-03,medium,H,308.907,340.0,1900.0,90.0,82.749,2026-02-01T11:00:40
MCH-M-03,medium,H,308.729,340.0,1900.0,90.0,82.869,2026-02-01T11:00:50
MCH-M-03,medium,H,308.484,340.0,1900.0,90.0,83.003,2026-02-01T11:01:00
MCH-M-03,medium,H,308.175,340.0,1900.0,90.0,83.107,2026-02-01T11:01:10
MCH-M-03,medium,H,307.855,340.0,1900.0,90.0,83.236,2026-02-01T11:01:20
MCH-M-03,medium,H,307.775,340.0,1900.0,90.0,83.346,2026-02-01T11:01:30
MCH-M-03,medium,H,307.613,340.0,1900.0,90.0,83.504,2026-02-01T11:01:40
MCH-M-03,medium,H,307.513,340.0,1900.0,90.0,83.625,2026-02-01T11:01:50
MCH-M-03,medium,H,307.39,340.0,1900.0,90.0,83.724,2026-02-01T11:02:00
MCH-M-03,medium,H,307.309,340.0,1900.0,90.0,83.86,2026-02-01T11:02:10
MCH-M-03,medium,H,307.271,340.0,1900.0,90.0,83.966,2026-02-01T11:02:20
MCH-M-03,medium,H,307.137,340.0,1900.0,90.0,84.081,2026-02-01T11:02:30
MCH-M-03,medium,H,307.029,340.0,1900.0,90.0,84.175,2026-02-01T11:02:40
MCH-M-03,medium,H,306.969,340.0,1900.0,90.0,84.309,2026-02-01T11:02:50
MCH-M-03,medium,H,306.839,340.0,1900.0,90.0,84.387,2026-02-01T11:03:00
MCH-M-03,medium,H,306.977,340.0,1900.0,90.0,84.462,2026-02-01T11:03:10
MCH-M-03,medium,H,306.978,340.0,1900.0,90.0,84.622,2026-02-01T11:03:20
MCH-M-03,medium,H,307.043,340.0,1900.0,90.0,84.75,2026-02-01T11:03:30
MCH-M-03,medium,H,307.134,340.0,1900.0,90.0,84.877,2026-02-01T11:03:40
MCH-M-03,medium,H,306.964,340.0,1900.0,90.0,84.992,2026-02-01T11:03:50
MCH-M-03,medium,H,307.055,340.0,1900.0,90.0,85.108,2026-02-01T11:04:00
MCH-M-03,medium,H,307.051,340.0,1900.0,90.0,85.23,2026-02-01T11:04:10
MCH-M-03,medium,H,306.885,340.0,1900.0,90.0,85.34,2026-02-01T11:04:20
MCH-M-03,medium,H,307.098,340.0,1900.0,90.0,85.411,2026-02-01T11:04:30
MCH-M-03,medium,H,307.25,340.0,1900.0,90.0,85.579,2026-02-01T11:04:40
MCH-M-03,medium,H,307.348,340.0,1900.0,90.0,85.663,2026-02-01T11:04:50
MCH-M-03,medium,H,307.386,340.0,1900.0,90.0,85.762,2026-02-01T11:05:00
MCH-M-03,medium,H,307.343,340.0,1900.0,90.0,85.832,2026-02-01T11:05:10
MCH-M-03,medium,H,307.475,340.0,1900.0,90.0,85.926,2026-02-01T11:05:20
MCH-M-03,medium,H,307.486,340.0,1900.0,90.0,86.011,2026-02-01T11:05:30
MCH-M-03,medium,H,307.58,340.0,1900.0,90.0,86.078,2026-02-01T11:05:40
MCH-M-03,medium,H,307.81,340.0,1900.0,90.0,86.225,2026-02-01T11:05:50
MCH-M-03,medium,H,307.796,340.0,1900.0,90.0,86.33,2026-02-01T11:06:00
MCH-M-03,medium,H,307.981,340.0,1900.0,90.0,86.434,2026-02-01T11:06:10
MCH-M-03,medium,H,308.266,340.0,1900.0,90.0,86.552,2026-02-01T11:06:20
MCH-M-03,medium,H,308.417,340.0,1900.0,90.0,86.659,2026-02-01T11:06:30
MCH-M-03,medium,H,308.519,340.0,1900.0,90.0,86.798,2026-02-01T11:06:40
MCH-M-03,medium,H,308.666,340.0,1900.0,90.0,86.918,2026-02-01T11:06:50
MCH-M-03,medium,H,308.85,340.0,1900.0,90.0,87.068,2026-02-01T11:07:00
MCH-M-03,medium,H,308.973,340.0,1900.0,90.0,87.161,2026-02-01T11:07:10
MCH-M-03,medium,H,309.278,340.0,1900.0,90.0,87.288,2026-02-01T11:07:20
MCH-M-03,medium,H,309.344,340.0,1900.0,90.0,87.394,2026-02-01T11:07:30
MCH-M-03,medium,H,309.48,340.0,1900.0,90.0,87.503,2026-02-01T11:07:40
MCH-M-03,medium,H,309.797,340.0,1900.0,90.0,87.631,2026-02-01T11:07:50
MCH-M-03,medium,H,310.01,340.0,1900.0,90.0,87.754,2026-02-01T11:08:00
MCH-M-03,medium,H,310.431,340.0,1900.0,90.0,87.846,2026-02-01T11:08:10
MCH-M-03,medium,H,310.568,340.0,1900.0,90.0,88.009,2026-02-01T11:08:20
MCH-M-03,medium,H,310.804,340.0,1900.0,90.0,88.089,2026-02-01T11:08:30
MCH-M-03,medium,H,310.948,340.0,1900.0,90.0,88.186,2026-02-01T11:08:40
MCH-M-03,medium,H,311.303,340.0,1900.0,90.0,88.269,2026-02-01T11:08:50
MCH-M-03,medium,H,311.584,340.0,1900.0,90.0,88.376,2026-02-01T11:09:00
MCH-M-03,medium,H,311.82,340.0,1900.0,90.0,88.488,2026-02-01T11:09:10
MCH-M-03,medium,H,312.189,340.0,1900.0,90.0,88.56,2026-02-01T11:09:20
MCH-M-03,medium,H,312.388,340.0,1900.0,90.0,76.55,2026-02-01T11:09:30
MCH-M-03,medium,H,312.61,340.0,1900.0,90.0,76.645,2026-02-01T11:09:40
MCH-M-03,medium,H,312.853,340.0,1900.0,90.0,76.769,2026-02-01T11:09:50
MCH-M-03,medium,H,313.052,340.0,1900.0,90.0,76.836,2026-02-01T11:10:00
MCH-M-03,medium,H,313.437,340.0,1900.0,90.0,76.928,2026-02-01T11:10:10
MCH-M-03,medium,H,313.731,340.0,1900.0,90.0,77.01,2026-02-01T11:10:20
MCH-M-03,medium,H,313.895,340.0,1900.0,90.0,77.117,2026-02-01T11:10:30
MCH-M-03,medium,H,314.188,340.0,1900.0,90.0,77.255,2026-02-01T11:10:40
MCH-M-03,medium,H,314.649,340.0,1900.0,90.0,77.333,2026-02-01T11:10:50
MCH-M-03,medium,H,314.782,340.0,1900.0,90.0,77.486,2026-02-01T11:11:00
MCH-M-03,medium,H,315.2,340.0,1900.0,90.0,77.602,2026-02-01T11:11:10
MCH-M-03,medium,H,315.383,340.0,1900.0,90.0,77.79,2026-02-01T11:11:20
MCH-M-03,medium,H,315.496,340.0,1900.0,90.0,77.919,2026-02-01T11:11:30
MCH-M-03,medium,H,315.758,340.0,1900.0,90.0,77.962,2026-02-01T11:11:40
MCH-M-03,medium,H,316.013,340.0,1899.8,90.0,78.058,2026-02-01T11:11:50
MCH-M-03,medium,H,316.218,340.0,1883.703,90.0,78.175,2026-02-01T11:12:00
MCH-M-03,medium,H,316.579,340.0,1873.631,90.0,78.274,2026-02-01T11:12:10
MCH-M-03,medium,H,316.925,340.0,1876.033,90.0,78.373,2026-02-01T11:12:20
MCH-M-03,medium,H,317.338,340.0,1869.717,90.0,78.485,2026-02-01T11:12:30
MCH-M-03,medium,H,317.61,340.0,1856.778,90.0,78.595,2026-02-01T11:12:40
MCH-M-03,medium,H,317.997,340.0,1862.084,90.0,78.716,2026-02-01T11:12:50
MCH-M-03,medium,H,318.333,340.0,1852.512,90.0,78.792,2026-02-01T11:13:00
MCH-M-03,medium,H,318.604,340.0,1852.561,90.0,78.946,2026-02-01T11:13:10
MCH-M-03,medium,H,318.973,340.0,1832.557,90.0,79.06,2026-02-01T11:13:20
MCH-M-03,medium,H,319.221,340.0,1828.368,90.0,79.14,2026-02-01T11:13:30
MCH-M-03,medium,H,319.542,340.0,1827.991,90.0,79.299,2026-02-01T11:13:40
MCH-M-03,medium,H,319.788,340.0,1823.614,90.0,79.385,2026-02-01T11:13:50
MCH-M-03,medium,H,320.0,340.0,1823.673,90.0,79.505,2026-02-01T11:14:00
MCH-M-03,medium,H,320.0,340.0,1805.075,90.0,79.604,2026-02-01T11:14:10
MCH-M-03,medium,H,320.0,340.0,1814.753,90.0,79.728,2026-02-01T11:14:20
MCH-M-03,medium,H,320.0,340.0,1799.975,90.0,79.797,2026-02-01T11:14:30
MCH-M-03,medium,H,320.0,340.0,1796.401,90.0,79.906,2026-02-01T11:14:40
MCH-M-03,medium,H,320.0,340.0,1791.638,90.0,79.996,2026-02-01T11:14:50
MCH-M-03,medium,H,320.0,340.0,1786.312,90.0,80.094,2026-02-01T11:15:00
MCH-M-03,medium,H,320.0,340.0,1792.886,90.0,80.161,2026-02-01T11:15:10
MCH-M-03,medium,H,320.0,340.0,1812.021,90.0,80.273,2026-02-01T11:15:20
MCH-M-03,medium,H,320.0,340.0,1810.38,90.0,80.422,2026-02-01T11:15:30
MCH-M-03,medium,H,320.0,340.0,1810.153,90.0,80.561,2026-02-01T11:15:40
MCH-M-03,medium,H,320.0,340.0,1805.926,90.0,80.681,2026-02-01T11:15:50
MCH-M-03,medium,H,320.0,340.0,1821.334,90.0,80.773,2026-02-01T11:16:00
MCH-M-03,medium,H,320.0,340.0,1817.481,90.0,80.867,2026-02-01T11:16:10
MCH-M-03,medium,H,320.0,340.0,1837.32,90.0,80.993,2026-02-01T11:16:20
MCH-M-03,medium,H,320.0,340.0,1830.511,90.0,81.084,2026-02-01T11:16:30
MCH-M-03,medium,H,320.0,340.0,1842.021,90.0,81.26,2026-02-01T11:16:40
MCH-M-03,medium,H,320.0,340.0,1858.779,90.0,81.395,2026-02-01T11:16:50
MCH-M-03,medium,H,320.0,340.0,1858.632,90.0,81.487,2026-02-01T11:17:00
MCH-M-03,medium,H,320.0,340.0,1862.729,90.0,81.598,2026-02-01T11:17:10
MCH-M-03,medium,H,320.0,340.0,1871.953,90.0,81.744,2026-02-01T11:17:20
MCH-M-03,medium,H,320.0,340.0,1862.108,90.0,81.84,2026-02-01T11:17:30
MCH-M-03,medium,H,320.0,340.0,1866.201,90.0,81.92,2026-02-01T11:17:40
MCH-M-03,medium,H,320.0,340.0,1873.633,90.0,82.044,2026-02-01T11:17:50
MCH-M-03,medium,H,320.0,340.0,1886.941,90.0,82.163,2026-02-01T11:18:00
MCH-M-03,medium,H,320.0,340.0,1891.941,90.0,82.255,2026-02-01T11:18:10
MCH-M-03,medium,H,320.0,340.0,1900.0,90.0,82.353,2026-02-01T11:18:20
MCH-M-03,medium,H,320.0,340.0,1900.0,90.0,82.483,2026-02-01T11:18:30
MCH-M-03,medium,H,320.0,340.0,1900.0,90.0,82.575,2026-02-01T11:18:40
MCH-M-03,medium,H,320.0,340.0,1900.0,90.0,82.722,2026-02-01T11:18:50
MCH-M-03,medium,H,320.0,340.0,1900.0,90.0,82.855,2026-02-01T11:19:00
MCH-M-03,medium,H,320.0,340.0,1900.0,90.0,82.929,2026-02-01T11:19:10
MCH-M-03,medium,H,320.0,340.0,1900.0,90.0,83.038,2026-02-01T11:19:20
MCH-M-03,medium,H,320.0,340.0,1900.0,90.0,83.115,2026-02-01T11:19:30
MCH-M-03,medium,H,320.0,340.0,1900.0,90.0,83.25,2026-02-01T11:19:40
MCH-M-03,medium,H,320.0,340.0,1900.0,90.0,83.322,2026-02-01T11:19:50
MCH-M-03,medium,H,320.0,340.0,1900.0,90.0,83.402,2026-02-01T11:20:00
MCH-M-03,medium,H,320.0,340.0,1900.0,90.0,83.554,2026-02-01T11:20:10
MCH-M-03,medium,H,320.0,340.0,1900.0,90.0,83.648,2026-02-01T11:20:20
MCH-M-03,medium,H,320.0,340.0,1900.0,90.0,83.716,2026-02-01T11:20:30
MCH-M-03,medium,H,320.0,340.0,1900.0,90.0,83.824,2026-02-01T11:20:40
MCH-M-03,medium,H,320.0,340.0,1900.0,90.0,83.945,2026-02-01T11:20:50
MCH-M-03,medium,H,320.0,340.0,1900.0,90.0,84.067,2026-02-01T11:21:00
MCH-M-03,medium,H,320.0,340.0,1900.0,90.0,84.187,2026-02-01T11:21:10
MCH-M-03,medium,H,320.0,340.0,1900.0,90.0,84.305,2026-02-01T11:21:20
MCH-M-03,medium,H,320.0,340.0,1900.0,90.0,84.36,2026-02-01T11:21:30
MCH-M-03,medium,H,320.0,340.0,1900.0,90.0,84.507,2026-02-01T11:21:40
MCH-M-03,medium,H,320.0,340.0,1900.0,90.0,84.625,2026-02-01T11:21:50
MCH-M-03,medium,H,320.0,340.0,1900.0,90.0,84.774,2026-02-01T11:22:00
MCH-M-03,medium,H,320.0,340.0,1900.0,90.0,84.863,2026-02-01T11:22:10
MCH-M-03,medium,H,320.0,340.0,1900.0,90.0,84.994,2026-02-01T11:22:20
MCH-M-03,medium,H,320.0,340.0,1900.0,90.0,85.118,2026-02-01T11:22:30
MCH-M-03,medium,H,320.0,340.0,1900.0,90.0,85.24,2026-02-01T11:22:40
MCH-M-03,medium,H,320.0,340.0,1900.0,90.0,85.36,2026-02-01T11:22:50
MCH-M-03,medium,H,320.0,340.0,1900.0,90.0,85.54,2026-02-01T11:23:00
MCH-M-03,medium,H,320.0,340.0,1900.0,90.0,85.709,2026-02-01T11:23:10
MCH-M-03,medium,H,320.0,340.0,1900.0,90.0,85.799,2026-02-01T11:23:20
MCH-M-03,medium,H,320.0,340.0,1900.0,90.0,85.883,2026-02-01T11:23:30
MCH-M-03,medium,H,320.0,340.0,1900.0,90.0,86.001,2026-02-01T11:23:40
MCH-M-03,medium,H,320.0,340.0,1900.0,90.0,86.104,2026-02-01T11:23:50
MCH-M-03,medium,H,320.0,340.0,1900.0,90.0,86.241,2026-02-01T11:24:00
MCH-M-03,medium,H,320.0,340.0,1900.0,90.0,86.353,2026-02-01T11:24:10
MCH-M-03,medium,H,319.814,340.0,1900.0,90.0,86.479,2026-02-01T11:24:20
MCH-M-03,medium,H,319.706,340.0,1900.0,90.0,86.628,2026-02-01T11:24:30
MCH-M-03,medium,H,319.316,340.0,1900.0,90.0,86.73,2026-02-01T11:24:40
MCH-M-03,medium,H,319.145,340.0,1900.0,90.0,86.814,2026-02-01T11:24:50
MCH-M-03,medium,H,318.863,340.0,1900.0,90.0,86.963,2026-02-01T11:25:00
MCH-M-03,medium,H,318.777,340.0,1900.0,90.0,87.087,2026-02-01T11:25:10
MCH-M-03,medium,H,318.584,340.0,1900.0,90.0,87.179,2026-02-01T11:25:20
MCH-M-03,medium,H,318.285,340.0,1900.0,90.0,87.236,2026-02-01T11:25:30
MCH-M-03,medium,H,317.991,340.0,1900.0,90.0,87.322,2026-02-01T11:25:40
MCH-M-03,medium,H,317.748,340.0,1900.0,90.0,87.426,2026-02-01T11:25:50
MCH-M-03,medium,H,317.597,340.0,1900.0,90.0,87.523,2026-02-01T11:26:00
MCH-M-03,medium,H,317.446,340.0,1900.0,90.0,87.617,2026-02-01T11:26:10
MCH-M-03,medium,H,317.114,340.0,1900.0,90.0,87.744,2026-02-01T11:26:20
MCH-M-03,medium,H,316.917,340.0,1900.0,90.0,87.842,2026-02-01T11:26:30
MCH-M-03,medium,H,316.857,340.0,1900.0,90.0,87.922,2026-02-01T11:26:40
MCH-M-03,medium,H,316.551,340.0,1900.0,90.0,88.023,2026-02-01T11:26:50
MCH-M-03,medium,H,316.305,340.0,1900.0,90.0,88.107,2026-02-01T11:27:00
MCH-M-03,medium,H,316.314,340.0,1900.0,90.0,88.206,2026-02-01T11:27:10
MCH-M-03,medium,H,316.034,340.0,1900.0,90.0,88.33,2026-02-01T11:27:20
MCH-M-03,medium,H,315.993,340.0,1900.0,90.0,88.474,2026-02-01T11:27:30
MCH-M-03,medium,H,315.724,340.0,1900.0,90.0,88.582,2026-02-01T11:27:40
MCH-M-03,medium,H,315.567,340.0,1900.0,90.0,88.686,2026-02-01T11:27:50
MCH-M-03,medium,H,315.243,340.0,1900.0,90.0,88.752,2026-02-01T11:28:00
MCH-M-03,medium,H,315.19,340.0,1900.0,90.0,88.853,2026-02-01T11:28:10
MCH-M-03,medium,H,315.122,340.0,1900.0,90.0,88.958,2026-02-01T11:28:20
MCH-M-03,medium,H,314.913,340.0,1900.0,90.0,89.036,2026-02-01T11:28:30
MCH-M-03,medium,H,314.671,340.0,1900.0,90.0,89.163,2026-02-01T11:28:40
MCH-M-03,medium,H,314.331,340.0,1900.0,90.0,89.285,2026-02-01T11:28:50
MCH-M-03,medium,H,314.085,340.0,1900.0,90.0,89.427,2026-02-01T11:29:00
MCH-M-03,medium,H,313.851,340.0,1900.0,90.0,89.572,2026-02-01T11:29:10
MCH-M-03,medium,H,313.742,340.0,1900.0,90.0,89.718,2026-02-01T11:29:20
MCH-M-03,medium,H,313.493,340.0,1900.0,90.0,89.798,2026-02-01T11:29:30
MCH-M-03,medium,H,313.234,340.0,1900.0,90.0,89.909,2026-02-01T11:29:40
MCH-M-03,medium,H,313.091,340.0,1900.0,90.0,90.022,2026-02-01T11:29:50
MCH-M-03,medium,H,312.883,340.0,1900.0,90.0,90.1,2026-02-01T11:30:00
MCH-M-03,medium,H,312.795,340.0,1900.0,90.0,90.233,2026-02-01T11:30:10
MCH-M-03,medium,H,312.506,340.0,1900.0,90.0,90.304,2026-02-01T11:30:20
MCH-M-03,medium,H,312.375,340.0,1900.0,90.0,90.417,2026-02-01T11:30:30
MCH-M-03,medium,H,312.346,340.0,1900.0,90.0,90.531,2026-02-01T11:30:40
MCH-M-03,medium,H,312.061,340.0,1900.0,90.0,90.701,2026-02-01T11:30:50
MCH-M-03,medium,H,312.097,340.0,1900.0,90.0,90.751,2026-02-01T11:31:00
MCH-M-03,medium,H,311.944,340.0,1900.0,90.0,90.904,2026-02-01T11:31:10
MCH-M-03,medium,H,311.778,340.0,1900.0,90.0,90.961,2026-02-01T11:31:20
MCH-M-03,medium,H,311.7,340.0,1900.0,90.0,91.067,2026-02-01T11:31:30
MCH-M-03,medium,H,311.624,340.0,1900.0,90.0,91.193,2026-02-01T11:31:40
MCH-M-03,medium,H,311.552,340.0,1900.0,90.0,91.314,2026-02-01T11:31:50
MCH-M-03,medium,H,311.544,340.0,1900.0,90.0,91.425,2026-02-01T11:32:00
MCH-M-03,medium,H,311.535,340.0,1900.0,90.0,91.52,2026-02-01T11:32:10
MCH-M-03,medium,H,311.306,340.0,1900.0,90.0,91.627,2026-02-01T11:32:20
MCH-M-03,medium,H,311.31,340.0,1900.0,90.0,91.715,2026-02-01T11:32:30
MCH-M-03,medium,H,311.37,340.0,1900.0,90.0,91.804,2026-02-01T11:32:40
MCH-M-03,medium,H,311.483,340.0,1900.0,90.0,91.896,2026-02-01T11:32:50
MCH-M-03,medium,H,311.405,340.0,1900.0,90.0,92.059,2026-02-01T11:33:00
MCH-M-03,medium,H,311.477,340.0,1900.0,90.0,92.21,2026-02-01T11:33:10
MCH-M-03,medium,H,311.53,340.0,1900.0,90.0,92.317,2026-02-01T11:33:20
MCH-M-03,medium,H,311.598,340.0,1900.0,90.0,92.43,2026-02-01T11:33:30
MCH-M-03,medium,H,311.612,340.0,1900.0,90.0,92.553,2026-02-01T11:33:40
MCH-M-03,medium,H,311.601,340.0,1900.0,90.0,92.663,2026-02-01T11:33:50
MCH-M-03,medium,H,311.804,340.0,1900.0,90.0,92.74,2026-02-01T11:34:00
MCH-M-03,medium,H,311.816,340.0,1900.0,90.0,92.865,2026-02-01T11:34:10
MCH-M-03,medium,H,312.014,340.0,1900.0,90.0,93.037,2026-02-01T11:34:20
MCH-M-03,medium,H,312.042,340.0,1900.0,90.0,93.096,2026-02-01T11:34:30
MCH-M-03,medium,H,312.155,340.0,1900.0,90.0,93.166,2026-02-01T11:34:40
MCH-M-03,medium,H,312.19,340.0,1900.0,90.0,93.245,2026-02-01T11:34:50
MCH-M-03,medium,H,312.325,340.0,1900.0,90.0,93.368,2026-02-01T11:35:00
MCH-M-03,medium,H,312.515,340.0,1900.0,90.0,93.458,2026-02-01T11:35:10
MCH-M-03,medium,H,312.718,340.0,1900.0,90.0,93.599,2026-02-01T11:35:20
MCH-M-03,medium,H,312.836,340.0,1900.0,90.0,93.707,2026-02-01T11:35:30
MCH-M-03,medium,H,312.789,340.0,1900.0,90.0,93.794,2026-02-01T11:35:40
MCH-M-03,medium,H,313.06,340.0,1900.0,90.0,93.893,2026-02-01T11:35:50
MCH-M-03,medium,H,313.253,340.0,1900.0,90.0,93.993,2026-02-01T11:36:00
MCH-M-03,medium,H,313.591,340.0,1900.0,90.0,94.134,2026-02-01T11:36:10
MCH-M-03,medium,H,313.929,340.0,1900.0,90.0,94.24,2026-02-01T11:36:20
MCH-M-03,medium,H,314.304,340.0,1900.0,90.0,94.389,2026-02-01T11:36:30
MCH-M-03,medium,H,314.571,340.0,1900.0,90.0,94.498,2026-02-01T11:36:40
MCH-M-03,medium,H,314.999,340.0,1900.0,90.0,94.607,2026-02-01T11:36:50
MCH-M-03,medium,H,315.368,340.0,1900.0,90.0,94.659,2026-02-01T11:37:00
MCH-M-03,medium,H,315.858,340.0,1900.0,90.0,94.782,2026-02-01T11:37:10
MCH-M-03,medium,H,316.164,340.0,1900.0,90.0,94.916,2026-02-01T11:37:20
MCH-M-03,medium,H,316.442,340.0,1900.0,90.0,95.007,2026-02-01T11:37:30
MCH-M-03,medium,H,316.611,340.0,1900.0,90.0,95.114,2026-02-01T11:37:40
MCH-M-03,medium,H,317.011,340.0,1900.0,90.0,95.232,2026-02-01T11:37:50
MCH-M-03,medium,H,317.405,340.0,1900.0,90.0,95.356,2026-02-01T11:38:00
MCH-M-03,medium,H,317.852,340.0,1900.0,90.0,95.501,2026-02-01T11:38:10
MCH-M-03,medium,H,318.237,340.0,1900.0,90.0,95.633,2026-02-01T11:38:20
MCH-M-03,medium,H,318.578,340.0,1900.0,90.0,95.737,2026-02-01T11:38:30
MCH-M-03,medium,H,318.994,340.0,1900.0,90.0,95.819,2026-02-01T11:38:40
MCH-M-03,medium,H,319.376,340.0,1900.0,90.0,95.94,2026-02-01T11:38:50
MCH-M-03,medium,H,319.756,340.0,1900.0,90.0,95.989,2026-02-01T11:39:00
MCH-M-03,medium,H,320.0,340.0,1900.0,90.0,96.128,2026-02-01T11:39:10
MCH-M-03,medium,H,320.0,340.0,1900.0,90.0,96.216,2026-02-01T11:39:20
MCH-M-03,medium,H,320.0,340.0,1900.0,90.0,96.318,2026-02-01T11:39:30
MCH-M-03,medium,H,320.0,340.0,1900.0,90.0,96.422,2026-02-01T11:39:40
MCH-M-03,medium,H,320.0,340.0,1900.0,90.0,96.533,2026-02-01T11:39:50
MCH-M-03,medium,H,320.0,340.0,1900.0,90.0,96.628,2026-02-01T11:40:00
MCH-M-03,medium,H,320.0,340.0,1900.0,90.0,96.729,2026-02-01T11:40:10
MCH-M-03,medium,H,320.0,340.0,1900.0,90.0,96.83,2026-02-01T11:40:20
MCH-M-03,medium,H,320.0,340.0,1900.0,90.0,96.948,2026-02-01T11:40:30
MCH-M-03,medium,H,320.0,340.0,1900.0,90.0,97.07,2026-02-01T11:40:40
MCH-M-03,medium,H,320.0,340.0,1900.0,90.0,97.23,2026-02-01T11:40:50
MCH-M-03,medium,H,320.0,340.0,1900.0,90.0,97.363,2026-02-01T11:41:00
MCH-M-03,medium,H,320.0,340.0,1900.0,90.0,97.471,2026-02-01T11:41:10
MCH-M-03,medium,H,320.0,340.0,1900.0,90.0,97.604,2026-02-01T11:41:20
MCH-M-03,medium,H,320.0,340.0,1900.0,90.0,97.75,2026-02-01T11:41:30
MCH-M-03,medium,H,320.0,340.0,1900.0,90.0,97.875,2026-02-01T11:41:40
MCH-M-03,medium,H,320.0,340.0,1900.0,90.0,97.96,2026-02-01T11:41:50
MCH-M-03,medium,H,320.0,340.0,1900.0,90.0,98.068,2026-02-01T11:42:00
MCH-M-03,medium,H,320.0,340.0,1900.0,90.0,98.184,2026-02-01T11:42:10
MCH-M-03,medium,H,320.0,340.0,1900.0,90.0,98.288,2026-02-01T11:42:20
MCH-M-03,medium,H,320.0,340.0,1900.0,90.0,98.36,2026-02-01T11:42:30
MCH-M-03,medium,H,320.0,340.0,1900.0,90.0,98.493,2026-02-01T11:42:40
MCH-M-03,medium,H,320.0,340.0,1900.0,90.0,98.594,2026-02-01T11:42:50
MCH-M-03,medium,H,320.0,340.0,1900.0,90.0,98.691,2026-02-01T11:43:00
MCH-M-03,medium,H,320.0,340.0,1900.0,90.0,98.827,2026-02-01T11:43:10
MCH-M-03,medium,H,320.0,340.0,1900.0,90.0,98.923,2026-02-01T11:43:20
MCH-M-03,medium,H,320.0,340.0,1900.0,90.0,99.001,2026-02-01T11:43:30
MCH-M-03,medium,H,320.0,340.0,1900.0,90.0,99.083,2026-02-01T11:43:40
MCH-M-03,medium,H,320.0,340.0,1900.0,90.0,99.216,2026-02-01T11:43:50
MCH-M-03,medium,H,320.0,340.0,1900.0,90.0,99.335,2026-02-01T11:44:00
MCH-M-03,medium,H,320.0,340.0,1900.0,90.0,99.382,2026-02-01T11:44:10
MCH-M-03,medium,H,320.0,340.0,1900.0,90.0,99.466,2026-02-01T11:44:20
MCH-M-03,medium,H,320.0,340.0,1900.0,90.0,99.565,2026-02-01T11:44:30
MCH-M-03,medium,H,320.0,340.0,1900.0,90.0,99.651,2026-02-01T11:44:40
MCH-M-03,medium,H,320.0,340.0,1900.0,90.0,99.751,2026-02-01T11:44:50
MCH-M-03,medium,H,320.0,340.0,1900.0,90.0,99.908,2026-02-01T11:45:00
MCH-M-03,medium,H,320.0,340.0,1900.0,90.0,100.005,2026-02-01T11:45:10
MCH-M-03,medium,H,320.0,340.0,1900.0,90.0,100.087,2026-02-01T11:45:20
MCH-M-03,medium,H,320.0,340.0,1900.0,90.0,100.125,2026-02-01T11:45:30
MCH-M-03,medium,H,320.0,340.0,1900.0,90.0,100.255,2026-02-01T11:45:40
MCH-M-03,medium,H,320.0,340.0,1900.0,90.0,100.329,2026-02-01T11:45:50
MCH-M-03,medium,H,320.0,340.0,1900.0,90.0,100.414,2026-02-01T11:46:00
MCH-M-03,medium,H,320.0,340.0,1900.0,90.0,100.541,2026-02-01T11:46:10
MCH-M-03,medium,H,320.0,340.0,1900.0,90.0,100.695,2026-02-01T11:46:20
MCH-M-03,medium,H,320.0,340.0,1900.0,90.0,100.845,2026-02-01T11:46:30
MCH-M-03,medium,H,320.0,340.0,1900.0,90.0,100.934,2026-02-01T11:46:40
MCH-M-03,medium,H,320.0,340.0,1900.0,90.0,101.077,2026-02-01T11:46:50
MCH-M-03,medium,H,320.0,340.0,1900.0,90.0,101.183,2026-02-01T11:47:00
MCH-M-03,medium,H,320.0,340.0,1900.0,90.0,101.279,2026-02-01T11:47:10
MCH-M-03,medium,H,320.0,340.0,1900.0,90.0,101.396,2026-02-01T11:47:20
MCH-M-03,medium,H,320.0,340.0,1900.0,90.0,101.482,2026-02-01T11:47:30
MCH-M-03,medium,H,320.0,340.0,1900.0,90.0,101.612,2026-02-01T11:47:40
MCH-M-03,medium,H,320.0,340.0,1900.0,90.0,101.681,2026-02-01T11:47:50
MCH-M-03,medium,H,320.0,340.0,1900.0,90.0,101.778,2026-02-01T11:48:00
MCH-M-03,medium,H,320.0,340.0,1900.0,90.0,101.904,2026-02-01T11:48:10
MCH-M-03,medium,H,320.0,340.0,1900.0,90.0,101.999,2026-02-01T11:48:20
MCH-M-03,medium,H,320.0,340.0,1900.0,90.0,102.11,2026-02-01T11:48:30
MCH-M-03,medium,H,320.0,340.0,1900.0,90.0,102.184,2026-02-01T11:48:40
MCH-M-03,medium,H,320.0,340.0,1900.0,90.0,102.287,2026-02-01T11:48:50
MCH-M-03,medium,H,320.0,340.0,1900.0,90.0,102.394,2026-02-01T11:49:00
MCH-M-03,medium,H,320.0,340.0,1900.0,90.0,102.552,2026-02-01T11:49:10
MCH-M-03,medium,H,320.0,340.0,1900.0,90.0,102.674,2026-02-01T11:49:20
MCH-M-03,medium,H,320.0,340.0,1900.0,90.0,102.771,2026-02-01T11:49:30
MCH-M-03,medium,H,320.0,340.0,1900.0,90.0,102.893,2026-02-01T11:49:40
MCH-M-03,medium,H,320.0,340.0,1900.0,90.0,103.02,2026-02-01T11:49:50
MCH-M-03,medium,H,320.0,340.0,1900.0,90.0,103.124,2026-02-01T11:50:00
MCH-M-03,medium,H,320.0,340.0,1900.0,90.0,103.225,2026-02-01T11:50:10
MCH-M-03,medium,H,320.0,340.0,1900.0,90.0,103.392,2026-02-01T11:50:20
MCH-M-03,medium,H,320.0,340.0,1900.0,90.0,103.501,2026-02-01T11:50:30
MCH-M-03,medium,H,320.0,340.0,1900.0,90.0,103.545,2026-02-01T11:50:40
MCH-M-03,medium,H,320.0,340.0,1900.0,90.0,103.644,2026-02-01T11:50:50
MCH-M-03,medium,H,320.0,340.0,1900.0,90.0,103.746,2026-02-01T11:51:00
MCH-M-03,medium,H,320.0,340.0,1900.0,90.0,103.876,2026-02-01T11:51:10
MCH-M-03,medium,H,320.0,340.0,1900.0,90.0,103.974,2026-02-01T11:51:20
MCH-M-03,medium,H,320.0,340.0,1900.0,90.0,104.077,2026-02-01T11:51:30
MCH-M-03,medium,H,320.0,340.0,1900.0,90.0,104.181,2026-02-01T11:51:40
MCH-M-03,medium,H,320.0,340.0,1900.0,90.0,104.317,2026-02-01T11:51:50
MCH-M-03,medium,H,320.0,340.0,1900.0,90.0,104.412,2026-02-01T11:52:00
MCH-M-03,medium,H,320.0,340.0,1900.0,90.0,104.511,2026-02-01T11:52:10
MCH-M-03,medium,H,320.0,340.0,1900.0,90.0,104.609,2026-02-01T11:52:20
MCH-M-03,medium,H,320.0,340.0,1900.0,90.0,104.707,2026-02-01T11:52:30
MCH-M-03,medium,H,320.0,340.0,1900.0,90.0,104.802,2026-02-01T11:52:40
MCH-M-03,medium,H,320.0,340.0,1900.0,90.0,104.888,2026-02-01T11:52:50
MCH-M-03,medium,H,320.0,340.0,1900.0,90.0,105.032,2026-02-01T11:53:00
MCH-M-03,medium,H,320.0,340.0,1900.0,90.0,105.175,2026-02-01T11:53:10
MCH-M-03,medium,H,320.0,340.0,1900.0,90.0,105.321,2026-02-01T11:53:20
MCH-M-03,medium,H,320.0,340.0,1900.0,90.0,105.402,2026-02-01T11:53:30
MCH-M-03,medium,H,320.0,340.0,1900.0,90.0,105.484,2026-02-01T11:53:40
MCH-M-03,medium,H,320.0,340.0,1900.0,90.0,105.595,2026-02-01T11:53:50
MCH-M-03,medium,H,320.0,340.0,1900.0,90.0,105.675,2026-02-01T11:54:00
MCH-M-03,medium,H,320.0,340.0,1900.0,90.0,105.804,2026-02-01T11:54:10
MCH-M-03,medium,H,320.0,340.0,1900.0,90.0,105.915,2026-02-01T11:54:20
MCH-M-03,medium,H,320.0,340.0,1900.0,90.0,106.009,2026-02-01T11:54:30
MCH-M-03,medium,H,320.0,340.0,1900.0,90.0,106.08,2026-02-01T11:54:40
MCH-M-03,medium,H,320.0,340.0,1900.0,90.0,106.213,2026-02-01T11:54:50
MCH-M-03,medium,H,320.0,340.0,1900.0,90.0,106.299,2026-02-01T11:55:00
MCH-M-03,medium,H,320.0,340.0,1900.0,90.0,106.408,2026-02-01T11:55:10
MCH-M-03,medium,H,320.0,340.0,1900.0,90.0,106.517,2026-02-01T11:55:20
MCH-M-03,medium,H,320.0,340.0,1900.0,90.0,106.648,2026-02-01T11:55:30
MCH-M-03,medium,H,320.0,340.0,1900.0,90.0,106.723,2026-02-01T11:55:40
MCH-M-03,medium,H,320.0,340.0,1900.0,90.0,106.813,2026-02-01T11:55:50
MCH-M-03,medium,H,320.0,340.0,1900.0,90.0,106.915,2026-02-01T11:56:00
MCH-M-03,medium,H,320.0,340.0,1900.0,90.0,107.013,2026-02-01T11:56:10
MCH-M-03,medium,H,320.0,340.0,1900.0,90.0,107.096,2026-02-01T11:56:20
MCH-M-03,medium,H,320.0,340.0,1900.0,90.0,107.185,2026-02-01T11:56:30
MCH-M-03,medium,H,320.0,340.0,1900.0,90.0,107.285,2026-02-01T11:56:40
MCH-M-03,medium,H,320.0,340.0,1900.0,90.0,107.397,2026-02-01T11:56:50
MCH-M-03,medium,H,320.0,340.0,1900.0,90.0,107.516,2026-02-01T11:57:00
MCH-M-03,medium,H,320.0,340.0,1900.0,90.0,107.613,2026-02-01T11:57:10
MCH-M-03,medium,H,320.0,340.0,1900.0,90.0,107.725,2026-02-01T11:57:20
MCH-M-03,medium,H,320.0,340.0,1900.0,90.0,107.824,2026-02-01T11:57:30
MCH-M-03,medium,H,320.0,340.0,1900.0,90.0,107.937,2026-02-01T11:57:40
MCH-M-03,medium,H,320.0,340.0,1900.0,90.0,108.032,2026-02-01T11:57:50
MCH-M-03,medium,H,320.0,340.0,1900.0,90.0,108.122,2026-02-01T11:58:00
MCH-M-03,medium,H,320.0,340.0,1900.0,90.0,108.224,2026-02-01T11:58:10
MCH-M-03,medium,H,320.0,340.0,1900.0,90.0,108.387,2026-02-01T11:58:20
MCH-M-03,medium,H,320.0,340.0,1900.0,90.0,108.515,2026-02-01T11:58:30
MCH-M-03,medium,H,320.0,340.0,1900.0,90.0,108.603,2026-02-01T11:58:40
MCH-M-03,medium,H,320.0,340.0,1900.0,90.0,108.71,2026-02-01T11:58:50
MCH-M-03,medium,H,320.0,340.0,1900.0,90.0,108.802,2026-02-01T11:59:00
MCH-M-03,medium,H,320.0,340.0,1900.0,90.0,108.907,2026-02-01T11:59:10
MCH-M-03,medium,H,320.0,340.0,1900.0,90.0,109.063,2026-02-01T11:59:20
MCH-M-03,medium,H,320.0,340.0,1900.0,90.0,109.144,2026-02-01T11:59:30
MCH-M-03,medium,H,320.0,340.0,1900.0,90.0,109.227,2026-02-01T11:59:40
MCH-M-03,medium,H,320.0,340.0,1900.0,90.0,109.28,2026-02-01T11:59:50
MCH-M-03,medium,H,320.0,340.0,1900.0,90.0,109.391,2026-02-01T12:00:00
MCH-M-03,medium,H,320.0,340.0,1900.0,90.0,109.494,2026-02-01T12:00:10
MCH-M-03,medium,H,320.0,340.0,1900.0,90.0,109.615,2026-02-01T12:00:20
MCH-M-03,medium,H,320.0,340.0,1900.0,90.0,109.732,2026-02-01T12:00:30
MCH-M-03,medium,H,320.0,340.0,1900.0,90.0,109.809,2026-02-01T12:00:40
MCH-M-03,medium,H,320.0,340.0,1900.0,90.0,109.92,2026-02-01T12:00:50
MCH-M-03,medium,H,320.0,340.0,1900.0,90.0,110.033,2026-02-01T12:01:00
MCH-M-03,medium,H,320.0,340.0,1900.0,90.0,110.119,2026-02-01T12:01:10
MCH-M-03,medium,H,320.0,340.0,1900.0,90.0,110.194,2026-02-01T12:01:20
MCH-M-03,medium,H,320.0,340.0,1900.0,90.0,110.304,2026-02-01T12:01:30
MCH-M-03,medium,H,320.0,340.0,1900.0,90.0,110.391,2026-02-01T12:01:40
MCH-M-03,medium,H,320.0,340.0,1900.0,90.0,110.517,2026-02-01T12:01:50
MCH-M-03,medium,H,320.0,340.0,1900.0,90.0,110.635,2026-02-01T12:02:00
MCH-M-03,medium,H,320.0,340.0,1900.0,90.0,110.768,2026-02-01T12:02:10
MCH-M-03,medium,H,320.0,340.0,1900.0,90.0,110.843,2026-02-01T12:02:20
MCH-M-03,medium,H,320.0,340.0,1900.0,90.0,110.937,2026-02-01T12:02:30
MCH-M-03,medium,H,320.0,340.0,1900.0,90.0,111.08,2026-02-01T12:02:40
MCH-M-03,medium,H,320.0,340.0,1900.0,90.0,111.202,2026-02-01T12:02:50
MCH-M-03,medium,H,320.0,340.0,1900.0,90.0,111.301,2026-02-01T12:03:00
MCH-M-03,medium,H,320.0,340.0,1900.0,90.0,111.4,2026-02-01T12:03:10
MCH-M-03,medium,H,320.0,340.0,1900.0,90.0,111.499,2026-02-01T12:03:20
MCH-M-03,medium,H,320.0,340.0,1900.0,90.0,111.598,2026-02-01T12:03:30
MCH-M-03,medium,H,320.0,340.0,1900.0,90.0,111.698,2026-02-01T12:03:40
MCH-M-03,medium,H,320.0,340.0,1900.0,90.0,111.816,2026-02-01T12:03:50
MCH-M-03,medium,H,320.0,340.0,1900.0,90.0,111.916,2026-02-01T12:04:00
MCH-M-03,medium,H,320.0,340.0,1900.0,90.0,112.051,2026-02-01T12:04:10
MCH-M-03,medium,H,320.0,340.0,1900.0,90.0,112.11,2026-02-01T12:04:20
MCH-M-03,medium,H,320.0,340.0,1900.0,90.0,112.195,2026-02-01T12:04:30
MCH-M-03,medium,H,320.0,340.0,1900.0,90.0,112.272,2026-02-01T12:04:40
MCH-M-03,medium,H,320.0,340.0,1900.0,90.0,112.421,2026-02-01T12:04:50
MCH-M-03,medium,H,320.0,340.0,1900.0,90.0,112.524,2026-02-01T12:05:00
MCH-M-03,medium,H,320.0,340.0,1900.0,90.0,112.651,2026-02-01T12:05:10
MCH-M-03,medium,H,320.0,340.0,1900.0,90.0,112.775,2026-02-01T12:05:20
MCH-M-03,medium,H,320.0,340.0,1900.0,90.0,112.853,2026-02-01T12:05:30
MCH-M-03,medium,H,320.0,340.0,1900.0,90.0,112.946,2026-02-01T12:05:40
MCH-M-03,medium,H,320.0,340.0,1900.0,90.0,113.055,2026-02-01T12:05:50
MCH-M-03,medium,H,319.704,340.0,1900.0,90.0,113.163,2026-02-01T12:06:00
MCH-M-03,medium,H,319.616,340.0,1900.0,90.0,113.276,2026-02-01T12:06:10
MCH-M-03,medium,H,319.275,340.0,1900.0,90.0,113.377,2026-02-01T12:06:20
MCH-M-03,medium,H,319.084,340.0,1900.0,90.0,113.474,2026-02-01T12:06:30
MCH-M-03,medium,H,318.849,340.0,1900.0,90.0,113.593,2026-02-01T12:06:40
MCH-M-03,medium,H,318.529,340.0,1900.0,90.0,113.714,2026-02-01T12:06:50
MCH-M-03,medium,H,318.313,340.0,1900.0,90.0,113.836,2026-02-01T12:07:00
MCH-M-03,medium,H,318.059,340.0,1900.0,90.0,113.917,2026-02-01T12:07:10
MCH-M-03,medium,H,317.884,340.0,1821.258,90.0,114.044,2026-02-01T12:07:20
MCH-M-03,medium,H,317.767,340.0,1811.524,90.0,114.075,2026-02-01T12:07:30
MCH-M-03,medium,H,317.573,340.0,1811.784,90.0,114.166,2026-02-01T12:07:40
MCH-M-03,medium,H,317.313,340.0,1803.994,90.0,114.265,2026-02-01T12:07:50
MCH-M-03,medium,H,317.119,340.0,1781.733,90.0,114.334,2026-02-01T12:08:00
MCH-M-03,medium,H,317.051,340.0,1770.997,90.0,114.522,2026-02-01T12:08:10
MCH-M-03,medium,H,316.961,340.0,1767.977,90.0,114.632,2026-02-01T12:08:20
MCH-M-03,medium,H,316.75,340.0,1744.658,90.0,114.747,2026-02-01T12:08:30
MCH-M-04,medium,M,299.62,310.002,1531.713,46.452,2.429,2026-02-01T09:23:00
MCH-M-04,medium,M,299.913,310.177,1524.582,46.446,2.539,2026-02-01T09:23:10
MCH-M-04,medium,M,300.214,310.641,1525.675,46.253,2.67,2026-02-01T09:23:20
MCH-M-04,medium,M,300.472,310.831,1522.625,46.395,2.8,2026-02-01T09:23:30
MCH-M-04,medium,M,300.889,311.121,1537.37,46.654,2.956,2026-02-01T09:23:40
MCH-M-04,medium,M,301.075,311.474,1541.417,46.945,3.073,2026-02-01T09:23:50
MCH-M-04,medium,M,301.201,311.73,1556.112,47.274,3.199,2026-02-01T09:24:00
MCH-M-04,medium,M,301.462,311.78,1547.544,47.501,3.273,2026-02-01T09:24:10
MCH-M-04,medium,M,301.528,312.298,1550.091,47.287,3.367,2026-02-01T09:24:20
MCH-M-04,medium,M,301.658,312.579,1554.776,47.747,3.501,2026-02-01T09:24:30
MCH-M-04,medium,M,301.775,312.798,1563.506,47.478,3.613,2026-02-01T09:24:40
MCH-M-04,medium,M,302.057,313.241,1572.388,46.871,3.724,2026-02-01T09:24:50
MCH-M-04,medium,M,302.25,313.49,1576.866,46.696,3.849,2026-02-01T09:25:00
MCH-M-04,medium,M,302.666,313.787,1569.595,47.159,3.943,2026-02-01T09:25:10
MCH-M-04,medium,M,303.035,313.992,1576.855,47.995,4.082,2026-02-01T09:25:20
MCH-M-04,medium,M,303.337,314.315,1571.819,47.709,4.191,2026-02-01T09:25:30
MCH-M-04,medium,M,303.553,314.701,1580.806,48.108,4.289,2026-02-01T09:25:40
MCH-M-04,medium,M,303.917,315.205,1570.341,48.096,4.415,2026-02-01T09:25:50
MCH-M-04,medium,M,304.091,315.679,1572.107,48.071,4.513,2026-02-01T09:26:00
MCH-M-04,medium,M,304.376,316.205,1568.103,48.714,4.673,2026-02-01T09:26:10
MCH-M-04,medium,M,304.817,316.739,1585.996,49.172,4.826,2026-02-01T09:26:20
MCH-M-04,medium,M,304.97,317.101,1592.011,49.714,4.949,2026-02-01T09:26:30
MCH-M-04,medium,M,305.378,317.65,1609.54,50.334,5.058,2026-02-01T09:26:40
MCH-M-04,medium,M,305.764,318.14,1612.007,50.821,5.2,2026-02-01T09:26:50
MCH-M-04,medium,M,306.153,318.712,1613.627,51.605,5.321,2026-02-01T09:27:00
MCH-M-04,medium,M,306.588,319.245,1622.308,52.176,5.408,2026-02-01T09:27:10
MCH-M-04,medium,M,307.111,319.759,1637.663,52.378,5.544,2026-02-01T09:27:20
MCH-M-04,medium,M,307.353,320.297,1636.451,52.981,5.598,2026-02-01T09:27:30
MCH-M-04,medium,M,307.663,320.944,1643.072,53.769,5.685,2026-02-01T09:27:40
MCH-M-04,medium,M,308.223,321.293,1661.037,54.315,5.792,2026-02-01T09:27:50
MCH-M-04,medium,M,308.683,321.839,1668.807,54.871,5.914,2026-02-01T09:28:00
MCH-M-04,medium,M,309.03,322.242,1669.668,55.057,6.034,2026-02-01T09:28:10
MCH-M-04,medium,M,309.476,322.501,1682.541,56.024,6.096,2026-02-01T09:28:20
MCH-M-04,medium,M,309.702,323.1,1693.058,56.543,6.152,2026-02-01T09:28:30
MCH-M-04,medium,M,310.023,323.513,1699.03,56.652,6.254,2026-02-01T09:28:40
MCH-M-04,medium,M,310.522,323.756,1709.602,57.178,6.392,2026-02-01T09:28:50
MCH-M-04,medium,M,311.096,324.436,1724.502,57.382,6.506,2026-02-01T09:29:00
MCH-M-04,medium,M,311.432,325.088,1740.263,57.647,6.646,2026-02-01T09:29:10
MCH-M-04,medium,M,311.924,325.515,1754.241,58.216,6.694,2026-02-01T09:29:20
MCH-M-04,medium,M,312.183,326.171,1778.633,59.527,6.806,2026-02-01T09:29:30
MCH-M-04,medium,M,312.575,326.603,1796.373,60.216,6.955,2026-02-01T09:29:40
MCH-M-04,medium,M,313.067,327.158,1814.496,61.126,7.061,2026-02-01T09:29:50
MCH-M-04,medium,M,313.444,327.767,1832.883,61.676,7.156,2026-02-01T09:30:00
MCH-M-04,medium,M,314.052,328.419,1857.602,62.446,7.275,2026-02-01T09:30:10
MCH-M-04,medium,M,314.619,329.077,1872.079,62.962,7.344,2026-02-01T09:30:20
MCH-M-04,medium,M,315.073,329.552,1894.403,63.574,7.438,2026-02-01T09:30:30
MCH-M-04,medium,M,315.565,330.058,1900.0,64.328,7.567,2026-02-01T09:30:40
MCH-M-04,medium,M,316.115,330.374,1900.0,65.36,7.651,2026-02-01T09:30:50
MCH-M-04,medium,M,316.641,330.805,1900.0,66.235,7.757,2026-02-01T09:31:00
MCH-M-04,medium,M,317.037,331.466,1900.0,66.766,7.829,2026-02-01T09:31:10
MCH-M-04,medium,M,317.642,332.11,1900.0,66.646,7.939,2026-02-01T09:31:20
MCH-M-04,medium,M,318.15,332.569,1900.0,67.752,7.991,2026-02-01T09:31:30
MCH-M-04,medium,M,318.541,333.057,1900.0,68.557,8.096,2026-02-01T09:31:40
MCH-M-04,medium,M,319.051,333.679,1900.0,69.48,8.191,2026-02-01T09:31:50
MCH-M-04,medium,M,319.561,334.047,1900.0,70.382,8.318,2026-02-01T09:32:00
MCH-M-04,medium,M,320.0,334.479,1900.0,70.892,8.424,2026-02-01T09:32:10
MCH-M-04,medium,M,320.0,334.705,1900.0,71.263,8.499,2026-02-01T09:32:20
MCH-M-04,medium,M,320.0,334.985,1900.0,71.93,8.654,2026-02-01T09:32:30
MCH-M-04,medium,M,320.0,335.527,1900.0,72.569,8.76,2026-02-01T09:32:40
MCH-M-04,medium,M,320.0,335.964,1900.0,73.489,8.843,2026-02-01T09:32:50
MCH-M-04,medium,M,320.0,336.138,1900.0,74.5,8.976,2026-02-01T09:33:00
MCH-M-04,medium,M,320.0,336.549,1900.0,75.52,9.08,2026-02-01T09:33:10
MCH-M-04,medium,M,320.0,337.018,1900.0,76.197,9.188,2026-02-01T09:33:20
MCH-M-04,medium,M,320.0,337.079,1900.0,76.757,9.286,2026-02-01T09:33:30
MCH-M-04,medium,M,320.0,337.398,1900.0,76.967,9.393,2026-02-01T09:33:40
MCH-M-04,medium,M,320.0,337.796,1900.0,78.3,9.474,2026-02-01T09:33:50
MCH-M-04,medium,M,320.0,338.095,1900.0,79.551,9.582,2026-02-01T09:34:00
MCH-M-04,medium,M,320.0,338.32,1900.0,79.865,9.678,2026-02-01T09:34:10
MCH-M-04,medium,M,320.0,338.66,1900.0,81.416,9.827,2026-02-01T09:34:20
MCH-M-04,medium,M,320.0,339.032,1900.0,82.15,9.911,2026-02-01T09:34:30
MCH-M-04,medium,M,320.0,339.342,1900.0,83.046,10.055,2026-02-01T09:34:40
MCH-M-04,medium,M,320.0,339.5,1900.0,84.177,10.181,2026-02-01T09:34:50
MCH-M-04,medium,M,320.0,339.821,1900.0,85.332,10.333,2026-02-01T09:35:00
MCH-M-04,medium,M,320.0,340.0,1900.0,85.813,10.454,2026-02-01T09:35:10
MCH-M-04,medium,M,320.0,340.0,1900.0,86.666,10.625,2026-02-01T09:35:20
MCH-M-04,medium,M,320.0,340.0,1900.0,87.462,10.775,2026-02-01T09:35:30
MCH-M-04,medium,M,320.0,340.0,1900.0,88.195,10.878,2026-02-01T09:35:40
MCH-M-04,medium,M,320.0,340.0,1900.0,89.268,10.956,2026-02-01T09:35:50
MCH-M-04,medium,M,320.0,340.0,1900.0,90.0,11.057,2026-02-01T09:36:00
MCH-M-04,medium,M,320.0,340.0,1900.0,90.0,11.104,2026-02-01T09:36:10
MCH-M-04,medium,M,320.0,340.0,1900.0,90.0,11.24,2026-02-01T09:36:20
MCH-M-04,medium,M,320.0,340.0,1900.0,90.0,11.353,2026-02-01T09:36:30
MCH-M-04,medium,M,320.0,340.0,1900.0,90.0,11.445,2026-02-01T09:36:40
MCH-M-04,medium,M,320.0,340.0,1900.0,90.0,11.57,2026-02-01T09:36:50
MCH-M-04,medium,M,320.0,340.0,1900.0,90.0,11.648,2026-02-01T09:37:00
MCH-M-04,medium,M,320.0,340.0,1900.0,90.0,11.799,2026-02-01T09:37:10
MCH-M-04,medium,M,320.0,340.0,1900.0,90.0,11.916,2026-02-01T09:37:20
MCH-M-04,medium,M,320.0,340.0,1900.0,90.0,11.984,2026-02-01T09:37:30
MCH-M-04,medium,M,320.0,340.0,1900.0,90.0,12.093,2026-02-01T09:37:40
MCH-M-04,medium,M,320.0,340.0,1900.0,90.0,12.202,2026-02-01T09:37:50
MCH-M-04,medium,M,320.0,340.0,1900.0,90.0,12.358,2026-02-01T09:38:00
MCH-M-04,medium,M,320.0,340.0,1900.0,90.0,12.445,2026-02-01T09:38:10
MCH-M-04,medium,M,320.0,340.0,1900.0,90.0,12.541,2026-02-01T09:38:20
MCH-M-04,medium,M,320.0,340.0,1900.0,90.0,12.627,2026-02-01T09:38:30
MCH-M-04,medium,M,320.0,340.0,1900.0,90.0,12.745,2026-02-01T09:38:40
MCH-M-04,medium,M,320.0,340.0,1900.0,90.0,12.879,2026-02-01T09:38:50
MCH-M-04,medium,M,320.0,340.0,1900.0,90.0,12.943,2026-02-01T09:39:00
MCH-M-04,medium,M,320.0,340.0,1900.0,90.0,13.02,2026-02-01T09:39:10
MCH-M-04,medium,M,320.0,340.0,1900.0,90.0,13.159,2026-02-01T09:39:20
MCH-M-04,medium,M,320.0,340.0,1900.0,90.0,13.275,2026-02-01T09:39:30
MCH-M-04,medium,M,320.0,340.0,1900.0,90.0,13.323,2026-02-01T09:39:40
MCH-M-04,medium,M,320.0,340.0,1900.0,90.0,13.475,2026-02-01T09:39:50
MCH-M-04,medium,M,320.0,340.0,1900.0,90.0,13.566,2026-02-01T09:40:00
MCH-M-04,medium,M,320.0,340.0,1900.0,90.0,13.655,2026-02-01T09:40:10
MCH-M-04,medium,M,320.0,340.0,1900.0,90.0,13.776,2026-02-01T09:40:20
MCH-M-04,medium,M,320.0,340.0,1900.0,90.0,13.864,2026-02-01T09:40:30
MCH-M-04,medium,M,320.0,340.0,1900.0,90.0,13.973,2026-02-01T09:40:40
MCH-M-04,medium,M,320.0,340.0,1900.0,90.0,14.143,2026-02-01T09:40:50
MCH-M-04,medium,M,320.0,339.959,1900.0,90.0,14.265,2026-02-01T09:41:00
MCH-M-04,medium,M,320.0,339.626,1900.0,90.0,14.394,2026-02-01T09:41:10
MCH-M-04,medium,M,320.0,339.154,1900.0,90.0,14.532,2026-02-01T09:41:20
MCH-M-04,medium,M,320.0,338.786,1900.0,90.0,14.634,2026-02-01T09:41:30
MCH-M-04,medium,M,320.0,338.398,1900.0,90.0,14.737,2026-02-01T09:41:40
MCH-M-04,medium,M,320.0,338.083,1900.0,90.0,14.79,2026-02-01T09:41:50
MCH-M-04,medium,M,320.0,337.909,1900.0,90.0,14.882,2026-02-01T09:42:00
MCH-M-04,medium,M,320.0,337.382,1900.0,90.0,14.983,2026-02-01T09:42:10
MCH-M-04,medium,M,320.0,337.074,1900.0,90.0,15.107,2026-02-01T09:42:20
MCH-M-04,medium,M,320.0,336.603,1900.0,90.0,15.209,2026-02-01T09:42:30
MCH-M-04,medium,M,320.0,336.319,1900.0,90.0,15.296,2026-02-01T09:42:40
MCH-M-04,medium,M,320.0,336.112,1900.0,90.0,15.381,2026-02-01T09:42:50
MCH-M-04,medium,M,320.0,335.736,1900.0,90.0,15.52,2026-02-01T09:43:00
MCH-M-04,medium,M,320.0,335.27,1900.0,90.0,15.636,2026-02-01T09:43:10
MCH-M-04,medium,M,320.0,335.858,1900.0,90.0,15.769,2026-02-01T09:43:20
MCH-M-04,medium,M,320.0,335.531,1900.0,90.0,15.897,2026-02-01T09:43:30
MCH-M-04,medium,M,320.0,335.197,1900.0,90.0,15.983,2026-02-01T09:43:40
MCH-M-04,medium,M,320.0,334.59,1900.0,90.0,16.052,2026-02-01T09:43:50
MCH-M-04,medium,M,320.0,334.132,1900.0,90.0,16.169,2026-02-01T09:44:00
MCH-M-04,medium,M,320.0,333.6,1900.0,90.0,16.243,2026-02-01T09:44:10
MCH-M-04,medium,M,320.0,333.2,1900.0,90.0,16.375,2026-02-01T09:44:20
MCH-M-04,medium,M,320.0,332.67,1900.0,90.0,16.48,2026-02-01T09:44:30
MCH-M-04,medium,M,320.0,332.119,1900.0,90.0,16.618,2026-02-01T09:44:40
MCH-M-04,medium,M,320.0,331.773,1900.0,90.0,16.724,2026-02-01T09:44:50
MCH-M-04,medium,M,320.0,331.37,1900.0,90.0,16.796,2026-02-01T09:45:00
MCH-M-04,medium,M,320.0,330.982,1900.0,90.0,16.904,2026-02-01T09:45:10
MCH-M-04,medium,M,320.0,330.66,1900.0,90.0,17.004,2026-02-01T09:45:20
MCH-M-04,medium,M,320.0,329.897,1900.0,90.0,17.095,2026-02-01T09:45:30
MCH-M-04,medium,M,320.0,329.33,1900.0,90.0,17.228,2026-02-01T09:45:40
MCH-M-04,medium,M,320.0,328.864,1900.0,90.0,17.344,2026-02-01T09:45:50
MCH-M-04,medium,M,320.0,328.231,1900.0,90.0,17.471,2026-02-01T09:46:00
MCH-M-04,medium,M,320.0,327.649,1900.0,90.0,17.597,2026-02-01T09:46:10
MCH-M-04,medium,M,320.0,327.25,1900.0,90.0,17.701,2026-02-01T09:46:20
MCH-M-04,medium,M,320.0,326.741,1900.0,90.0,17.817,2026-02-01T09:46:30
MCH-M-04,medium,M,320.0,326.172,1900.0,90.0,17.925,2026-02-01T09:46:40
MCH-M-04,medium,M,320.0,325.432,1900.0,90.0,18.021,2026-02-01T09:46:50
MCH-M-04,medium,M,320.0,324.775,1900.0,90.0,18.16,2026-02-01T09:47:00
MCH-M-04,medium,M,320.0,326.071,1900.0,90.0,18.264,2026-02-01T09:47:10
MCH-M-04,medium,M,320.0,325.442,1900.0,90.0,18.38,2026-02-01T09:47:20
MCH-M-04,medium,M,320.0,325.052,1900.0,90.0,18.505,2026-02-01T09:47:30
MCH-M-04,medium,M,319.722,324.627,1900.0,90.0,18.618,2026-02-01T09:47:40
MCH-M-04,medium,M,319.155,324.335,1900.0,90.0,18.671,2026-02-01T09:47:50
MCH-M-04,medium,M,318.605,323.868,1900.0,90.0,18.844,2026-02-01T09:48:00
MCH-M-04,medium,M,317.996,323.458,1900.0,90.0,18.989,2026-02-01T09:48:10
MCH-M-04,medium,M,317.469,323.079,1900.0,90.0,19.121,2026-02-01T09:48:20
MCH-M-04,medium,M,317.057,322.49,1900.0,90.0,19.196,2026-02-01T09:48:30
MCH-M-04,medium,M,316.704,322.207,1900.0,90.0,19.29,2026-02-01T09:48:40
MCH-M-04,medium,M,316.154,321.686,1900.0,90.0,19.404,2026-02-01T09:48:50
MCH-M-04,medium,M,315.681,321.234,1900.0,90.0,19.485,2026-02-01T09:49:00
MCH-M-04,medium,M,314.97,320.856,1900.0,90.0,19.604,2026-02-01T09:49:10
MCH-M-04,medium,M,314.541,320.6,1900.0,90.0,19.708,2026-02-01T09:49:20
MCH-M-04,medium,M,314.173,320.017,1900.0,90.0,19.787,2026-02-01T09:49:30
MCH-M-04,medium,M,313.764,319.768,1900.0,90.0,19.944,2026-02-01T09:49:40
MCH-M-04,medium,M,313.199,319.453,1900.0,90.0,20.072,2026-02-01T09:49:50
MCH-M-04,medium,M,312.627,319.089,1900.0,90.0,20.146,2026-02-01T09:50:00
MCH-M-04,medium,M,312.302,318.582,1900.0,90.0,20.252,2026-02-01T09:50:10
MCH-M-04,medium,M,311.987,318.075,1900.0,90.0,20.341,2026-02-01T09:50:20
MCH-M-04,medium,M,311.701,317.601,1900.0,90.0,20.488,2026-02-01T09:50:30
MCH-M-04,medium,M,311.267,317.356,1900.0,90.0,20.562,2026-02-01T09:50:40
MCH-M-04,medium,M,310.76,317.022,1900.0,90.0,20.712,2026-02-01T09:50:50
MCH-M-04,medium,M,310.19,316.88,1900.0,90.0,20.818,2026-02-01T09:51:00
MCH-M-04,medium,M,309.641,316.715,1900.0,90.0,20.891,2026-02-01T09:51:10
MCH-M-04,medium,M,309.318,316.725,1900.0,90.0,21.058,2026-02-01T09:51:20
MCH-M-04,medium,M,309.112,316.417,1900.0,90.0,21.183,2026-02-01T09:51:30
MCH-M-04,medium,M,308.712,316.213,1900.0,90.0,21.309,2026-02-01T09:51:40
MCH-M-04,medium,M,308.25,316.31,1900.0,90.0,21.436,2026-02-01T09:51:50
MCH-M-04,medium,M,307.934,316.048,1900.0,90.0,21.517,2026-02-01T09:52:00
MCH-M-04,medium,M,307.457,316.084,1900.0,90.0,21.583,2026-02-01T09:52:10
MCH-M-04,medium,M,306.98,315.882,1900.0,90.0,21.643,2026-02-01T09:52:20
MCH-M-04,medium,M,306.597,316.059,1900.0,90.0,21.782,2026-02-01T09:52:30
MCH-M-04,medium,M,306.219,315.633,1900.0,90.0,21.932,2026-02-01T09:52:40
MCH-M-04,medium,M,305.869,315.533,1900.0,90.0,22.087,2026-02-01T09:52:50
MCH-M-04,medium,M,305.535,315.234,1900.0,90.0,22.224,2026-02-01T09:53:00
MCH-M-04,medium,M,305.126,315.071,1900.0,90.0,22.353,2026-02-01T09:53:10
MCH-M-04,medium,M,304.686,314.917,1900.0,90.0,22.444,2026-02-01T09:53:20
MCH-M-04,medium,M,304.272,314.896,1900.0,90.0,22.586,2026-02-01T09:53:30
MCH-M-04,medium,M,303.974,314.797,1900.0,90.0,22.624,2026-02-01T09:53:40
MCH-M-04,medium,M,303.641,314.781,1900.0,90.0,22.677,2026-02-01T09:53:50
MCH-M-04,medium,M,303.275,314.787,1900.0,90.0,22.789,2026-02-01T09:54:00
MCH-M-04,medium,M,302.916,314.588,1900.0,90.0,22.923,2026-02-01T09:54:10
MCH-M-04,medium,M,302.727,314.788,1900.0,90.0,23.028,2026-02-01T09:54:20
MCH-M-04,medium,M,302.64,314.743,1900.0,90.0,23.145,2026-02-01T09:54:30
MCH-M-04,medium,M,302.491,314.748,1900.0,90.0,23.249,2026-02-01T09:54:40
MCH-M-04,medium,M,302.396,314.801,1900.0,90.0,23.351,2026-02-01T09:54:50
MCH-M-04,medium,M,302.146,314.956,1900.0,90.0,23.432,2026-02-01T09:55:00
MCH-M-04,medium,M,301.838,314.901,1900.0,90.0,23.501,2026-02-01T09:55:10
MCH-M-04,medium,M,301.538,314.956,1900.0,90.0,23.587,2026-02-01T09:55:20
MCH-M-04,medium,M,301.447,315.221,1900.0,90.0,23.678,2026-02-01T09:55:30
MCH-M-04,medium,M,301.183,315.476,1900.0,90.0,23.816,2026-02-01T09:55:40
MCH-M-04,medium,M,300.831,315.669,1900.0,90.0,23.919,2026-02-01T09:55:50
MCH-M-04,medium,M,300.653,315.819,1900.0,90.0,23.993,2026-02-01T09:56:00
MCH-M-04,medium,M,300.462,315.797,1900.0,90.0,24.097,2026-02-01T09:56:10
MCH-M-04,medium,M,300.239,316.149,1900.0,90.0,24.192,2026-02-01T09:56:20
MCH-M-04,medium,M,300.189,316.627,1900.0,90.0,24.302,2026-02-01T09:56:30
MCH-M-04,medium,M,300.208,316.913,1900.0,90.0,24.464,2026-02-01T09:56:40
MCH-M-04,medium,M,300.206,317.153,1900.0,90.0,24.583,2026-02-01T09:56:50
MCH-M-04,medium,M,300.286,317.319,1900.0,90.0,24.701,2026-02-01T09:57:00
MCH-M-04,medium,M,300.223,317.567,1900.0,90.0,24.801,2026-02-01T09:57:10
MCH-M-04,medium,M,300.251,317.732,1900.0,90.0,24.944,2026-02-01T09:57:20
MCH-M-04,medium,M,300.286,318.115,1900.0,90.0,25.044,2026-02-01T09:57:30
MCH-M-04,medium,M,300.162,318.58,1900.0,90.0,25.172,2026-02-01T09:57:40
MCH-M-04,medium,M,300.14,318.844,1900.0,90.0,25.304,2026-02-01T09:57:50
MCH-M-04,medium,M,300.24,319.053,1900.0,90.0,25.371,2026-02-01T09:58:00
MCH-M-04,medium,M,300.084,319.556,1900.0,90.0,25.506,2026-02-01T09:58:10
MCH-M-04,medium,M,300.148,319.806,1900.0,90.0,25.638,2026-02-01T09:58:20
MCH-M-04,medium,M,300.322,320.256,1900.0,90.0,25.73,2026-02-01T09:58:30
MCH-M-04,medium,M,300.465,320.448,1900.0,90.0,25.86,2026-02-01T09:58:40
MCH-M-04,medium,M,300.491,320.795,1900.0,90.0,26.021,2026-02-01T09:58:50
MCH-M-04,medium,M,300.55,321.425,1900.0,90.0,26.124,2026-02-01T09:59:00
MCH-M-04,medium,M,300.571,321.937,1900.0,90.0,26.208,2026-02-01T09:59:10
MCH-M-04,medium,M,300.838,322.52,1900.0,90.0,26.302,2026-02-01T09:59:20
MCH-M-04,medium,M,300.784,323.076,1900.0,90.0,26.402,2026-02-01T09:59:30
MCH-M-04,medium,M,300.912,323.548,1900.0,90.0,26.532,2026-02-01T09:59:40
MCH-M-04,medium,M,301.177,323.735,1900.0,90.0,26.63,2026-02-01T09:59:50
MCH-M-04,medium,M,301.298,324.17,1900.0,90.0,26.661,2026-02-01T10:00:00
MCH-M-04,medium,M,301.3,324.779,1900.0,90.0,26.807,2026-02-01T10:00:10
MCH-M-04,medium,M,301.446,325.083,1900.0,90.0,26.908,2026-02-01T10:00:20
MCH-M-04,medium,M,301.485,325.459,1900.0,90.0,27.049,2026-02-01T10:00:30
MCH-M-04,medium,M,301.664,325.746,1900.0,90.0,27.136,2026-02-01T10:00:40
MCH-M-04,medium,M,301.861,326.241,1900.0,90.0,27.256,2026-02-01T10:00:50
MCH-M-04,medium,M,302.089,326.892,1900.0,90.0,27.345,2026-02-01T10:01:00
MCH-M-04,medium,M,302.282,327.452,1900.0,90.0,27.447,2026-02-01T10:01:10
MCH-M-04,medium,M,302.42,328.138,1900.0,90.0,27.602,2026-02-01T10:01:20
MCH-M-04,medium,M,302.651,328.717,1900.0,90.0,27.723,2026-02-01T10:01:30
MCH-M-04,medium,M,302.707,329.105,1900.0,90.0,27.83,2026-02-01T10:01:40
MCH-M-04,medium,M,302.989,329.49,1900.0,90.0,27.956,2026-02-01T10:01:50
MCH-M-04,medium,M,303.239,330.205,1900.0,90.0,28.044,2026-02-01T10:02:00
MCH-M-04,medium,M,303.395,330.595,1900.0,90.0,28.144,2026-02-01T10:02:10
MCH-M-04,medium,M,303.645,331.155,1900.0,90.0,28.306,2026-02-01T10:02:20
MCH-M-04,medium,M,303.796,331.542,1900.0,90.0,28.39,2026-02-01T10:02:30
MCH-M-04,medium,M,304.189,332.039,1900.0,90.0,28.457,2026-02-01T10:02:40
MCH-M-04,medium,M,304.512,332.53,1900.0,90.0,28.572,2026-02-01T10:02:50
MCH-M-04,medium,M,304.841,333.091,1900.0,90.0,28.654,2026-02-01T10:03:00
MCH-M-04,medium,M,304.92,333.701,1900.0,90.0,28.76,2026-02-01T10:03:10
MCH-M-04,medium,M,305.151,334.359,1900.0,90.0,28.836,2026-02-01T10:03:20
MCH-M-04,medium,M,305.387,334.811,1900.0,90.0,28.96,2026-02-01T10:03:30
MCH-M-04,medium,M,305.606,335.216,1900.0,90.0,29.054,2026-02-01T10:03:40
MCH-M-04,medium,M,305.813,335.68,1900.0,90.0,29.183,2026-02-01T10:03:50
MCH-M-04,medium,M,305.993,336.069,1900.0,90.0,29.323,2026-02-01T10:04:00
MCH-M-04,medium,M,306.27,336.605,1900.0,90.0,29.424,2026-02-01T10:04:10
MCH-M-04,medium,M,306.463,337.162,1900.0,90.0,29.499,2026-02-01T10:04:20
MCH-M-04,medium,M,306.83,337.623,1900.0,90.0,29.603,2026-02-01T10:04:30
MCH-M-04,medium,M,307.068,338.309,1900.0,90.0,29.695,2026-02-01T10:04:40
MCH-M-04,medium,M,307.453,338.87,1900.0,90.0,29.794,2026-02-01T10:04:50
MCH-M-04,medium,M,307.819,339.223,1900.0,90.0,29.935,2026-02-01T10:05:00
MCH-M-04,medium,M,308.143,339.54,1900.0,90.0,30.007,2026-02-01T10:05:10
MCH-M-04,medium,M,308.428,339.893,1900.0,90.0,30.109,2026-02-01T10:05:20
MCH-M-04,medium,M,308.58,340.0,1900.0,90.0,30.191,2026-02-01T10:05:30
MCH-M-04,medium,M,308.867,340.0,1900.0,90.0,30.258,2026-02-01T10:05:40
MCH-M-04,medium,M,309.156,340.0,1900.0,90.0,30.359,2026-02-01T10:05:50
MCH-M-04,medium,M,309.246,340.0,1900.0,90.0,30.479,2026-02-01T10:06:00
MCH-M-04,medium,M,309.523,340.0,1900.0,90.0,30.555,2026-02-01T10:06:10
MCH-M-04,medium,M,309.747,340.0,1900.0,90.0,30.686,2026-02-01T10:06:20
MCH-M-04,medium,M,309.947,340.0,1900.0,90.0,30.788,2026-02-01T10:06:30
MCH-M-04,medium,M,310.154,340.0,1900.0,90.0,30.929,2026-02-01T10:06:40
MCH-M-04,medium,M,310.406,340.0,1900.0,90.0,31.044,2026-02-01T10:06:50
MCH-M-04,medium,M,310.669,340.0,1900.0,90.0,31.122,2026-02-01T10:07:00
MCH-M-04,medium,M,310.832,340.0,1900.0,90.0,31.233,2026-02-01T10:07:10
MCH-M-04,medium,M,310.947,340.0,1900.0,90.0,31.374,2026-02-01T10:07:20
MCH-M-04,medium,M,311.108,340.0,1900.0,90.0,31.462,2026-02-01T10:07:30
MCH-M-04,medium,M,311.503,340.0,1900.0,90.0,31.534,2026-02-01T10:07:40
MCH-M-04,medium,M,311.767,340.0,1900.0,90.0,31.657,2026-02-01T10:07:50
MCH-M-04,medium,M,311.996,340.0,1900.0,90.0,31.74,2026-02-01T10:08:00
MCH-M-04,medium,M,312.126,340.0,1900.0,90.0,31.769,2026-02-01T10:08:10
MCH-M-04,medium,M,312.245,340.0,1900.0,90.0,31.883,2026-02-01T10:08:20
MCH-M-04,medium,M,312.304,340.0,1900.0,90.0,31.973,2026-02-01T10:08:30
MCH-M-04,medium,M,312.386,340.0,1900.0,90.0,32.116,2026-02-01T10:08:40
MCH-M-04,medium,M,312.612,340.0,1900.0,90.0,32.219,2026-02-01T10:08:50
MCH-M-04,medium,M,312.78,340.0,1900.0,90.0,32.327,2026-02-01T10:09:00
MCH-M-04,medium,M,313.08,340.0,1900.0,90.0,32.418,2026-02-01T10:09:10
MCH-M-04,medium,M,313.297,340.0,1900.0,90.0,32.465,2026-02-01T10:09:20
MCH-M-04,medium,M,313.581,340.0,1900.0,90.0,32.584,2026-02-01T10:09:30
MCH-M-04,medium,M,313.65,340.0,1900.0,90.0,32.655,2026-02-01T10:09:40
MCH-M-04,medium,M,313.963,340.0,1900.0,90.0,32.734,2026-02-01T10:09:50
MCH-M-04,medium,M,314.033,340.0,1900.0,90.0,32.836,2026-02-01T10:10:00
MCH-M-04,medium,M,314.259,340.0,1900.0,90.0,32.938,2026-02-01T10:10:10
MCH-M-04,medium,M,314.585,340.0,1900.0,90.0,33.061,2026-02-01T10:10:20
MCH-M-04,medium,M,314.753,340.0,1900.0,90.0,33.17,2026-02-01T10:10:30
MCH-M-04,medium,M,315.029,340.0,1900.0,90.0,33.284,2026-02-01T10:10:40
MCH-M-04,medium,M,315.249,340.0,1900.0,90.0,33.394,2026-02-01T10:10:50
MCH-M-04,medium,M,315.374,340.0,1900.0,90.0,33.544,2026-02-01T10:11:00
MCH-M-04,medium,M,315.605,340.0,1900.0,90.0,33.674,2026-02-01T10:11:10
MCH-M-04,medium,M,315.788,340.0,1900.0,90.0,33.729,2026-02-01T10:11:20
MCH-M-04,medium,M,315.871,340.0,1900.0,90.0,33.838,2026-02-01T10:11:30
MCH-M-04,medium,M,316.131,340.0,1900.0,90.0,33.963,2026-02-01T10:11:40
MCH-M-04,medium,M,316.339,340.0,1900.0,90.0,34.099,2026-02-01T10:11:50
MCH-M-04,medium,M,316.318,340.0,1900.0,90.0,34.241,2026-02-01T10:12:00
MCH-M-04,medium,M,316.373,340.0,1900.0,90.0,34.356,2026-02-01T10:12:10
MCH-M-04,medium,M,316.195,340.0,1900.0,90.0,34.458,2026-02-01T10:12:20
MCH-M-04,medium,M,316.174,340.0,1900.0,90.0,34.568,2026-02-01T10:12:30
MCH-M-04,medium,M,316.262,340.0,1900.0,90.0,34.653,2026-02-01T10:12:40
MCH-M-04,medium,M,316.257,340.0,1900.0,90.0,34.779,2026-02-01T10:12:50
MCH-M-04,medium,M,316.167,340.0,1900.0,90.0,34.809,2026-02-01T10:13:00
MCH-M-04,medium,M,316.178,340.0,1900.0,90.0,34.908,2026-02-01T10:13:10
MCH-M-04,medium,M,316.348,340.0,1882.192,90.0,35.01,2026-02-01T10:13:20
MCH-M-04,medium,M,316.346,340.0,1860.533,90.0,35.102,2026-02-01T10:13:30
MCH-M-04,medium,M,316.284,340.0,1853.357,90.0,35.189,2026-02-01T10:13:40
MCH-M-04,medium,M,316.319,340.0,1823.974,90.0,35.27,2026-02-01T10:13:50
MCH-M-04,medium,M,316.386,340.0,1813.74,90.0,35.358,2026-02-01T10:14:00
MCH-M-04,medium,M,316.474,340.0,1795.949,90.0,35.492,2026-02-01T10:14:10
MCH-M-04,medium,M,316.481,340.0,1801.454,90.0,35.604,2026-02-01T10:14:20
MCH-M-04,medium,M,316.399,340.0,1788.635,90.0,35.686,2026-02-01T10:14:30
MCH-M-04,medium,M,316.37,340.0,1763.874,90.0,35.816,2026-02-01T10:14:40
MCH-M-04,medium,M,316.242,340.0,1744.457,90.0,35.926,2026-02-01T10:14:50
MCH-M-04,medium,M,316.044,340.0,1727.878,90.0,36.051,2026-02-01T10:15:00
MCH-M-04,medium,M,315.899,340.0,1729.883,90.0,36.208,2026-02-01T10:15:10
MCH-M-04,medium,M,315.775,340.0,1717.897,90.0,36.346,2026-02-01T10:15:20
MCH-M-04,medium,M,315.705,340.0,1717.815,90.0,36.506,2026-02-01T10:15:30
MCH-M-04,medium,M,315.478,340.0,1722.181,90.0,36.62,2026-02-01T10:15:40
MCH-M-04,medium,M,315.338,340.0,1700.215,90.0,36.72,2026-02-01T10:15:50
MCH-M-04,medium,M,315.058,340.0,1684.117,90.0,36.83,2026-02-01T10:16:00
MCH-M-04,medium,M,314.922,340.0,1685.463,90.0,36.913,2026-02-01T10:16:10
MCH-M-04,medium,M,314.68,340.0,1686.346,90.0,37.017,2026-02-01T10:16:20
MCH-M-04,medium,M,314.445,340.0,1678.372,90.0,37.108,2026-02-01T10:16:30
MCH-M-04,medium,M,314.313,340.0,1672.35,90.0,37.219,2026-02-01T10:16:40
MCH-M-04,medium,M,314.132,340.0,1671.563,90.0,37.344,2026-02-01T10:16:50
MCH-M-04,medium,M,313.851,340.0,1651.664,90.0,37.48,2026-02-01T10:17:00
MCH-M-04,medium,M,313.673,339.751,1650.168,90.0,37.57,2026-02-01T10:17:10
MCH-M-04,medium,M,313.537,339.4,1633.695,90.0,37.646,2026-02-01T10:17:20
MCH-M-04,medium,M,313.429,338.863,1626.987,90.0,37.783,2026-02-01T10:17:30
MCH-M-04,medium,M,313.188,338.078,1617.869,90.0,37.875,2026-02-01T10:17:40
MCH-M-04,medium,M,313.226,337.621,1598.186,90.0,37.99,2026-02-01T10:17:50
MCH-M-04,medium,M,312.936,337.185,1593.189,90.0,38.094,2026-02-01T10:18:00
MCH-M-04,medium,M,312.612,336.78,1589.678,90.0,38.232,2026-02-01T10:18:10
MCH-M-04,medium,M,312.37,336.311,1592.953,90.0,38.337,2026-02-01T10:18:20
MCH-M-04,medium,M,312.095,336.07,1586.26,90.0,38.431,2026-02-01T10:18:30
MCH-M-04,medium,M,311.877,335.751,1555.544,90.0,38.552,2026-02-01T10:18:40
MCH-M-04,medium,M,311.664,335.337,1555.923,90.0,38.658,2026-02-01T10:18:50
MCH-M-04,medium,M,311.409,334.907,1546.279,90.0,38.754,2026-02-01T10:19:00
MCH-M-04,medium,M,311.174,334.201,1547.266,90.0,38.868,2026-02-01T10:19:10
MCH-M-04,medium,M,310.969,333.588,1542.69,90.0,39.009,2026-02-01T10:19:20
MCH-M-04,medium,M,310.685,333.011,1548.201,90.0,39.158,2026-02-01T10:19:30
MCH-M-04,medium,M,310.407,332.307,1547.291,90.0,39.337,2026-02-01T10:19:40
MCH-M-04,medium,M,310.016,331.743,1552.188,90.0,39.445,2026-02-01T10:19:50
MCH-M-04,medium,M,309.81,331.462,1557.349,90.0,39.558,2026-02-01T10:20:00
MCH-M-04,medium,M,309.523,331.04,1577.188,90.0,39.652,2026-02-01T10:20:10
MCH-M-04,medium,M,309.456,330.548,1583.21,90.0,39.8,2026-02-01T10:20:20
MCH-M-04,medium,M,309.329,330.184,1580.493,90.0,39.931,2026-02-01T10:20:30
MCH-M-04,medium,M,308.814,329.712,1577.317,90.0,40.045,2026-02-01T10:20:40
MCH-M-04,medium,M,308.58,329.207,1583.464,90.0,40.154,2026-02-01T10:20:50
MCH-M-04,medium,M,308.489,328.724,1592.56,90.0,40.28,2026-02-01T10:21:00
MCH-M-04,medium,M,308.274,328.261,1586.447,90.0,40.412,2026-02-01T10:21:10
MCH-M-04,medium,M,308.26,328.004,1602.367,90.0,40.531,2026-02-01T10:21:20
MCH-M-04,medium,M,308.0,327.69,1600.655,90.0,40.655,2026-02-01T10:21:30
MCH-M-04,medium,M,307.671,327.078,1611.103,90.0,40.757,2026-02-01T10:21:40
MCH-M-04,medium,M,307.532,326.664,1620.334,90.0,40.862,2026-02-01T10:21:50
MCH-M-04,medium,M,307.133,326.339,1629.258,90.0,40.977,2026-02-01T10:22:00
MCH-M-04,medium,M,306.916,326.05,1627.31,90.0,41.064,2026-02-01T10:22:10
MCH-M-04,medium,M,306.575,325.729,1637.954,90.0,41.18,2026-02-01T10:22:20
MCH-M-04,medium,M,306.465,325.354,1632.494,90.0,41.325,2026-02-01T10:22:30
MCH-M-04,medium,M,306.335,324.969,1655.369,90.0,41.397,2026-02-01T10:22:40
MCH-M-04,medium,M,306.035,324.539,1660.301,90.0,41.526,2026-02-01T10:22:50
MCH-M-04,medium,M,306.013,324.026,1674.788,90.0,41.657,2026-02-01T10:23:00
MCH-M-04,medium,M,305.849,323.574,1678.039,90.0,41.825,2026-02-01T10:23:10
MCH-M-04,medium,M,305.644,323.379,1694.45,90.0,41.909,2026-02-01T10:23:20
MCH-M-04,medium,M,305.648,322.953,1714.76,90.0,41.988,2026-02-01T10:23:30
MCH-M-04,medium,M,305.322,322.587,1732.724,90.0,42.102,2026-02-01T10:23:40
MCH-M-04,medium,M,305.113,322.351,1751.514,90.0,42.148,2026-02-01T10:23:50
MCH-M-04,medium,M,304.858,322.027,1759.317,90.0,42.192,2026-02-01T10:24:00
MCH-M-04,medium,M,304.68,321.881,1773.23,90.0,42.366,2026-02-01T10:24:10
MCH-M-04,medium,M,304.483,321.58,1786.19,90.0,42.509,2026-02-01T10:24:20
MCH-M-04,medium,M,304.333,321.438,1812.728,90.0,42.617,2026-02-01T10:24:30
MCH-M-04,medium,M,304.292,321.105,1818.453,90.0,42.759,2026-02-01T10:24:40
MCH-M-04,medium,M,304.234,320.877,1819.743,90.0,42.914,2026-02-01T10:24:50
MCH-M-04,medium,M,304.104,320.794,1850.725,90.0,43.02,2026-02-01T10:25:00
MCH-M-04,medium,M,303.915,320.532,1870.216,90.0,43.025,2026-02-01T10:25:10
MCH-M-04,medium,M,303.933,320.485,1878.161,90.0,43.138,2026-02-01T10:25:20
MCH-M-04,medium,M,303.724,320.257,1897.759,90.0,43.301,2026-02-01T10:25:30
MCH-M-04,medium,M,303.45,320.054,1900.0,90.0,43.396,2026-02-01T10:25:40
MCH-M-04,medium,M,303.327,319.966,1900.0,90.0,43.475,2026-02-01T10:25:50
MCH-M-04,medium,M,303.18,319.935,1900.0,90.0,43.589,2026-02-01T10:26:00
MCH-M-04,medium,M,303.208,319.851,1900.0,90.0,43.683,2026-02-01T10:26:10
MCH-M-04,medium,M,303.156,319.997,1900.0,90.0,43.796,2026-02-01T10:26:20
MCH-M-04,medium,M,302.991,319.996,1900.0,90.0,43.896,2026-02-01T10:26:30
MCH-M-04,medium,M,302.969,319.749,1900.0,90.0,43.98,2026-02-01T10:26:40
MCH-M-04,medium,M,302.857,319.59,1900.0,90.0,44.08,2026-02-01T10:26:50
MCH-M-04,medium,M,302.889,319.588,1900.0,90.0,44.219,2026-02-01T10:27:00
MCH-M-04,medium,M,302.938,319.374,1900.0,90.0,44.329,2026-02-01T10:27:10
MCH-M-04,medium,M,302.891,319.145,1900.0,90.0,44.447,2026-02-01T10:27:20
MCH-M-04,medium,M,302.837,319.31,1900.0,90.0,44.581,2026-02-01T10:27:30
MCH-M-04,medium,M,302.955,319.279,1900.0,90.0,44.723,2026-02-01T10:27:40
MCH-M-04,medium,M,303.017,319.074,1900.0,90.0,44.852,2026-02-01T10:27:50
MCH-M-04,medium,M,303.217,319.086,1900.0,90.0,44.967,2026-02-01T10:28:00
MCH-M-04,medium,M,303.388,319.181,1900.0,90.0,45.071,2026-02-01T10:28:10
MCH-M-04,medium,M,303.471,319.32,1900.0,90.0,45.22,2026-02-01T10:28:20
MCH-M-04,medium,M,303.332,319.476,1900.0,90.0,45.273,2026-02-01T10:28:30
MCH-M-04,medium,M,303.521,319.857,1900.0,90.0,45.376,2026-02-01T10:28:40
MCH-M-04,medium,M,303.49,320.052,1900.0,90.0,45.513,2026-02-01T10:28:50
MCH-M-04,medium,M,303.655,320.22,1900.0,90.0,45.61,2026-02-01T10:29:00
MCH-M-04,medium,M,303.767,320.387,1900.0,90.0,45.707,2026-02-01T10:29:10
MCH-M-04,medium,M,303.88,320.511,1900.0,90.0,45.773,2026-02-01T10:29:20
MCH-M-04,medium,M,304.061,320.666,1900.0,90.0,45.876,2026-02-01T10:29:30
MCH-M-04,medium,M,304.178,320.975,1900.0,90.0,45.976,2026-02-01T10:29:40
MCH-M-04,medium,M,304.264,321.228,1900.0,90.0,46.054,2026-02-01T10:29:50
MCH-M-04,medium,M,304.511,321.375,1900.0,90.0,46.157,2026-02-01T10:30:00
MCH-M-04,medium,M,304.662,321.809,1900.0,90.0,46.318,2026-02-01T10:30:10
MCH-M-04,medium,M,305.115,321.949,1900.0,89.851,46.441,2026-02-01T10:30:20
MCH-M-04,medium,M,305.488,322.25,1900.0,89.009,46.565,2026-02-01T10:30:30
MCH-M-04,medium,M,305.876,322.356,1900.0,87.959,46.689,2026-02-01T10:30:40
MCH-M-04,medium,M,306.086,322.753,1900.0,86.749,46.847,2026-02-01T10:30:50
MCH-M-04,medium,M,306.323,323.105,1900.0,85.696,46.931,2026-02-01T10:31:00
MCH-M-04,medium,M,306.81,323.439,1900.0,84.628,47.048,2026-02-01T10:31:10
MCH-M-04,medium,M,307.05,323.758,1900.0,83.962,47.197,2026-02-01T10:31:20
MCH-M-04,medium,M,307.361,324.128,1900.0,83.244,47.308,2026-02-01T10:31:30
MCH-M-04,medium,M,307.818,324.371,1900.0,82.245,47.422,2026-02-01T10:31:40
MCH-M-04,medium,M,308.135,324.823,1900.0,81.073,47.569,2026-02-01T10:31:50
MCH-M-04,medium,M,308.509,325.298,1900.0,80.171,47.682,2026-02-01T10:32:00
MCH-M-04,medium,M,308.646,325.606,1900.0,78.752,47.79,2026-02-01T10:32:10
MCH-M-04,medium,M,308.961,325.89,1900.0,78.072,47.879,2026-02-01T10:32:20
MCH-M-04,medium,M,309.393,326.304,1900.0,76.519,47.961,2026-02-01T10:32:30
MCH-M-04,medium,M,309.501,326.497,1900.0,75.76,48.086,2026-02-01T10:32:40
MCH-M-04,medium,M,309.801,326.856,1900.0,75.206,48.19,2026-02-01T10:32:50
MCH-M-04,medium,M,310.107,327.347,1900.0,73.921,48.285,2026-02-01T10:33:00
MCH-M-04,medium,M,310.385,327.791,1900.0,72.929,48.428,2026-02-01T10:33:10
MCH-M-04,medium,M,310.889,328.301,1900.0,71.72,48.52,2026-02-01T10:33:20
MCH-M-04,medium,M,311.209,328.846,1900.0,70.803,48.582,2026-02-01T10:33:30
MCH-M-04,medium,M,311.642,329.543,1900.0,69.869,48.691,2026-02-01T10:33:40
MCH-M-04,medium,M,312.006,329.948,1900.0,68.626,48.851,2026-02-01T10:33:50
MCH-M-04,medium,M,312.441,330.723,1900.0,68.202,48.99,2026-02-01T10:34:00
MCH-M-04,medium,M,312.81,331.236,1900.0,67.412,49.073,2026-02-01T10:34:10
MCH-M-04,medium,M,313.25,331.489,1900.0,66.836,49.211,2026-02-01T10:34:20
MCH-M-04,medium,M,313.636,332.004,1900.0,65.943,49.331,2026-02-01T10:34:30
MCH-M-04,medium,M,313.945,332.567,1900.0,64.865,49.449,2026-02-01T10:34:40
MCH-M-04,medium,M,314.182,333.142,1900.0,64.206,49.544,2026-02-01T10:34:50
MCH-M-04,medium,M,314.543,333.628,1900.0,63.724,49.657,2026-02-01T10:35:00
MCH-M-04,medium,M,314.915,334.312,1900.0,62.921,49.756,2026-02-01T10:35:10
MCH-M-04,medium,M,315.404,334.792,1900.0,61.928,49.877,2026-02-01T10:35:20
MCH-M-04,medium,M,315.703,335.28,1900.0,61.818,49.911,2026-02-01T10:35:30
MCH-M-04,medium,M,316.212,335.857,1900.0,60.918,50.01,2026-02-01T10:35:40
MCH-M-04,medium,M,316.734,336.264,1900.0,60.493,50.133,2026-02-01T10:35:50
MCH-M-04,medium,M,317.073,336.977,1900.0,59.249,50.304,2026-02-01T10:36:00
MCH-M-04,medium,M,317.617,337.568,1900.0,59.191,50.454,2026-02-01T10:36:10
MCH-M-04,medium,M,318.021,338.04,1900.0,58.303,50.56,2026-02-01T10:36:20
MCH-M-04,medium,M,318.407,338.331,1900.0,57.361,50.641,2026-02-01T10:36:30
MCH-M-04,medium,M,318.916,338.814,1900.0,56.717,50.703,2026-02-01T10:36:40
MCH-M-04,medium,M,319.211,339.253,1900.0,56.661,50.813,2026-02-01T10:36:50
MCH-M-04,medium,M,319.773,339.77,1900.0,55.935,50.909,2026-02-01T10:37:00
MCH-M-04,medium,M,320.0,340.0,1900.0,55.468,51.026,2026-02-01T10:37:10
MCH-M-04,medium,M,320.0,340.0,1900.0,54.86,51.156,2026-02-01T10:37:20
MCH-M-04,medium,M,320.0,340.0,1900.0,54.732,51.247,2026-02-01T10:37:30
MCH-M-04,medium,M,320.0,340.0,1900.0,54.252,51.327,2026-02-01T10:37:40
MCH-M-04,medium,M,320.0,340.0,1900.0,53.945,51.436,2026-02-01T10:37:50
MCH-M-04,medium,M,320.0,340.0,1900.0,53.483,51.546,2026-02-01T10:38:00
MCH-M-04,medium,M,320.0,340.0,1900.0,53.289,51.648,2026-02-01T10:38:10
MCH-M-04,medium,M,320.0,340.0,1900.0,53.248,51.734,2026-02-01T10:38:20
MCH-M-04,medium,M,320.0,340.0,1900.0,52.464,51.846,2026-02-01T10:38:30
MCH-M-04,medium,M,320.0,340.0,1900.0,52.254,51.972,2026-02-01T10:38:40
MCH-M-04,medium,M,320.0,340.0,1900.0,52.116,52.06,2026-02-01T10:38:50
MCH-M-04,medium,M,320.0,340.0,1900.0,51.746,52.165,2026-02-01T10:39:00
MCH-M-04,medium,M,320.0,340.0,1900.0,51.336,52.303,2026-02-01T10:39:10
MCH-M-04,medium,M,320.0,340.0,1900.0,51.134,52.377,2026-02-01T10:39:20
MCH-M-04,medium,M,320.0,340.0,1900.0,50.517,52.489,2026-02-01T10:39:30
MCH-M-04,medium,M,320.0,340.0,1900.0,50.667,52.543,2026-02-01T10:39:40
MCH-M-04,medium,M,320.0,340.0,1900.0,51.051,52.645,2026-02-01T10:39:50
MCH-M-04,medium,M,320.0,340.0,1900.0,51.244,52.73,2026-02-01T10:40:00
MCH-M-04,medium,M,320.0,340.0,1900.0,50.976,52.852,2026-02-01T10:40:10
MCH-M-04,medium,M,320.0,340.0,1900.0,50.843,52.986,2026-02-01T10:40:20
MCH-M-04,medium,M,320.0,340.0,1900.0,50.395,53.112,2026-02-01T10:40:30
MCH-M-04,medium,M,320.0,340.0,1900.0,49.864,53.187,2026-02-01T10:40:40
MCH-M-04,medium,M,320.0,340.0,1900.0,49.521,53.283,2026-02-01T10:40:50
MCH-M-04,medium,M,320.0,340.0,1900.0,49.513,53.397,2026-02-01T10:41:00
MCH-M-04,medium,M,320.0,340.0,1900.0,49.742,53.524,2026-02-01T10:41:10
MCH-M-04,medium,M,320.0,340.0,1900.0,49.747,53.636,2026-02-01T10:41:20
MCH-M-04,medium,M,320.0,340.0,1900.0,49.629,53.745,2026-02-01T10:41:30
MCH-M-04,medium,M,320.0,340.0,1900.0,48.661,53.837,2026-02-01T10:41:40
MCH-M-04,medium,M,320.0,340.0,1900.0,48.939,53.976,2026-02-01T10:41:50
MCH-M-04,medium,M,320.0,340.0,1900.0,49.543,54.105,2026-02-01T10:42:00
MCH-M-04,medium,M,320.0,340.0,1900.0,49.279,54.251,2026-02-01T10:42:10
MCH-M-04,medium,M,320.0,340.0,1900.0,49.401,54.378,2026-02-01T10:42:20
MCH-M-04,medium,M,320.0,340.0,1900.0,49.254,54.477,2026-02-01T10:42:30
MCH-M-04,medium,M,320.0,340.0,1900.0,48.797,54.595,2026-02-01T10:42:40
MCH-M-04,medium,M,320.0,340.0,1900.0,48.91,54.713,2026-02-01T10:42:50
MCH-M-04,medium,M,320.0,340.0,1900.0,48.948,54.823,2026-02-01T10:43:00
MCH-M-04,medium,M,320.0,340.0,1900.0,49.342,54.912,2026-02-01T10:43:10
MCH-M-04,medium,M,320.0,340.0,1900.0,49.105,55.064,2026-02-01T10:43:20
MCH-M-04,medium,M,320.0,340.0,1900.0,49.37,55.15,2026-02-01T10:43:30
MCH-M-04,medium,M,320.0,340.0,1900.0,49.884,55.267,2026-02-01T10:43:40
MCH-M-04,medium,M,320.0,340.0,1900.0,49.928,55.4,2026-02-01T10:43:50
MCH-M-04,medium,M,320.0,340.0,1900.0,49.99,55.504,2026-02-01T10:44:00
MCH-M-04,medium,M,320.0,340.0,1900.0,49.811,55.562,2026-02-01T10:44:10
MCH-M-04,medium,M,320.0,340.0,1900.0,49.892,55.608,2026-02-01T10:44:20
MCH-M-04,medium,M,320.0,340.0,1900.0,49.885,55.724,2026-02-01T10:44:30
MCH-M-04,medium,M,320.0,340.0,1900.0,49.743,55.825,2026-02-01T10:44:40
MCH-M-04,medium,M,320.0,340.0,1900.0,50.336,55.971,2026-02-01T10:44:50
MCH-M-04,medium,M,320.0,340.0,1900.0,50.48,56.084,2026-02-01T10:45:00
MCH-M-04,medium,M,320.0,340.0,1900.0,50.437,56.199,2026-02-01T10:45:10
MCH-M-04,medium,M,320.0,340.0,1900.0,50.497,56.337,2026-02-01T10:45:20
MCH-M-04,medium,M,320.0,340.0,1900.0,50.397,56.438,2026-02-01T10:45:30
MCH-M-04,medium,M,320.0,340.0,1900.0,50.961,56.503,2026-02-01T10:45:40
MCH-M-04,medium,M,320.0,340.0,1900.0,51.108,56.629,2026-02-01T10:45:50
MCH-M-04,medium,M,320.0,340.0,1900.0,51.551,56.765,2026-02-01T10:46:00
MCH-M-04,medium,M,320.0,340.0,1900.0,51.96,56.917,2026-02-01T10:46:10
MCH-M-04,medium,M,320.0,340.0,1900.0,52.092,57.066,2026-02-01T10:46:20
MCH-M-04,medium,M,320.0,340.0,1900.0,52.342,57.17,2026-02-01T10:46:30
MCH-M-04,medium,M,320.0,340.0,1900.0,52.388,57.267,2026-02-01T10:46:40
MCH-M-04,medium,M,320.0,340.0,1900.0,53.006,57.419,2026-02-01T10:46:50
MCH-M-04,medium,M,320.0,340.0,1900.0,53.502,57.524,2026-02-01T10:47:00
MCH-M-04,medium,M,320.0,340.0,1900.0,53.803,57.667,2026-02-01T10:47:10
MCH-M-04,medium,M,320.0,340.0,1900.0,53.846,57.809,2026-02-01T10:47:20
MCH-M-04,medium,M,320.0,340.0,1900.0,53.963,57.906,2026-02-01T10:47:30
MCH-M-04,medium,M,320.0,340.0,1900.0,54.11,58.007,2026-02-01T10:47:40
MCH-M-04,medium,M,320.0,340.0,1900.0,54.435,58.064,2026-02-01T10:47:50
MCH-M-04,medium,M,320.0,340.0,1900.0,55.322,58.159,2026-02-01T10:48:00
MCH-M-04,medium,M,320.0,340.0,1900.0,55.981,58.312,2026-02-01T10:48:10
MCH-M-04,medium,M,320.0,340.0,1900.0,56.542,58.421,2026-02-01T10:48:20
MCH-M-04,medium,M,320.0,340.0,1900.0,57.078,58.585,2026-02-01T10:48:30
MCH-M-04,medium,M,320.0,340.0,1900.0,57.374,58.722,2026-02-01T10:48:40
MCH-M-04,medium,M,320.0,340.0,1900.0,58.215,58.84,2026-02-01T10:48:50
MCH-M-04,medium,M,320.0,340.0,1900.0,61.063,58.996,2026-02-01T10:49:00
MCH-M-04,medium,M,320.0,340.0,1900.0,61.107,59.094,2026-02-01T10:49:10
MCH-M-04,medium,M,320.0,340.0,1900.0,61.541,59.181,2026-02-01T10:49:20
MCH-M-04,medium,M,320.0,340.0,1900.0,62.206,59.297,2026-02-01T10:49:30
MCH-M-04,medium,M,320.0,340.0,1900.0,62.278,59.414,2026-02-01T10:49:40
MCH-M-04,medium,M,320.0,340.0,1900.0,63.142,59.518,2026-02-01T10:49:50
MCH-M-04,medium,M,320.0,340.0,1900.0,63.548,59.6,2026-02-01T10:50:00
MCH-M-04,medium,M,320.0,340.0,1900.0,64.002,59.679,2026-02-01T10:50:10
MCH-M-04,medium,M,320.0,340.0,1900.0,64.558,59.784,2026-02-01T10:50:20
MCH-M-04,medium,M,320.0,340.0,1900.0,64.984,59.866,2026-02-01T10:50:30
MCH-M-04,medium,M,320.0,340.0,1900.0,65.624,59.979,2026-02-01T10:50:40
MCH-M-04,medium,M,320.0,340.0,1900.0,66.096,60.106,2026-02-01T10:50:50
MCH-M-04,medium,M,320.0,340.0,1900.0,66.451,60.218,2026-02-01T10:51:00
MCH-M-04,medium,M,320.0,340.0,1900.0,67.055,60.313,2026-02-01T10:51:10
MCH-M-04,medium,M,320.0,340.0,1900.0,67.765,60.416,2026-02-01T10:51:20
MCH-M-04,medium,M,320.0,340.0,1900.0,68.96,60.583,2026-02-01T10:51:30
MCH-M-04,medium,M,320.0,340.0,1900.0,69.457,60.732,2026-02-01T10:51:40
MCH-M-04,medium,M,320.0,340.0,1900.0,70.355,60.829,2026-02-01T10:51:50
MCH-M-04,medium,M,320.0,339.744,1900.0,71.015,60.94,2026-02-01T10:52:00
MCH-M-04,medium,M,320.0,339.558,1900.0,71.932,61.055,2026-02-01T10:52:10
MCH-M-04,medium,M,320.0,339.023,1900.0,72.931,61.168,2026-02-01T10:52:20
MCH-M-04,medium,M,320.0,338.457,1900.0,73.556,61.274,2026-02-01T10:52:30
MCH-M-04,medium,M,320.0,338.011,1900.0,74.485,61.429,2026-02-01T10:52:40
MCH-M-04,medium,M,320.0,337.578,1900.0,75.451,61.53,2026-02-01T10:52:50
MCH-M-04,medium,M,320.0,337.043,1900.0,76.496,61.599,2026-02-01T10:53:00
MCH-M-04,medium,M,320.0,336.497,1900.0,77.714,61.736,2026-02-01T10:53:10
MCH-M-04,medium,M,320.0,335.851,1900.0,78.923,61.827,2026-02-01T10:53:20
MCH-M-04,medium,M,320.0,335.286,1900.0,79.64,61.993,2026-02-01T10:53:30
MCH-M-04,medium,M,320.0,334.933,1900.0,80.685,62.075,2026-02-01T10:53:40
MCH-M-04,medium,M,320.0,334.374,1900.0,81.435,62.208,2026-02-01T10:53:50
MCH-M-04,medium,M,320.0,334.109,1900.0,82.498,62.289,2026-02-01T10:54:00
MCH-M-04,medium,M,320.0,333.78,1900.0,83.223,62.396,2026-02-01T10:54:10
MCH-M-04,medium,M,320.0,333.339,1900.0,84.638,62.503,2026-02-01T10:54:20
MCH-M-04,medium,M,320.0,332.78,1900.0,85.575,62.625,2026-02-01T10:54:30
MCH-M-04,medium,M,320.0,332.382,1900.0,86.579,62.798,2026-02-01T10:54:40
MCH-M-04,medium,M,320.0,332.017,1900.0,87.438,62.932,2026-02-01T10:54:50
MCH-M-04,medium,M,320.0,331.659,1900.0,88.143,63.007,2026-02-01T10:55:00
MCH-M-04,medium,M,320.0,331.159,1900.0,89.348,63.15,2026-02-01T10:55:10
MCH-M-04,medium,M,320.0,330.675,1900.0,90.0,63.246,2026-02-01T10:55:20
MCH-M-04,medium,M,320.0,330.351,1900.0,90.0,63.376,2026-02-01T10:55:30
MCH-M-04,medium,M,320.0,329.998,1900.0,90.0,63.497,2026-02-01T10:55:40
MCH-M-04,medium,M,320.0,329.748,1900.0,90.0,63.595,2026-02-01T10:55:50
MCH-M-04,medium,M,320.0,329.654,1900.0,90.0,63.67,2026-02-01T10:56:00
MCH-M-04,medium,M,320.0,329.24,1900.0,90.0,63.732,2026-02-01T10:56:10
MCH-M-04,medium,M,320.0,328.947,1900.0,90.0,63.857,2026-02-01T10:56:20
MCH-M-04,medium,M,319.615,328.783,1900.0,90.0,63.977,2026-02-01T10:56:30
MCH-M-04,medium,M,319.044,328.495,1900.0,90.0,64.089,2026-02-01T10:56:40
MCH-M-04,medium,M,318.542,328.099,1900.0,90.0,64.187,2026-02-01T10:56:50
MCH-M-04,medium,M,318.143,327.957,1900.0,90.0,64.252,2026-02-01T10:57:00
MCH-M-04,medium,M,317.718,327.674,1900.0,90.0,64.351,2026-02-01T10:57:10
MCH-M-04,medium,M,317.242,327.213,1900.0,90.0,64.42,2026-02-01T10:57:20
MCH-M-04,medium,M,316.98,326.933,1900.0,90.0,64.545,2026-02-01T10:57:30
MCH-M-04,medium,M,316.714,326.906,1900.0,90.0,64.618,2026-02-01T10:57:40
MCH-M-04,medium,M,316.309,326.661,1900.0,90.0,64.748,2026-02-01T10:57:50
MCH-M-04,medium,M,316.021,326.355,1900.0,90.0,64.888,2026-02-01T10:58:00
MCH-M-04,medium,M,315.595,326.124,1900.0,90.0,64.989,2026-02-01T10:58:10
MCH-M-04,medium,M,315.356,326.105,1900.0,90.0,65.047,2026-02-01T10:58:20
MCH-M-04,medium,M,314.962,325.73,1900.0,90.0,65.134,2026-02-01T10:58:30
MCH-M-04,medium,M,314.614,325.457,1900.0,90.0,65.229,2026-02-01T10:58:40
MCH-M-04,medium,M,314.203,325.261,1900.0,90.0,65.325,2026-02-01T10:58:50
MCH-M-04,medium,M,313.82,325.074,1900.0,90.0,65.46,2026-02-01T10:59:00
MCH-M-04,medium,M,313.376,325.187,1900.0,90.0,65.518,2026-02-01T10:59:10
MCH-M-04,medium,M,312.798,324.951,1900.0,90.0,65.592,2026-02-01T10:59:20
MCH-M-04,medium,M,312.404,324.569,1900.0,90.0,65.692,2026-02-01T10:59:30
MCH-M-04,medium,M,311.937,324.679,1900.0,90.0,65.784,2026-02-01T10:59:40
MCH-M-04,medium,M,311.479,324.763,1900.0,90.0,65.893,2026-02-01T10:59:50
MCH-M-04,medium,M,311.269,324.742,1900.0,90.0,65.972,2026-02-01T11:00:00
MCH-M-04,medium,M,310.978,324.652,1900.0,90.0,66.097,2026-02-01T11:00:10
MCH-M-04,medium,M,310.65,324.73,1900.0,90.0,66.167,2026-02-01T11:00:20
MCH-M-04,medium,M,310.28,324.815,1900.0,90.0,66.332,2026-02-01T11:00:30
MCH-M-04,medium,M,310.122,324.889,1900.0,90.0,66.455,2026-02-01T11:00:40
MCH-M-04,medium,M,309.969,324.894,1900.0,90.0,66.554,2026-02-01T11:00:50
MCH-M-04,medium,M,309.833,325.073,1900.0,90.0,66.638,2026-02-01T11:01:00
MCH-M-04,medium,M,309.564,325.166,1900.0,90.0,66.732,2026-02-01T11:01:10
MCH-M-04,medium,M,309.533,325.284,1900.0,90.0,66.825,2026-02-01T11:01:20
MCH-M-04,medium,M,309.178,325.232,1900.0,90.0,66.943,2026-02-01T11:01:30
MCH-M-04,medium,M,308.808,325.25,1900.0,90.0,67.045,2026-02-01T11:01:40
MCH-M-04,medium,M,308.592,325.449,1900.0,90.0,67.116,2026-02-01T11:01:50
MCH-M-04,medium,M,308.301,325.308,1900.0,90.0,67.241,2026-02-01T11:02:00
MCH-M-04,medium,M,308.028,325.609,1900.0,90.0,67.358,2026-02-01T11:02:10
MCH-M-04,medium,M,307.828,325.744,1900.0,90.0,67.432,2026-02-01T11:02:20
MCH-M-04,medium,M,307.899,325.84,1900.0,90.0,67.546,2026-02-01T11:02:30
MCH-M-04,medium,M,307.641,325.852,1900.0,90.0,67.625,2026-02-01T11:02:40
MCH-M-04,medium,M,307.503,326.099,1900.0,90.0,67.748,2026-02-01T11:02:50
MCH-M-04,medium,M,307.513,326.365,1900.0,90.0,67.849,2026-02-01T11:03:00
MCH-M-04,medium,M,307.557,326.964,1900.0,90.0,67.919,2026-02-01T11:03:10
MCH-M-04,medium,M,307.621,327.086,1900.0,90.0,68.021,2026-02-01T11:03:20
MCH-M-04,medium,M,307.656,327.515,1900.0,90.0,68.147,2026-02-01T11:03:30
MCH-M-04,medium,M,307.526,327.477,1900.0,90.0,68.261,2026-02-01T11:03:40
MCH-M-04,medium,M,307.401,327.921,1900.0,90.0,68.387,2026-02-01T11:03:50
MCH-M-04,medium,M,307.224,328.371,1900.0,90.0,68.455,2026-02-01T11:04:00
MCH-M-04,medium,M,307.395,328.819,1900.0,90.0,68.573,2026-02-01T11:04:10
MCH-M-04,medium,M,307.395,329.226,1900.0,90.0,68.722,2026-02-01T11:04:20
MCH-M-04,medium,M,307.307,329.646,1900.0,90.0,68.805,2026-02-01T11:04:30
MCH-M-04,medium,M,307.395,329.87,1900.0,90.0,68.911,2026-02-01T11:04:40
MCH-M-04,medium,M,307.265,330.265,1900.0,90.0,69.034,2026-02-01T11:04:50
MCH-M-04,medium,M,307.356,330.674,1900.0,90.0,69.146,2026-02-01T11:05:00
MCH-M-04,medium,M,307.16,331.039,1900.0,90.0,69.267,2026-02-01T11:05:10
MCH-M-04,medium,M,307.11,331.491,1900.0,90.0,69.375,2026-02-01T11:05:20
MCH-M-04,medium,M,307.168,331.809,1900.0,90.0,69.465,2026-02-01T11:05:30
MCH-M-04,medium,M,307.314,332.112,1900.0,90.0,69.585,2026-02-01T11:05:40
MCH-M-04,medium,M,307.363,332.475,1900.0,90.0,69.714,2026-02-01T11:05:50
MCH-M-04,medium,M,307.304,333.151,1900.0,90.0,69.855,2026-02-01T11:06:00
MCH-M-04,medium,M,307.306,333.393,1900.0,90.0,69.967,2026-02-01T11:06:10
MCH-M-04,medium,M,307.439,334.097,1900.0,90.0,70.085,2026-02-01T11:06:20
MCH-M-04,medium,M,307.772,334.59,1900.0,90.0,70.217,2026-02-01T11:06:30
MCH-M-04,medium,M,307.91,335.026,1900.0,90.0,70.351,2026-02-01T11:06:40
MCH-M-04,medium,M,307.962,335.613,1900.0,90.0,70.475,2026-02-01T11:06:50
MCH-M-04,medium,M,308.115,336.246,1900.0,90.0,70.56,2026-02-01T11:07:00
MCH-M-04,medium,M,308.196,337.059,1900.0,90.0,70.715,2026-02-01T11:07:10
MCH-M-04,medium,M,308.266,337.575,1900.0,90.0,70.84,2026-02-01T11:07:20
MCH-M-04,medium,M,308.31,338.001,1900.0,90.0,70.926,2026-02-01T11:07:30
MCH-M-04,medium,M,308.403,338.557,1900.0,90.0,70.989,2026-02-01T11:07:40
MCH-M-04,medium,M,308.616,339.041,1900.0,90.0,71.069,2026-02-01T11:07:50
MCH-M-04,medium,M,308.735,339.477,1900.0,90.0,71.144,2026-02-01T11:08:00
MCH-M-04,medium,M,308.771,340.0,1900.0,90.0,71.263,2026-02-01T11:08:10
MCH-M-04,medium,M,309.193,340.0,1900.0,90.0,71.393,2026-02-01T11:08:20
MCH-M-04,medium,M,309.374,340.0,1900.0,90.0,71.533,2026-02-01T11:08:30
MCH-M-04,medium,M,309.691,340.0,1900.0,90.0,71.615,2026-02-01T11:08:40
MCH-M-04,medium,M,310.083,340.0,1900.0,90.0,71.724,2026-02-01T11:08:50
MCH-M-04,medium,M,310.115,340.0,1900.0,90.0,71.822,2026-02-01T11:09:00
MCH-M-04,medium,M,310.218,340.0,1900.0,90.0,71.921,2026-02-01T11:09:10
MCH-M-04,medium,M,310.514,340.0,1900.0,90.0,72.033,2026-02-01T11:09:20
MCH-M-04,medium,M,310.587,340.0,1900.0,90.0,72.133,2026-02-01T11:09:30
MCH-M-04,medium,M,310.809,340.0,1900.0,90.0,72.264,2026-02-01T11:09:40
MCH-M-04,medium,M,310.905,340.0,1900.0,90.0,72.398,2026-02-01T11:09:50
MCH-M-04,medium,M,311.262,340.0,1900.0,90.0,72.567,2026-02-01T11:10:00
MCH-M-04,medium,M,311.487,340.0,1900.0,90.0,72.708,2026-02-01T11:10:10
MCH-M-04,medium,M,311.768,340.0,1900.0,90.0,72.794,2026-02-01T11:10:20
MCH-M-04,medium,M,311.969,340.0,1900.0,90.0,72.941,2026-02-01T11:10:30
MCH-M-04,medium,M,312.152,340.0,1900.0,90.0,73.059,2026-02-01T11:10:40
MCH-M-04,medium,M,312.427,340.0,1900.0,90.0,73.216,2026-02-01T11:10:50
MCH-M-04,medium,M,312.652,340.0,1900.0,90.0,73.342,2026-02-01T11:11:00
MCH-M-04,medium,M,312.846,340.0,1900.0,90.0,73.413,2026-02-01T11:11:10
MCH-M-04,medium,M,312.953,340.0,1888.7,90.0,73.522,2026-02-01T11:11:20
MCH-M-04,medium,M,313.191,340.0,1866.109,90.0,73.604,2026-02-01T11:11:30
MCH-M-04,medium,M,313.416,340.0,1849.839,90.0,73.703,2026-02-01T11:11:40
MCH-M-04,medium,M,313.659,340.0,1852.782,90.0,73.781,2026-02-01T11:11:50
MCH-M-04,medium,M,313.862,340.0,1851.474,90.0,73.855,2026-02-01T11:12:00
MCH-M-04,medium,M,314.133,340.0,1831.418,90.0,73.996,2026-02-01T11:12:10
MCH-M-04,medium,M,314.332,340.0,1825.831,90.0,74.119,2026-02-01T11:12:20
MCH-M-04,medium,M,314.59,340.0,1807.886,90.0,74.272,2026-02-01T11:12:30
MCH-M-04,medium,M,314.889,340.0,1795.159,90.0,74.389,2026-02-01T11:12:40
MCH-M-04,medium,M,315.096,340.0,1790.974,90.0,74.498,2026-02-01T11:12:50
MCH-M-04,medium,M,315.222,340.0,1781.988,90.0,74.622,2026-02-01T11:13:00
MCH-M-04,medium,M,315.246,340.0,1764.723,90.0,74.724,2026-02-01T11:13:10
MCH-M-04,medium,M,315.597,340.0,1757.184,90.0,74.819,2026-02-01T11:13:20
MCH-M-04,medium,M,315.838,340.0,1756.327,90.0,74.908,2026-02-01T11:13:30
MCH-M-04,medium,M,316.133,340.0,1761.031,90.0,75.023,2026-02-01T11:13:40
MCH-M-04,medium,M,316.429,340.0,1745.305,90.0,75.127,2026-02-01T11:13:50
MCH-M-04,medium,M,316.495,340.0,1745.808,90.0,75.193,2026-02-01T11:14:00
MCH-M-04,medium,M,316.626,340.0,1728.008,90.0,75.315,2026-02-01T11:14:10
MCH-M-04,medium,M,316.708,340.0,1721.605,90.0,75.385,2026-02-01T11:14:20
MCH-M-04,medium,M,316.899,340.0,1723.295,90.0,75.527,2026-02-01T11:14:30
MCH-M-04,medium,M,316.948,340.0,1705.735,90.0,75.617,2026-02-01T11:14:40
MCH-M-04,medium,M,317.226,340.0,1681.935,90.0,75.717,2026-02-01T11:14:50
MCH-M-04,medium,M,317.199,340.0,1693.533,90.0,75.82,2026-02-01T11:15:00
MCH-M-04,medium,M,317.433,340.0,1701.035,90.0,75.947,2026-02-01T11:15:10
MCH-M-04,medium,M,317.695,340.0,1689.341,90.0,76.032,2026-02-01T11:15:20
MCH-M-04,medium,M,317.912,340.0,1685.314,90.0,76.128,2026-02-01T11:15:30
MCH-M-04,medium,M,318.037,340.0,1688.364,90.0,76.236,2026-02-01T11:15:40
MCH-M-04,medium,M,318.285,340.0,1677.297,90.0,76.315,2026-02-01T11:15:50
MCH-M-04,medium,M,318.673,340.0,1671.995,90.0,76.387,2026-02-01T11:16:00
MCH-M-04,medium,M,318.838,340.0,1674.71,90.0,76.512,2026-02-01T11:16:10
MCH-M-04,medium,M,319.104,340.0,1672.29,90.0,76.657,2026-02-01T11:16:20
MCH-M-04,medium,M,319.185,340.0,1684.607,90.0,76.788,2026-02-01T11:16:30
MCH-M-04,medium,M,319.508,340.0,1683.357,90.0,76.895,2026-02-01T11:16:40
MCH-M-04,medium,M,319.691,340.0,1686.368,90.0,76.983,2026-02-01T11:16:50
MCH-M-04,medium,M,319.771,340.0,1679.342,90.0,77.058,2026-02-01T11:17:00
MCH-M-04,medium,M,319.938,340.0,1681.911,90.0,77.17,2026-02-01T11:17:10
MCH-M-04,medium,M,320.0,340.0,1684.645,90.0,77.301,2026-02-01T11:17:20
MCH-M-04,medium,M,320.0,340.0,1693.004,90.0,77.414,2026-02-01T11:17:30
MCH-M-04,medium,M,320.0,340.0,1700.298,90.0,77.568,2026-02-01T11:17:40
MCH-M-04,medium,M,320.0,340.0,1695.433,90.0,77.691,2026-02-01T11:17:50
MCH-M-04,medium,M,320.0,340.0,1688.758,90.0,77.774,2026-02-01T11:18:00
MCH-M-04,medium,M,320.0,340.0,1669.908,90.0,77.914,2026-02-01T11:18:10
MCH-M-04,medium,M,320.0,340.0,1679.084,90.0,78.037,2026-02-01T11:18:20
MCH-M-04,medium,M,320.0,340.0,1687.655,90.0,78.176,2026-02-01T11:18:30
MCH-M-04,medium,M,320.0,340.0,1688.263,90.0,78.263,2026-02-01T11:18:40
MCH-M-04,medium,M,320.0,340.0,1693.263,90.0,78.378,2026-02-01T11:18:50
MCH-M-04,medium,M,320.0,340.0,1702.193,90.0,78.47,2026-02-01T11:19:00
MCH-M-04,medium,M,320.0,340.0,1693.477,90.0,78.556,2026-02-01T11:19:10
MCH-M-04,medium,M,320.0,340.0,1713.853,90.0,78.707,2026-02-01T11:19:20
MCH-M-04,medium,M,320.0,340.0,1718.549,90.0,78.769,2026-02-01T11:19:30
MCH-M-04,medium,M,320.0,340.0,1713.123,90.0,78.855,2026-02-01T11:19:40
MCH-M-04,medium,M,320.0,340.0,1728.397,90.0,78.963,2026-02-01T11:19:50
MCH-M-04,medium,M,320.0,340.0,1740.395,90.0,79.067,2026-02-01T11:20:00
MCH-M-04,medium,M,320.0,340.0,1743.645,90.0,79.171,2026-02-01T11:20:10
MCH-M-04,medium,M,320.0,340.0,1756.046,90.0,79.294,2026-02-01T11:20:20
MCH-M-04,medium,M,320.0,340.0,1777.432,90.0,79.399,2026-02-01T11:20:30
MCH-M-04,medium,M,320.0,340.0,1800.443,90.0,79.556,2026-02-01T11:20:40
MCH-M-04,medium,M,320.0,340.0,1818.093,90.0,79.652,2026-02-01T11:20:50
MCH-M-04,medium,M,320.0,340.0,1830.308,90.0,79.806,2026-02-01T11:21:00
MCH-M-04,medium,M,320.0,340.0,1852.821,90.0,79.906,2026-02-01T11:21:10
MCH-M-04,medium,M,320.0,340.0,1862.5,90.0,80.0,2026-02-01T11:21:20
MCH-M-04,medium,M,320.0,340.0,1867.43,90.0,80.133,2026-02-01T11:21:30
MCH-M-04,medium,M,320.0,340.0,1882.755,90.0,80.251,2026-02-01T11:21:40
MCH-M-04,medium,M,320.0,340.0,1898.162,90.0,80.352,2026-02-01T11:21:50
MCH-M-04,medium,M,320.0,340.0,1900.0,90.0,80.469,2026-02-01T11:22:00
MCH-M-04,medium,M,320.0,340.0,1900.0,90.0,80.62,2026-02-01T11:22:10
MCH-M-04,medium,M,319.989,340.0,1900.0,90.0,80.676,2026-02-01T11:22:20
MCH-M-04,medium,M,319.89,340.0,1900.0,90.0,80.8,2026-02-01T11:22:30
MCH-M-04,medium,M,319.755,340.0,1900.0,90.0,80.912,2026-02-01T11:22:40
MCH-M-04,medium,M,319.509,340.0,1900.0,90.0,80.992,2026-02-01T11:22:50
MCH-M-04,medium,M,319.338,340.0,1900.0,90.0,81.114,2026-02-01T11:23:00
MCH-M-04,medium,M,319.063,340.0,1900.0,90.0,81.206,2026-02-01T11:23:10
MCH-M-04,medium,M,319.008,340.0,1900.0,90.0,81.323,2026-02-01T11:23:20
MCH-M-04,medium,M,318.941,340.0,1900.0,90.0,81.479,2026-02-01T11:23:30
MCH-M-04,medium,M,318.793,340.0,1900.0,90.0,81.587,2026-02-01T11:23:40
MCH-M-04,medium,M,318.571,340.0,1900.0,90.0,81.694,2026-02-01T11:23:50
MCH-M-04,medium,M,318.436,340.0,1900.0,90.0,81.772,2026-02-01T11:24:00
MCH-M-04,medium,M,318.257,340.0,1900.0,90.0,81.863,2026-02-01T11:24:10
MCH-M-04,medium,M,317.894,340.0,1900.0,90.0,81.976,2026-02-01T11:24:20
MCH-M-04,medium,M,317.583,340.0,1900.0,90.0,82.053,2026-02-01T11:24:30
MCH-M-04,medium,M,317.531,340.0,1900.0,90.0,82.163,2026-02-01T11:24:40
MCH-M-04,medium,M,317.246,340.0,1900.0,90.0,82.284,2026-02-01T11:24:50
MCH-M-04,medium,M,316.99,340.0,1900.0,90.0,82.43,2026-02-01T11:25:00
MCH-M-04,medium,M,316.74,340.0,1900.0,90.0,82.534,2026-02-01T11:25:10
MCH-M-04,medium,M,316.595,340.0,1900.0,90.0,82.658,2026-02-01T11:25:20
MCH-M-04,medium,M,316.404,340.0,1900.0,90.0,82.801,2026-02-01T11:25:30
MCH-M-04,medium,M,316.104,340.0,1900.0,90.0,82.99,2026-02-01T11:25:40
MCH-M-04,medium,M,315.878,340.0,1900.0,90.0,83.118,2026-02-01T11:25:50
MCH-M-04,medium,M,315.586,340.0,1900.0,90.0,83.234,2026-02-01T11:26:00
MCH-M-04,medium,M,315.423,340.0,1900.0,90.0,83.368,2026-02-01T11:26:10
MCH-M-04,medium,M,315.23,340.0,1900.0,90.0,83.49,2026-02-01T11:26:20
MCH-M-04,medium,M,315.153,340.0,1900.0,90.0,83.651,2026-02-01T11:26:30
MCH-M-04,medium,M,314.872,340.0,1900.0,90.0,83.735,2026-02-01T11:26:40
MCH-M-04,medium,M,314.692,340.0,1900.0,90.0,83.844,2026-02-01T11:26:50
MCH-M-04,medium,M,314.465,340.0,1900.0,90.0,83.907,2026-02-01T11:27:00
MCH-M-04,medium,M,314.164,340.0,1900.0,90.0,83.996,2026-02-01T11:27:10
MCH-M-04,medium,M,313.82,339.427,1900.0,90.0,84.152,2026-02-01T11:27:20
MCH-M-04,medium,M,313.645,338.971,1900.0,90.0,84.264,2026-02-01T11:27:30
MCH-M-04,medium,M,313.466,338.572,1900.0,90.0,84.321,2026-02-01T11:27:40
MCH-M-04,medium,M,313.069,338.1,1900.0,90.0,84.415,2026-02-01T11:27:50
MCH-M-04,medium,M,312.803,337.419,1900.0,90.0,84.538,2026-02-01T11:28:00
MCH-M-04,medium,M,312.685,336.848,1900.0,90.0,84.662,2026-02-01T11:28:10
MCH-M-04,medium,M,312.392,336.398,1900.0,90.0,84.773,2026-02-01T11:28:20
MCH-M-04,medium,M,312.138,336.092,1900.0,90.0,84.89,2026-02-01T11:28:30
MCH-M-04,medium,M,311.993,335.774,1900.0,90.0,85.017,2026-02-01T11:28:40
MCH-M-04,medium,M,311.629,335.211,1900.0,90.0,85.174,2026-02-01T11:28:50
MCH-M-04,medium,M,311.289,334.707,1900.0,90.0,85.305,2026-02-01T11:29:00
MCH-M-04,medium,M,311.014,334.383,1900.0,90.0,85.42,2026-02-01T11:29:10
MCH-M-04,medium,M,310.878,334.181,1900.0,90.0,85.517,2026-02-01T11:29:20
MCH-M-04,medium,M,310.915,334.076,1900.0,90.0,85.618,2026-02-01T11:29:30
MCH-M-04,medium,M,310.617,333.913,1900.0,90.0,85.701,2026-02-01T11:29:40
MCH-M-04,medium,M,310.402,333.534,1900.0,90.0,85.906,2026-02-01T11:29:50
MCH-M-04,medium,M,310.243,333.217,1900.0,90.0,86.032,2026-02-01T11:30:00
MCH-M-04,medium,M,309.999,332.949,1900.0,90.0,86.151,2026-02-01T11:30:10
MCH-M-04,medium,M,309.859,332.557,1900.0,90.0,86.271,2026-02-01T11:30:20
MCH-M-04,medium,M,309.927,332.291,1900.0,90.0,86.355,2026-02-01T11:30:30
MCH-M-04,medium,M,309.735,332.544,1900.0,90.0,86.44,2026-02-01T11:30:40
MCH-M-04,medium,M,309.582,333.769,1900.0,90.0,86.567,2026-02-01T11:30:50
MCH-M-04,medium,M,309.36,333.311,1900.0,90.0,86.698,2026-02-01T11:31:00
MCH-M-04,medium,M,309.296,333.356,1900.0,90.0,86.815,2026-02-01T11:31:10
MCH-M-04,medium,M,309.02,333.026,1900.0,90.0,86.939,2026-02-01T11:31:20
MCH-M-04,medium,M,308.899,332.945,1900.0,90.0,87.062,2026-02-01T11:31:30
MCH-M-04,medium,M,308.9,332.824,1900.0,90.0,87.114,2026-02-01T11:31:40
MCH-M-04,medium,M,308.823,332.538,1900.0,90.0,87.258,2026-02-01T11:31:50
MCH-M-04,medium,M,308.7,332.253,1900.0,90.0,87.371,2026-02-01T11:32:00
MCH-M-04,medium,M,308.454,331.901,1900.0,90.0,87.495,2026-02-01T11:32:10
MCH-M-04,medium,M,308.302,331.769,1900.0,90.0,87.558,2026-02-01T11:32:20
MCH-M-04,medium,M,308.344,331.534,1900.0,90.0,87.679,2026-02-01T11:32:30
MCH-M-04,medium,M,308.189,331.415,1900.0,90.0,87.798,2026-02-01T11:32:40
MCH-M-04,medium,M,308.234,331.301,1900.0,90.0,87.915,2026-02-01T11:32:50
MCH-M-04,medium,M,308.22,331.3,1900.0,90.0,87.991,2026-02-01T11:33:00
MCH-M-04,medium,M,308.192,331.312,1900.0,90.0,88.096,2026-02-01T11:33:10
MCH-M-04,medium,M,308.033,331.2,1900.0,90.0,88.211,2026-02-01T11:33:20
MCH-M-04,medium,M,308.088,331.114,1900.0,90.0,88.338,2026-02-01T11:33:30
MCH-M-04,medium,M,308.059,331.309,1900.0,90.0,88.4,2026-02-01T11:33:40
MCH-M-04,medium,M,308.213,331.065,1900.0,90.0,88.511,2026-02-01T11:33:50
MCH-M-04,medium,M,308.151,330.909,1900.0,90.0,88.625,2026-02-01T11:34:00
MCH-M-04,medium,M,308.254,330.853,1900.0,90.0,88.765,2026-02-01T11:34:10
MCH-M-04,medium,M,308.467,330.723,1900.0,90.0,88.843,2026-02-01T11:34:20
MCH-M-04,medium,M,308.381,330.674,1900.0,90.0,88.991,2026-02-01T11:34:30
MCH-M-04,medium,M,308.505,330.408,1900.0,90.0,89.114,2026-02-01T11:34:40
MCH-M-04,medium,M,308.495,330.455,1900.0,90.0,89.199,2026-02-01T11:34:50
MCH-M-04,medium,M,308.466,330.513,1900.0,90.0,89.303,2026-02-01T11:35:00
MCH-M-04,medium,M,308.716,330.623,1900.0,90.0,89.392,2026-02-01T11:35:10
MCH-M-04,medium,M,308.945,330.873,1900.0,90.0,89.459,2026-02-01T11:35:20
MCH-M-04,medium,M,309.176,331.204,1900.0,90.0,89.582,2026-02-01T11:35:30
MCH-M-04,medium,M,309.293,331.242,1900.0,90.0,89.723,2026-02-01T11:35:40
MCH-M-04,medium,M,309.414,331.301,1900.0,90.0,89.823,2026-02-01T11:35:50
MCH-M-04,medium,M,309.489,331.422,1900.0,90.0,89.878,2026-02-01T11:36:00
MCH-M-04,medium,M,309.709,331.473,1900.0,90.0,90.034,2026-02-01T11:36:10
MCH-M-04,medium,M,309.749,331.375,1900.0,90.0,90.084,2026-02-01T11:36:20
MCH-M-04,medium,M,309.789,331.537,1900.0,90.0,90.192,2026-02-01T11:36:30
MCH-M-04,medium,M,309.878,331.923,1900.0,90.0,90.328,2026-02-01T11:36:40
MCH-M-04,medium,M,310.079,332.187,1900.0,90.0,90.446,2026-02-01T11:36:50
MCH-M-04,medium,M,310.266,332.212,1900.0,90.0,90.523,2026-02-01T11:37:00
MCH-M-04,medium,M,310.631,332.69,1900.0,90.0,90.598,2026-02-01T11:37:10
MCH-M-04,medium,M,310.798,333.097,1900.0,90.0,90.685,2026-02-01T11:37:20
MCH-M-04,medium,M,311.014,333.322,1900.0,90.0,90.785,2026-02-01T11:37:30
MCH-M-04,medium,M,311.383,333.764,1900.0,90.0,90.908,2026-02-01T11:37:40
MCH-M-04,medium,M,311.505,334.149,1900.0,90.0,91.016,2026-02-01T11:37:50
MCH-M-04,medium,M,311.766,334.576,1900.0,90.0,91.186,2026-02-01T11:38:00
MCH-M-04,medium,M,312.077,335.01,1900.0,90.0,91.299,2026-02-01T11:38:10
MCH-M-04,medium,M,312.274,335.13,1900.0,90.0,91.438,2026-02-01T11:38:20
MCH-M-04,medium,M,312.597,335.402,1900.0,90.0,91.571,2026-02-01T11:38:30
MCH-M-04,medium,M,312.948,335.968,1900.0,90.0,91.688,2026-02-01T11:38:40
MCH-M-04,medium,M,313.231,336.347,1900.0,90.0,91.804,2026-02-01T11:38:50
MCH-M-04,medium,M,313.565,336.649,1900.0,90.0,91.916,2026-02-01T11:39:00
MCH-M-04,medium,M,313.959,337.039,1900.0,90.0,92.024,2026-02-01T11:39:10
MCH-M-04,medium,M,314.228,337.444,1900.0,90.0,92.108,2026-02-01T11:39:20
MCH-M-04,medium,M,314.517,337.871,1900.0,90.0,92.173,2026-02-01T11:39:30
MCH-M-04,medium,M,314.837,338.174,1900.0,90.0,92.337,2026-02-01T11:39:40
MCH-M-04,medium,M,315.308,338.757,1900.0,90.0,92.442,2026-02-01T11:39:50
MCH-M-04,medium,M,315.701,340.0,1900.0,90.0,92.569,2026-02-01T11:40:00
MCH-M-04,medium,M,316.082,340.0,1900.0,90.0,92.662,2026-02-01T11:40:10
MCH-M-04,medium,M,316.553,340.0,1900.0,90.0,92.775,2026-02-01T11:40:20
MCH-M-04,medium,M,316.887,340.0,1900.0,90.0,92.882,2026-02-01T11:40:30
MCH-M-04,medium,M,317.242,340.0,1900.0,90.0,93.033,2026-02-01T11:40:40
MCH-M-04,medium,M,317.778,340.0,1900.0,90.0,93.177,2026-02-01T11:40:50
MCH-M-04,medium,M,318.18,340.0,1900.0,90.0,93.29,2026-02-01T11:41:00
MCH-M-04,medium,M,318.71,340.0,1900.0,90.0,93.377,2026-02-01T11:41:10
MCH-M-04,medium,M,319.204,340.0,1900.0,90.0,93.509,2026-02-01T11:41:20
MCH-M-04,medium,M,319.682,340.0,1900.0,90.0,93.661,2026-02-01T11:41:30
MCH-M-04,medium,M,320.0,340.0,1900.0,90.0,93.748,2026-02-01T11:41:40
MCH-M-04,medium,M,320.0,340.0,1900.0,90.0,93.894,2026-02-01T11:41:50
MCH-M-04,medium,M,320.0,340.0,1900.0,90.0,94.014,2026-02-01T11:42:00
MCH-M-04,medium,M,320.0,340.0,1900.0,90.0,94.101,2026-02-01T11:42:10
MCH-M-04,medium,M,320.0,340.0,1900.0,90.0,94.192,2026-02-01T11:42:20
MCH-M-04,medium,M,320.0,340.0,1900.0,90.0,94.267,2026-02-01T11:42:30
MCH-M-04,medium,M,320.0,340.0,1900.0,90.0,94.384,2026-02-01T11:42:40
MCH-M-04,medium,M,320.0,340.0,1900.0,90.0,94.488,2026-02-01T11:42:50
MCH-M-04,medium,M,320.0,340.0,1900.0,90.0,94.626,2026-02-01T11:43:00
MCH-M-04,medium,M,320.0,340.0,1900.0,90.0,94.79,2026-02-01T11:43:10
MCH-M-04,medium,M,320.0,340.0,1900.0,90.0,94.88,2026-02-01T11:43:20
MCH-M-04,medium,M,320.0,340.0,1900.0,90.0,94.967,2026-02-01T11:43:30
MCH-M-04,medium,M,320.0,340.0,1900.0,90.0,95.088,2026-02-01T11:43:40
MCH-M-04,medium,M,320.0,340.0,1900.0,90.0,95.184,2026-02-01T11:43:50
MCH-M-04,medium,M,320.0,340.0,1900.0,90.0,95.24,2026-02-01T11:44:00
MCH-M-04,medium,M,320.0,340.0,1900.0,90.0,95.346,2026-02-01T11:44:10
MCH-M-04,medium,M,320.0,340.0,1900.0,90.0,95.432,2026-02-01T11:44:20
MCH-M-04,medium,M,320.0,340.0,1900.0,90.0,95.54,2026-02-01T11:44:30
MCH-M-04,medium,M,320.0,340.0,1900.0,90.0,95.661,2026-02-01T11:44:40
MCH-M-04,medium,M,320.0,340.0,1900.0,90.0,95.707,2026-02-01T11:44:50
MCH-M-04,medium,M,320.0,340.0,1900.0,90.0,95.804,2026-02-01T11:45:00
MCH-M-04,medium,M,320.0,340.0,1900.0,90.0,95.965,2026-02-01T11:45:10
MCH-M-04,medium,M,320.0,340.0,1900.0,90.0,96.078,2026-02-01T11:45:20
MCH-M-04,medium,M,320.0,340.0,1900.0,90.0,96.214,2026-02-01T11:45:30
MCH-M-04,medium,M,320.0,340.0,1900.0,90.0,96.377,2026-02-01T11:45:40
MCH-M-04,medium,M,320.0,340.0,1900.0,90.0,96.448,2026-02-01T11:45:50
MCH-M-04,medium,M,320.0,340.0,1900.0,90.0,96.552,2026-02-01T11:46:00
MCH-M-04,medium,M,320.0,340.0,1900.0,90.0,96.701,2026-02-01T11:46:10
MCH-M-04,medium,M,320.0,340.0,1900.0,90.0,96.781,2026-02-01T11:46:20
MCH-M-04,medium,M,320.0,340.0,1900.0,90.0,96.851,2026-02-01T11:46:30
MCH-M-04,medium,M,320.0,340.0,1900.0,90.0,96.985,2026-02-01T11:46:40
MCH-M-04,medium,M,320.0,340.0,1900.0,90.0,97.116,2026-02-01T11:46:50
MCH-M-04,medium,M,320.0,340.0,1900.0,90.0,97.219,2026-02-01T11:47:00
MCH-M-04,medium,M,320.0,340.0,1900.0,90.0,97.308,2026-02-01T11:47:10
MCH-M-04,medium,M,320.0,340.0,1900.0,90.0,97.437,2026-02-01T11:47:20
MCH-M-04,medium,M,320.0,340.0,1900.0,90.0,97.54,2026-02-01T11:47:30
MCH-M-04,medium,M,320.0,340.0,1900.0,90.0,97.639,2026-02-01T11:47:40
MCH-M-04,medium,M,320.0,340.0,1900.0,90.0,97.726,2026-02-01T11:47:50
MCH-M-04,medium,M,320.0,340.0,1900.0,90.0,97.829,2026-02-01T11:48:00
MCH-M-04,medium,M,320.0,340.0,1900.0,90.0,97.908,2026-02-01T11:48:10
MCH-M-04,medium,M,320.0,340.0,1900.0,90.0,97.986,2026-02-01T11:48:20
MCH-M-04,medium,M,320.0,340.0,1900.0,90.0,98.083,2026-02-01T11:48:30
MCH-M-04,medium,M,320.0,340.0,1900.0,90.0,98.224,2026-02-01T11:48:40
MCH-M-04,medium,M,320.0,340.0,1900.0,90.0,98.293,2026-02-01T11:48:50
MCH-M-04,medium,M,320.0,340.0,1900.0,90.0,98.391,2026-02-01T11:49:00
MCH-M-04,medium,M,320.0,340.0,1900.0,90.0,98.472,2026-02-01T11:49:10
MCH-M-04,medium,M,320.0,340.0,1900.0,90.0,98.551,2026-02-01T11:49:20
MCH-M-04,medium,M,320.0,340.0,1900.0,90.0,98.672,2026-02-01T11:49:30
MCH-M-04,medium,M,320.0,340.0,1900.0,90.0,98.8,2026-02-01T11:49:40
MCH-M-04,medium,M,320.0,340.0,1900.0,90.0,98.899,2026-02-01T11:49:50
MCH-M-04,medium,M,320.0,340.0,1900.0,90.0,99.005,2026-02-01T11:50:00
MCH-M-04,medium,M,320.0,340.0,1900.0,90.0,99.1,2026-02-01T11:50:10
MCH-M-04,medium,M,320.0,340.0,1900.0,90.0,99.233,2026-02-01T11:50:20
MCH-M-04,medium,M,320.0,340.0,1900.0,90.0,99.349,2026-02-01T11:50:30
MCH-M-04,medium,M,320.0,340.0,1900.0,90.0,99.469,2026-02-01T11:50:40
MCH-M-04,medium,M,320.0,340.0,1900.0,90.0,99.617,2026-02-01T11:50:50
MCH-M-04,medium,M,320.0,340.0,1900.0,90.0,99.696,2026-02-01T11:51:00
MCH-M-04,medium,M,320.0,340.0,1900.0,88.889,99.797,2026-02-01T11:51:10
MCH-M-04,medium,M,320.0,340.0,1900.0,87.958,99.857,2026-02-01T11:51:20
MCH-M-04,medium,M,320.0,340.0,1900.0,87.128,99.955,2026-02-01T11:51:30
MCH-M-04,medium,M,320.0,340.0,1900.0,86.371,100.077,2026-02-01T11:51:40
MCH-M-04,medium,M,320.0,340.0,1900.0,85.643,100.227,2026-02-01T11:51:50
MCH-M-04,medium,M,320.0,340.0,1900.0,84.631,100.353,2026-02-01T11:52:00
MCH-M-04,medium,M,320.0,340.0,1900.0,83.286,100.44,2026-02-01T11:52:10
MCH-M-04,medium,M,320.0,340.0,1900.0,82.316,100.546,2026-02-01T11:52:20
MCH-M-04,medium,M,320.0,340.0,1900.0,81.538,100.596,2026-02-01T11:52:30
MCH-M-04,medium,M,320.0,340.0,1900.0,80.797,100.652,2026-02-01T11:52:40
MCH-M-04,medium,M,320.0,340.0,1900.0,80.047,100.757,2026-02-01T11:52:50
MCH-M-04,medium,M,320.0,340.0,1900.0,79.269,100.909,2026-02-01T11:53:00
MCH-M-04,medium,M,320.0,340.0,1900.0,78.612,101.028,2026-02-01T11:53:10
MCH-M-04,medium,M,320.0,340.0,1900.0,77.655,101.087,2026-02-01T11:53:20
MCH-M-04,medium,M,320.0,340.0,1900.0,76.762,101.161,2026-02-01T11:53:30
MCH-M-04,medium,M,320.0,340.0,1900.0,75.449,101.282,2026-02-01T11:53:40
MCH-M-04,medium,M,320.0,340.0,1900.0,74.427,101.349,2026-02-01T11:53:50
MCH-M-04,medium,M,320.0,340.0,1900.0,73.212,101.431,2026-02-01T11:54:00
MCH-M-04,medium,M,320.0,340.0,1900.0,73.001,101.527,2026-02-01T11:54:10
MCH-M-04,medium,M,320.0,340.0,1900.0,71.848,101.55,2026-02-01T11:54:20
MCH-M-04,medium,M,320.0,340.0,1900.0,71.065,101.726,2026-02-01T11:54:30
MCH-M-04,medium,M,320.0,340.0,1900.0,70.287,101.811,2026-02-01T11:54:40
MCH-M-04,medium,M,320.0,340.0,1900.0,69.548,101.926,2026-02-01T11:54:50
MCH-M-04,medium,M,320.0,340.0,1900.0,69.185,102.061,2026-02-01T11:55:00
MCH-M-04,medium,M,320.0,340.0,1900.0,68.272,102.175,2026-02-01T11:55:10
MCH-M-04,medium,M,320.0,340.0,1900.0,68.199,102.296,2026-02-01T11:55:20
MCH-M-04,medium,M,320.0,340.0,1900.0,67.117,102.44,2026-02-01T11:55:30
MCH-M-04,medium,M,320.0,340.0,1900.0,66.664,102.536,2026-02-01T11:55:40
MCH-M-04,medium,M,320.0,340.0,1900.0,66.314,102.589,2026-02-01T11:55:50
MCH-M-04,medium,M,320.0,340.0,1900.0,65.304,102.708,2026-02-01T11:56:00
MCH-M-04,medium,M,320.0,340.0,1900.0,64.914,102.809,2026-02-01T11:56:10
MCH-M-04,medium,M,320.0,340.0,1900.0,64.518,102.936,2026-02-01T11:56:20
MCH-M-04,medium,M,320.0,340.0,1900.0,63.821,103.033,2026-02-01T11:56:30
MCH-M-04,medium,M,320.0,340.0,1900.0,62.894,103.134,2026-02-01T11:56:40
MCH-M-04,medium,M,320.0,340.0,1900.0,62.493,103.265,2026-02-01T11:56:50
MCH-M-04,medium,M,320.0,340.0,1900.0,62.196,103.354,2026-02-01T11:57:00
MCH-M-04,medium,M,320.0,340.0,1900.0,61.388,103.466,2026-02-01T11:57:10
MCH-M-04,medium,M,320.0,340.0,1900.0,61.099,103.588,2026-02-01T11:57:20
MCH-M-04,medium,M,320.0,340.0,1900.0,60.275,103.703,2026-02-01T11:57:30
MCH-M-04,medium,M,320.0,340.0,1900.0,59.8,103.799,2026-02-01T11:57:40
MCH-M-04,medium,M,320.0,340.0,1900.0,59.002,103.904,2026-02-01T11:57:50
MCH-M-04,medium,M,320.0,340.0,1900.0,58.393,104.018,2026-02-01T11:58:00
MCH-M-04,medium,M,320.0,340.0,1900.0,58.56,104.132,2026-02-01T11:58:10
MCH-M-04,medium,M,320.0,340.0,1900.0,58.655,104.259,2026-02-01T11:58:20
MCH-M-04,medium,M,320.0,340.0,1900.0,58.605,104.367,2026-02-01T11:58:30
MCH-M-04,medium,M,320.0,340.0,1900.0,58.197,104.484,2026-02-01T11:58:40
MCH-M-04,medium,M,320.0,340.0,1900.0,56.972,104.56,2026-02-01T11:58:50
MCH-M-04,medium,M,320.0,340.0,1900.0,56.735,104.689,2026-02-01T11:59:00
MCH-M-04,medium,M,320.0,340.0,1900.0,56.21,104.795,2026-02-01T11:59:10
MCH-M-04,medium,M,320.0,340.0,1900.0,55.917,104.914,2026-02-01T11:59:20
MCH-M-04,medium,M,320.0,340.0,1900.0,55.255,105.013,2026-02-01T11:59:30
MCH-M-04,medium,M,320.0,340.0,1900.0,55.216,105.089,2026-02-01T11:59:40
MCH-M-04,medium,M,320.0,340.0,1900.0,55.205,105.244,2026-02-01T11:59:50
MCH-M-04,medium,M,320.0,340.0,1900.0,55.211,105.349,2026-02-01T12:00:00
MCH-M-04,medium,M,320.0,340.0,1900.0,54.851,105.447,2026-02-01T12:00:10
MCH-M-04,medium,M,320.0,340.0,1900.0,54.348,105.597,2026-02-01T12:00:20
MCH-M-04,medium,M,320.0,340.0,1900.0,54.119,105.754,2026-02-01T12:00:30
MCH-M-04,medium,M,320.0,340.0,1900.0,54.157,105.84,2026-02-01T12:00:40
MCH-M-04,medium,M,320.0,340.0,1900.0,54.301,105.95,2026-02-01T12:00:50
MCH-M-04,medium,M,320.0,340.0,1900.0,54.216,106.08,2026-02-01T12:01:00
MCH-M-04,medium,M,320.0,340.0,1900.0,53.796,106.162,2026-02-01T12:01:10
MCH-M-04,medium,M,320.0,340.0,1900.0,53.293,106.27,2026-02-01T12:01:20
MCH-M-04,medium,M,320.0,340.0,1900.0,53.175,106.407,2026-02-01T12:01:30
MCH-M-04,medium,M,320.0,340.0,1900.0,53.179,106.518,2026-02-01T12:01:40
MCH-M-04,medium,M,320.0,340.0,1900.0,53.785,106.617,2026-02-01T12:01:50
MCH-M-04,medium,M,320.0,340.0,1900.0,53.107,106.724,2026-02-01T12:02:00
MCH-M-04,medium,M,320.0,340.0,1900.0,52.952,106.746,2026-02-01T12:02:10
MCH-M-04,medium,M,320.0,339.967,1900.0,52.904,106.843,2026-02-01T12:02:20
MCH-M-04,medium,M,320.0,339.386,1900.0,53.065,106.937,2026-02-01T12:02:30
MCH-M-04,medium,M,320.0,338.932,1900.0,53.625,107.049,2026-02-01T12:02:40
MCH-M-04,medium,M,320.0,338.42,1900.0,53.683,107.186,2026-02-01T12:02:50
MCH-M-04,medium,M,320.0,338.028,1900.0,53.906,107.305,2026-02-01T12:03:00
MCH-M-04,medium,M,320.0,337.645,1900.0,54.34,107.422,2026-02-01T12:03:10
MCH-M-04,medium,M,320.0,337.315,1900.0,54.195,107.507,2026-02-01T12:03:20
MCH-M-04,medium,M,320.0,336.97,1900.0,54.448,107.608,2026-02-01T12:03:30
MCH-M-04,medium,M,320.0,336.829,1900.0,54.472,107.732,2026-02-01T12:03:40
MCH-M-04,medium,M,320.0,336.617,1900.0,53.845,107.863,2026-02-01T12:03:50
MCH-M-04,medium,M,320.0,336.322,1900.0,54.275,107.958,2026-02-01T12:04:00
MCH-M-04,medium,M,320.0,336.098,1900.0,54.526,108.114,2026-02-01T12:04:10
MCH-M-04,medium,M,320.0,336.076,1900.0,54.646,108.222,2026-02-01T12:04:20
MCH-M-04,medium,M,319.869,335.839,1900.0,54.719,108.343,2026-02-01T12:04:30
MCH-M-04,medium,M,319.468,335.736,1900.0,55.382,108.463,2026-02-01T12:04:40
MCH-M-04,medium,M,318.846,335.386,1900.0,55.978,108.556,2026-02-01T12:04:50
MCH-M-04,medium,M,318.486,335.364,1900.0,56.42,108.708,2026-02-01T12:05:00
MCH-M-04,medium,M,317.989,335.448,1900.0,57.19,108.889,2026-02-01T12:05:10
MCH-M-04,medium,M,317.386,335.283,1900.0,57.476,108.976,2026-02-01T12:05:20
MCH-M-04,medium,M,316.949,334.917,1900.0,57.618,109.091,2026-02-01T12:05:30
MCH-M-04,medium,M,316.488,334.767,1900.0,58.326,109.184,2026-02-01T12:05:40
MCH-M-04,medium,M,316.015,334.499,1900.0,58.756,109.3,2026-02-01T12:05:50
MCH-M-04,medium,M,315.598,334.316,1900.0,59.029,109.383,2026-02-01T12:06:00
MCH-M-04,medium,M,315.362,334.222,1900.0,59.27,109.514,2026-02-01T12:06:10
MCH-M-04,medium,M,314.85,333.871,1900.0,59.189,109.593,2026-02-01T12:06:20
MCH-M-04,medium,M,314.559,333.821,1900.0,59.483,109.677,2026-02-01T12:06:30
MCH-M-04,medium,M,314.047,333.65,1900.0,60.211,109.795,2026-02-01T12:06:40
MCH-M-04,medium,M,313.708,333.486,1900.0,60.939,109.903,2026-02-01T12:06:50
MCH-M-04,medium,M,313.392,333.437,1900.0,61.526,110.034,2026-02-01T12:07:00
MCH-M-04,medium,M,312.993,333.33,1900.0,61.926,110.158,2026-02-01T12:07:10
MCH-M-04,medium,M,312.739,333.287,1900.0,62.427,110.261,2026-02-01T12:07:20
MCH-M-04,medium,M,312.395,333.385,1900.0,63.522,110.375,2026-02-01T12:07:30
MCH-M-04,medium,M,312.002,333.225,1900.0,63.966,110.489,2026-02-01T12:07:40
MCH-M-04,medium,M,311.719,333.116,1900.0,64.235,110.61,2026-02-01T12:07:50
MCH-M-04,medium,M,311.552,333.279,1900.0,64.937,110.69,2026-02-01T12:08:00
MCH-M-04,medium,M,311.304,333.366,1900.0,64.618,110.835,2026-02-01T12:08:10
MCH-M-04,medium,M,310.991,333.387,1900.0,65.29,110.943,2026-02-01T12:08:20
MCH-M-04,medium,M,310.753,333.523,1900.0,65.244,111.057,2026-02-01T12:08:30
MCH-M-04,medium,M,310.463,333.434,1879.037,65.718,111.202,2026-02-01T12:08:40
MCH-M-04,medium,M,310.364,333.343,1880.762,65.608,111.326,2026-02-01T12:08:50
MCH-M-04,medium,M,310.154,333.447,1871.44,66.524,111.445,2026-02-01T12:09:00
MCH-M-04,medium,M,309.889,333.536,1859.523,66.901,111.553,2026-02-01T12:09:10
MCH-M-04,medium,M,309.786,333.788,1841.808,67.864,111.638,2026-02-01T12:09:20
MCH-M-04,medium,M,309.629,333.974,1831.105,68.398,111.751,2026-02-01T12:09:30
MCH-L-01,long,L,298.635,308.114,1381.589,32.276,5.179,2026-02-01T09:24:00
MCH-L-01,long,L,298.942,308.335,1383.331,32.759,5.274,2026-02-01T09:24:10
MCH-L-01,long,L,299.184,308.633,1390.949,32.296,5.326,2026-02-01T09:24:20
MCH-L-01,long,L,299.503,308.81,1378.331,32.256,5.385,2026-02-01T09:24:30
MCH-L-01,long,L,299.719,309.211,1367.044,32.758,5.441,2026-02-01T09:24:40
MCH-L-01,long,L,299.842,309.399,1376.337,32.538,5.492,2026-02-01T09:24:50
MCH-L-01,long,L,300.15,309.665,1372.619,32.678,5.582,2026-02-01T09:25:00
MCH-L-01,long,L,300.344,309.82,1391.467,32.795,5.617,2026-02-01T09:25:10
MCH-L-01,long,L,300.417,309.994,1372.354,32.816,5.668,2026-02-01T09:25:20
MCH-L-01,long,L,300.575,310.427,1380.947,33.059,5.742,2026-02-01T09:25:30
MCH-L-01,long,L,300.725,310.781,1387.968,33.11,5.807,2026-02-01T09:25:40
MCH-L-01,long,L,300.925,311.165,1387.839,33.179,5.889,2026-02-01T09:25:50
MCH-L-01,long,L,301.059,311.612,1390.193,32.689,5.972,2026-02-01T09:26:00
MCH-L-01,long,L,301.357,312.073,1384.768,32.979,6.05,2026-02-01T09:26:10
MCH-L-01,long,L,301.646,312.301,1384.178,33.281,6.127,2026-02-01T09:26:20
MCH-L-01,long,L,301.939,312.702,1385.115,33.083,6.17,2026-02-01T09:26:30
MCH-L-01,long,L,302.371,313.127,1392.498,33.843,6.242,2026-02-01T09:26:40
MCH-L-01,long,L,302.934,313.419,1409.456,34.349,6.307,2026-02-01T09:26:50
MCH-L-01,long,L,303.487,313.718,1411.862,34.911,6.391,2026-02-01T09:27:00
MCH-L-01,long,L,303.763,314.039,1416.047,35.475,6.45,2026-02-01T09:27:10
MCH-L-01,long,L,304.278,314.419,1427.083,35.954,6.521,2026-02-01T09:27:20
MCH-L-01,long,L,304.509,314.945,1450.771,36.468,6.599,2026-02-01T09:27:30
MCH-L-01,long,L,305.086,315.261,1455.737,36.406,6.642,2026-02-01T09:27:40
MCH-L-01,long,L,305.31,315.733,1454.948,36.555,6.728,2026-02-01T09:27:50
MCH-L-01,long,L,305.547,316.25,1469.793,37.078,6.8,2026-02-01T09:28:00
MCH-L-01,long,L,305.802,316.703,1482.784,37.693,6.858,2026-02-01T09:28:10
MCH-L-01,long,L,306.281,317.418,1476.768,38.221,6.913,2026-02-01T09:28:20
MCH-L-01,long,L,306.883,317.848,1477.095,38.654,6.981,2026-02-01T09:28:30
MCH-L-01,long,L,307.268,318.322,1497.622,39.108,7.051,2026-02-01T09:28:40
MCH-L-01,long,L,307.927,318.883,1517.299,39.097,7.088,2026-02-01T09:28:50
MCH-L-01,long,L,308.373,320.482,1562.93,40.959,7.195,2026-02-01T09:29:00
MCH-L-01,long,L,308.811,320.768,1588.603,41.747,7.243,2026-02-01T09:29:10
MCH-L-01,long,L,309.331,321.182,1606.834,42.47,7.337,2026-02-01T09:29:20
MCH-L-01,long,L,309.84,321.649,1614.236,42.471,7.396,2026-02-01T09:29:30
MCH-L-01,long,L,310.241,322.352,1644.921,43.056,7.441,2026-02-01T09:29:40
MCH-L-01,long,L,310.69,322.736,1662.458,43.319,7.535,2026-02-01T09:29:50
MCH-L-01,long,L,310.973,323.231,1680.022,43.701,7.596,2026-02-01T09:30:00
MCH-L-01,long,L,311.624,323.789,1690.548,43.926,7.649,2026-02-01T09:30:10
MCH-L-01,long,L,312.019,324.478,1704.004,44.189,7.707,2026-02-01T09:30:20
MCH-L-01,long,L,312.488,325.064,1724.885,44.598,7.751,2026-02-01T09:30:30
MCH-L-01,long,L,313.058,325.723,1749.242,45.157,7.815,2026-02-01T09:30:40
MCH-L-01,long,L,313.533,326.377,1768.533,45.646,7.917,2026-02-01T09:30:50
MCH-L-01,long,L,313.964,327.0,1779.141,46.138,7.995,2026-02-01T09:31:00
MCH-L-01,long,L,314.466,327.358,1781.614,46.316,8.06,2026-02-01T09:31:10
MCH-L-01,long,L,314.84,327.656,1782.314,46.373,8.122,2026-02-01T09:31:20
MCH-L-01,long,L,315.207,328.1,1800.806,47.282,8.206,2026-02-01T09:31:30
MCH-L-01,long,L,315.644,328.607,1817.923,48.153,8.269,2026-02-01T09:31:40
MCH-L-01,long,L,316.275,329.081,1825.929,49.112,8.339,2026-02-01T09:31:50
MCH-L-01,long,L,316.975,329.635,1860.255,49.941,8.404,2026-02-01T09:32:00
MCH-L-01,long,L,317.609,330.099,1883.857,50.359,8.467,2026-02-01T09:32:10
MCH-L-01,long,L,318.143,330.613,1896.049,50.978,8.546,2026-02-01T09:32:20
MCH-L-01,long,L,318.749,331.225,1900.0,52.214,8.628,2026-02-01T09:32:30
MCH-L-01,long,L,319.162,331.648,1900.0,53.092,8.698,2026-02-01T09:32:40
MCH-L-01,long,L,319.733,332.187,1900.0,53.791,8.759,2026-02-01T09:32:50
MCH-L-01,long,L,320.0,332.841,1900.0,54.391,8.806,2026-02-01T09:33:00
MCH-L-01,long,L,320.0,333.172,1900.0,55.691,8.876,2026-02-01T09:33:10
MCH-L-01,long,L,320.0,333.542,1900.0,56.895,8.972,2026-02-01T09:33:20
MCH-L-01,long,L,320.0,333.851,1900.0,57.975,9.076,2026-02-01T09:33:30
MCH-L-01,long,L,320.0,334.204,1900.0,58.434,9.15,2026-02-01T09:33:40
MCH-L-01,long,L,320.0,334.691,1900.0,59.088,9.218,2026-02-01T09:33:50
MCH-L-01,long,L,320.0,335.104,1900.0,59.489,9.302,2026-02-01T09:34:00
MCH-L-01,long,L,320.0,335.414,1900.0,60.243,9.415,2026-02-01T09:34:10
MCH-L-01,long,L,320.0,335.896,1900.0,61.151,9.5,2026-02-01T09:34:20
MCH-L-01,long,L,320.0,336.258,1900.0,62.081,9.584,2026-02-01T09:34:30
MCH-L-01,long,L,320.0,336.692,1900.0,62.725,9.634,2026-02-01T09:34:40
MCH-L-01,long,L,320.0,336.947,1900.0,63.898,9.692,2026-02-01T09:34:50
MCH-L-01,long,L,320.0,337.307,1900.0,65.066,9.747,2026-02-01T09:35:00
MCH-L-01,long,L,320.0,337.658,1900.0,66.262,9.831,2026-02-01T09:35:10
MCH-L-01,long,L,320.0,337.722,1900.0,67.267,9.905,2026-02-01T09:35:20
MCH-L-01,long,L,320.0,338.177,1900.0,68.684,9.983,2026-02-01T09:35:30
MCH-L-01,long,L,320.0,338.568,1900.0,69.665,10.038,2026-02-01T09:35:40
MCH-L-01,long,L,320.0,338.996,1900.0,70.872,10.125,2026-02-01T09:35:50
MCH-L-01,long,L,320.0,339.045,1900.0,71.326,10.185,2026-02-01T09:36:00
MCH-L-01,long,L,320.0,339.111,1900.0,72.033,10.276,2026-02-01T09:36:10
MCH-L-01,long,L,320.0,339.251,1900.0,72.901,10.373,2026-02-01T09:36:20
MCH-L-01,long,L,320.0,339.609,1900.0,73.21,10.441,2026-02-01T09:36:30
MCH-L-01,long,L,320.0,339.663,1900.0,73.845,10.512,2026-02-01T09:36:40
MCH-L-01,long,L,320.0,339.714,1900.0,75.429,10.568,2026-02-01T09:36:50
MCH-L-01,long,L,320.0,339.819,1900.0,75.986,10.642,2026-02-01T09:37:00
MCH-L-01,long,L,320.0,339.836,1900.0,77.186,10.712,2026-02-01T09:37:10
MCH-L-01,long,L,320.0,339.771,1900.0,78.132,10.755,2026-02-01T09:37:20
MCH-L-01,long,L,320.0,340.0,1900.0,81.159,10.817,2026-02-01T09:37:30
MCH-L-01,long,L,320.0,340.0,1900.0,82.039,10.892,2026-02-01T09:37:40
MCH-L-01,long,L,320.0,340.0,1900.0,83.529,10.927,2026-02-01T09:37:50
MCH-L-01,long,L,320.0,340.0,1900.0,84.51,10.992,2026-02-01T09:38:00
MCH-L-01,long,L,320.0,340.0,1900.0,85.943,11.069,2026-02-01T09:38:10
MCH-L-01,long,L,320.0,340.0,1900.0,87.244,11.149,2026-02-01T09:38:20
MCH-L-01,long,L,320.0,340.0,1900.0,88.596,11.225,2026-02-01T09:38:30
MCH-L-01,long,L,320.0,340.0,1900.0,89.408,11.314,2026-02-01T09:38:40
MCH-L-01,long,L,320.0,340.0,1900.0,90.0,11.369,2026-02-01T09:38:50
MCH-L-01,long,L,320.0,340.0,1900.0,90.0,11.444,2026-02-01T09:39:00
MCH-L-01,long,L,320.0,340.0,1900.0,90.0,11.532,2026-02-01T09:39:10
MCH-L-01,long,L,320.0,340.0,1900.0,90.0,11.613,2026-02-01T09:39:20
MCH-L-01,long,L,320.0,340.0,1900.0,90.0,11.689,2026-02-01T09:39:30
MCH-L-01,long,L,320.0,340.0,1900.0,90.0,11.773,2026-02-01T09:39:40
MCH-L-01,long,L,320.0,340.0,1900.0,90.0,11.859,2026-02-01T09:39:50
MCH-L-01,long,L,320.0,340.0,1900.0,90.0,11.929,2026-02-01T09:40:00
MCH-L-01,long,L,320.0,340.0,1900.0,90.0,12.023,2026-02-01T09:40:10
MCH-L-01,long,L,320.0,340.0,1900.0,90.0,12.093,2026-02-01T09:40:20
MCH-L-01,long,L,320.0,340.0,1900.0,90.0,12.176,2026-02-01T09:40:30
MCH-L-01,long,L,320.0,340.0,1900.0,90.0,12.224,2026-02-01T09:40:40
MCH-L-01,long,L,320.0,340.0,1900.0,90.0,12.313,2026-02-01T09:40:50
MCH-L-01,long,L,320.0,340.0,1900.0,90.0,12.38,2026-02-01T09:41:00
MCH-L-01,long,L,320.0,340.0,1900.0,90.0,12.447,2026-02-01T09:41:10
MCH-L-01,long,L,320.0,340.0,1900.0,90.0,12.51,2026-02-01T09:41:20
MCH-L-01,long,L,320.0,340.0,1900.0,90.0,12.613,2026-02-01T09:41:30
MCH-L-01,long,L,320.0,340.0,1900.0,90.0,12.688,2026-02-01T09:41:40
MCH-L-01,long,L,320.0,339.877,1900.0,90.0,12.753,2026-02-01T09:41:50
MCH-L-01,long,L,320.0,339.597,1900.0,90.0,12.796,2026-02-01T09:42:00
MCH-L-01,long,L,320.0,339.431,1900.0,90.0,12.896,2026-02-01T09:42:10
MCH-L-01,long,L,320.0,339.125,1900.0,90.0,12.94,2026-02-01T09:42:20
MCH-L-01,long,L,320.0,338.916,1900.0,90.0,13.019,2026-02-01T09:42:30
MCH-L-01,long,L,320.0,338.582,1900.0,90.0,13.098,2026-02-01T09:42:40
MCH-L-01,long,L,320.0,338.31,1900.0,90.0,13.142,2026-02-01T09:42:50
MCH-L-01,long,L,320.0,338.014,1900.0,90.0,13.208,2026-02-01T09:43:00
MCH-L-01,long,L,320.0,337.796,1900.0,90.0,13.264,2026-02-01T09:43:10
MCH-L-01,long,L,320.0,337.426,1900.0,90.0,13.331,2026-02-01T09:43:20
MCH-L-01,long,L,320.0,337.099,1900.0,90.0,13.417,2026-02-01T09:43:30
MCH-L-01,long,L,320.0,336.611,1900.0,90.0,13.493,2026-02-01T09:43:40
MCH-L-01,long,L,320.0,336.26,1900.0,90.0,13.542,2026-02-01T09:43:50
MCH-L-01,long,L,320.0,335.998,1900.0,90.0,13.604,2026-02-01T09:44:00
MCH-L-01,long,L,320.0,335.522,1900.0,90.0,13.675,2026-02-01T09:44:10
MCH-L-01,long,L,320.0,335.026,1900.0,90.0,13.738,2026-02-01T09:44:20
MCH-L-01,long,L,320.0,334.661,1900.0,90.0,13.853,2026-02-01T09:44:30
MCH-L-01,long,L,320.0,334.117,1900.0,90.0,13.912,2026-02-01T09:44:40
MCH-L-01,long,L,320.0,333.663,1900.0,90.0,13.961,2026-02-01T09:44:50
MCH-L-01,long,L,320.0,333.202,1900.0,90.0,14.029,2026-02-01T09:45:00
MCH-L-01,long,L,320.0,332.752,1900.0,90.0,14.104,2026-02-01T09:45:10
MCH-L-01,long,L,320.0,332.37,1900.0,90.0,14.186,2026-02-01T09:45:20
MCH-L-01,long,L,320.0,331.87,1900.0,90.0,14.245,2026-02-01T09:45:30
MCH-L-01,long,L,320.0,331.441,1900.0,90.0,14.321,2026-02-01T09:45:40
MCH-L-01,long,L,320.0,331.03,1900.0,90.0,14.385,2026-02-01T09:45:50
MCH-L-01,long,L,320.0,330.797,1900.0,90.0,14.465,2026-02-01T09:46:00
MCH-L-01,long,L,320.0,330.187,1900.0,90.0,14.545,2026-02-01T09:46:10
MCH-L-01,long,L,320.0,329.702,1900.0,90.0,14.583,2026-02-01T09:46:20
MCH-L-01,long,L,320.0,329.043,1900.0,90.0,14.624,2026-02-01T09:46:30
MCH-L-01,long,L,320.0,328.435,1900.0,90.0,14.711,2026-02-01T09:46:40
MCH-L-01,long,L,320.0,327.958,1900.0,90.0,14.789,2026-02-01T09:46:50
MCH-L-01,long,L,320.0,327.538,1900.0,90.0,14.846,2026-02-01T09:47:00
MCH-L-01,long,L,320.0,326.844,1900.0,90.0,14.948,2026-02-01T09:47:10
MCH-L-01,long,L,320.0,326.163,1900.0,90.0,15.022,2026-02-01T09:47:20
MCH-L-01,long,L,320.0,325.598,1900.0,90.0,15.093,2026-02-01T09:47:30
MCH-L-01,long,L,320.0,325.158,1900.0,90.0,15.168,2026-02-01T09:47:40
MCH-L-01,long,L,320.0,324.562,1900.0,90.0,15.282,2026-02-01T09:47:50
MCH-L-01,long,L,320.0,324.11,1900.0,90.0,15.34,2026-02-01T09:48:00
MCH-L-01,long,L,320.0,323.703,1900.0,90.0,15.436,2026-02-01T09:48:10
MCH-L-01,long,L,320.0,323.489,1900.0,90.0,15.49,2026-02-01T09:48:20
MCH-L-01,long,L,320.0,322.919,1900.0,90.0,15.566,2026-02-01T09:48:30
MCH-L-01,long,L,320.0,322.205,1900.0,90.0,15.608,2026-02-01T09:48:40
MCH-L-01,long,L,319.97,321.951,1900.0,90.0,15.675,2026-02-01T09:48:50
MCH-L-01,long,L,319.537,321.624,1900.0,90.0,15.73,2026-02-01T09:49:00
MCH-L-01,long,L,319.171,321.159,1900.0,90.0,15.796,2026-02-01T09:49:10
MCH-L-01,long,L,318.677,320.742,1900.0,90.0,15.867,2026-02-01T09:49:20
MCH-L-01,long,L,318.21,320.333,1900.0,90.0,15.949,2026-02-01T09:49:30
MCH-L-01,long,L,318.056,319.887,1900.0,90.0,16.032,2026-02-01T09:49:40
MCH-L-01,long,L,317.57,319.422,1900.0,90.0,16.102,2026-02-01T09:49:50
MCH-L-01,long,L,317.367,318.851,1900.0,90.0,16.187,2026-02-01T09:50:00
MCH-L-01,long,L,316.973,318.523,1900.0,90.0,16.238,2026-02-01T09:50:10
MCH-L-01,long,L,316.407,318.041,1900.0,90.0,16.314,2026-02-01T09:50:20
MCH-L-01,long,L,315.92,317.929,1900.0,90.0,16.362,2026-02-01T09:50:30
MCH-L-01,long,L,315.567,317.553,1900.0,90.0,16.45,2026-02-01T09:50:40
MCH-L-01,long,L,314.948,317.352,1900.0,90.0,16.51,2026-02-01T09:50:50
MCH-L-01,long,L,314.28,316.873,1900.0,90.0,16.569,2026-02-01T09:51:00
MCH-L-01,long,L,313.695,316.536,1900.0,90.0,16.642,2026-02-01T09:51:10
MCH-L-01,long,L,313.215,316.307,1900.0,90.0,16.688,2026-02-01T09:51:20
MCH-L-01,long,L,312.813,316.155,1900.0,90.0,16.745,2026-02-01T09:51:30
MCH-L-01,long,L,312.548,315.679,1900.0,90.0,16.813,2026-02-01T09:51:40
MCH-L-01,long,L,312.187,315.479,1900.0,90.0,16.894,2026-02-01T09:51:50
MCH-L-01,long,L,311.619,315.195,1900.0,90.0,16.945,2026-02-01T09:52:00
MCH-L-01,long,L,311.167,314.859,1900.0,90.0,16.984,2026-02-01T09:52:10
MCH-L-01,long,L,310.692,314.518,1900.0,90.0,17.058,2026-02-01T09:52:20
MCH-L-01,long,L,310.309,314.182,1900.0,90.0,17.117,2026-02-01T09:52:30
MCH-L-01,long,L,310.071,314.124,1900.0,90.0,17.172,2026-02-01T09:52:40
MCH-L-01,long,L,309.551,313.711,1900.0,90.0,17.24,2026-02-01T09:52:50
MCH-L-01,long,L,309.116,313.4,1900.0,90.0,17.306,2026-02-01T09:53:00
MCH-L-01,long,L,308.782,313.235,1900.0,90.0,17.397,2026-02-01T09:53:10
MCH-L-01,long,L,308.524,312.929,1900.0,90.0,17.477,2026-02-01T09:53:20
MCH-L-01,long,L,308.212,312.973,1900.0,90.0,17.526,2026-02-01T09:53:30
MCH-L-01,long,L,307.888,312.858,1900.0,90.0,17.603,2026-02-01T09:53:40
MCH-L-01,long,L,307.64,312.677,1900.0,90.0,17.678,2026-02-01T09:53:50
MCH-L-01,long,L,307.34,312.532,1900.0,90.0,17.749,2026-02-01T09:54:00
MCH-L-01,long,L,307.051,312.45,1900.0,90.0,17.82,2026-02-01T09:54:10
MCH-L-01,long,L,306.713,312.424,1900.0,90.0,17.887,2026-02-01T09:54:20
MCH-L-01,long,L,306.293,312.351,1900.0,90.0,17.959,2026-02-01T09:54:30
MCH-L-01,long,L,305.85,312.437,1900.0,90.0,17.999,2026-02-01T09:54:40
MCH-L-01,long,L,305.588,312.662,1900.0,90.0,18.084,2026-02-01T09:54:50
MCH-L-01,long,L,305.174,312.803,1900.0,90.0,18.137,2026-02-01T09:55:00
MCH-L-01,long,L,304.802,312.924,1900.0,90.0,18.175,2026-02-01T09:55:10
MCH-L-01,long,L,304.601,312.941,1900.0,90.0,18.269,2026-02-01T09:55:20
MCH-L-01,long,L,304.41,312.94,1900.0,90.0,18.347,2026-02-01T09:55:30
MCH-L-01,long,L,304.026,312.937,1900.0,90.0,18.383,2026-02-01T09:55:40
MCH-L-01,long,L,303.961,313.032,1900.0,90.0,18.432,2026-02-01T09:55:50
MCH-L-01,long,L,303.817,313.028,1900.0,90.0,18.501,2026-02-01T09:56:00
MCH-L-01,long,L,303.643,313.023,1900.0,90.0,18.557,2026-02-01T09:56:10
MCH-L-01,long,L,303.43,313.006,1900.0,90.0,18.624,2026-02-01T09:56:20
MCH-L-01,long,L,303.26,313.107,1900.0,90.0,18.714,2026-02-01T09:56:30
MCH-L-01,long,L,303.271,313.298,1900.0,90.0,18.785,2026-02-01T09:56:40
MCH-L-01,long,L,303.075,313.391,1900.0,90.0,18.829,2026-02-01T09:56:50
MCH-L-01,long,L,302.724,313.669,1900.0,90.0,18.921,2026-02-01T09:57:00
MCH-L-01,long,L,302.545,313.981,1900.0,90.0,19.011,2026-02-01T09:57:10
MCH-L-01,long,L,302.331,314.324,1900.0,90.0,19.076,2026-02-01T09:57:20
MCH-L-01,long,L,302.257,314.592,1900.0,90.0,19.12,2026-02-01T09:57:30
MCH-L-01,long,L,302.158,314.632,1900.0,90.0,19.191,2026-02-01T09:57:40
MCH-L-01,long,L,302.095,314.928,1900.0,90.0,19.233,2026-02-01T09:57:50
MCH-L-01,long,L,301.8,315.109,1900.0,90.0,19.302,2026-02-01T09:58:00
MCH-L-01,long,L,301.64,315.462,1900.0,90.0,19.362,2026-02-01T09:58:10
MCH-L-01,long,L,301.604,315.675,1900.0,90.0,19.376,2026-02-01T09:58:20
MCH-L-01,long,L,301.21,316.01,1900.0,90.0,19.436,2026-02-01T09:58:30
MCH-L-01,long,L,301.089,316.625,1900.0,90.0,19.508,2026-02-01T09:58:40
MCH-L-01,long,L,301.044,317.113,1900.0,90.0,19.556,2026-02-01T09:58:50
MCH-L-01,long,L,301.163,317.207,1900.0,90.0,19.599,2026-02-01T09:59:00
MCH-L-01,long,L,300.921,317.528,1900.0,90.0,19.672,2026-02-01T09:59:10
MCH-L-01,long,L,300.974,317.904,1900.0,90.0,19.76,2026-02-01T09:59:20
MCH-L-01,long,L,300.976,318.147,1900.0,90.0,19.829,2026-02-01T09:59:30
MCH-L-01,long,L,300.923,318.486,1900.0,90.0,19.892,2026-02-01T09:59:40
MCH-L-01,long,L,300.957,318.891,1900.0,90.0,19.96,2026-02-01T09:59:50
MCH-L-01,long,L,301.037,319.288,1900.0,90.0,20.031,2026-02-01T10:00:00
MCH-L-01,long,L,301.186,319.727,1900.0,90.0,20.108,2026-02-01T10:00:10
MCH-L-01,long,L,301.206,320.26,1900.0,90.0,20.161,2026-02-01T10:00:20
MCH-L-01,long,L,301.457,320.758,1900.0,90.0,20.225,2026-02-01T10:00:30
MCH-L-01,long,L,301.738,321.216,1900.0,90.0,20.266,2026-02-01T10:00:40
MCH-L-01,long,L,301.674,321.629,1900.0,90.0,20.328,2026-02-01T10:00:50
MCH-L-01,long,L,301.833,322.131,1900.0,90.0,20.396,2026-02-01T10:01:00
MCH-L-01,long,L,301.964,322.772,1900.0,90.0,20.479,2026-02-01T10:01:10
MCH-L-01,long,L,301.92,323.158,1900.0,90.0,20.524,2026-02-01T10:01:20
MCH-L-01,long,L,302.035,323.7,1900.0,90.0,20.579,2026-02-01T10:01:30
MCH-L-01,long,L,302.188,324.092,1900.0,90.0,20.631,2026-02-01T10:01:40
MCH-L-01,long,L,302.382,324.74,1900.0,90.0,20.702,2026-02-01T10:01:50
MCH-L-01,long,L,302.519,325.035,1900.0,90.0,20.759,2026-02-01T10:02:00
MCH-L-01,long,L,302.639,325.506,1900.0,90.0,20.826,2026-02-01T10:02:10
MCH-L-01,long,L,302.834,326.043,1900.0,90.0,20.878,2026-02-01T10:02:20
MCH-L-01,long,L,303.191,326.551,1900.0,90.0,20.98,2026-02-01T10:02:30
MCH-L-01,long,L,303.243,327.088,1900.0,90.0,21.054,2026-02-01T10:02:40
MCH-L-01,long,L,303.467,327.796,1900.0,90.0,21.132,2026-02-01T10:02:50
MCH-L-01,long,L,303.523,328.353,1900.0,90.0,21.194,2026-02-01T10:03:00
MCH-L-01,long,L,303.644,328.868,1900.0,90.0,21.241,2026-02-01T10:03:10
MCH-L-01,long,L,303.772,329.232,1900.0,90.0,21.292,2026-02-01T10:03:20
MCH-L-01,long,L,303.923,329.696,1900.0,90.0,21.327,2026-02-01T10:03:30
MCH-L-01,long,L,304.173,330.446,1900.0,90.0,21.395,2026-02-01T10:03:40
MCH-L-01,long,L,304.296,331.027,1900.0,90.0,21.456,2026-02-01T10:03:50
MCH-L-01,long,L,304.525,331.261,1900.0,90.0,21.536,2026-02-01T10:04:00
MCH-L-01,long,L,304.73,331.665,1900.0,90.0,21.625,2026-02-01T10:04:10
MCH-L-01,long,L,305.059,332.11,1900.0,90.0,21.718,2026-02-01T10:04:20
MCH-L-01,long,L,305.334,332.43,1900.0,90.0,21.797,2026-02-01T10:04:30
MCH-L-01,long,L,305.6,332.969,1900.0,90.0,21.87,2026-02-01T10:04:40
MCH-L-01,long,L,305.9,333.801,1900.0,90.0,21.939,2026-02-01T10:04:50
MCH-L-01,long,L,306.214,334.157,1900.0,90.0,22.022,2026-02-01T10:05:00
MCH-L-01,long,L,306.557,334.678,1900.0,90.0,22.113,2026-02-01T10:05:10
MCH-L-01,long,L,306.711,335.189,1900.0,90.0,22.187,2026-02-01T10:05:20
MCH-L-01,long,L,306.853,335.727,1900.0,90.0,22.241,2026-02-01T10:05:30
MCH-L-01,long,L,307.066,336.369,1900.0,90.0,22.269,2026-02-01T10:05:40
MCH-L-01,long,L,307.372,336.75,1900.0,90.0,22.345,2026-02-01T10:05:50
MCH-L-01,long,L,307.694,337.26,1900.0,90.0,22.413,2026-02-01T10:06:00
MCH-L-01,long,L,307.947,337.802,1900.0,90.0,22.467,2026-02-01T10:06:10
MCH-L-01,long,L,308.354,338.456,1900.0,90.0,22.52,2026-02-01T10:06:20
MCH-L-01,long,L,308.683,338.906,1900.0,90.0,22.591,2026-02-01T10:06:30
MCH-L-01,long,L,308.818,339.239,1900.0,90.0,22.668,2026-02-01T10:06:40
MCH-L-01,long,L,308.978,339.82,1900.0,90.0,22.731,2026-02-01T10:06:50
MCH-L-01,long,L,309.397,340.0,1900.0,90.0,22.784,2026-02-01T10:07:00
MCH-L-01,long,L,309.634,340.0,1900.0,90.0,22.825,2026-02-01T10:07:10
MCH-L-01,long,L,309.99,340.0,1900.0,90.0,22.846,2026-02-01T10:07:20
MCH-L-01,long,L,310.167,340.0,1900.0,90.0,22.876,2026-02-01T10:07:30
MCH-L-01,long,L,310.484,340.0,1900.0,90.0,22.957,2026-02-01T10:07:40
MCH-L-01,long,L,310.619,340.0,1900.0,90.0,23.029,2026-02-01T10:07:50
MCH-L-01,long,L,310.907,340.0,1900.0,90.0,23.074,2026-02-01T10:08:00
MCH-L-01,long,L,311.173,340.0,1900.0,90.0,23.129,2026-02-01T10:08:10
MCH-L-01,long,L,311.342,340.0,1900.0,90.0,23.197,2026-02-01T10:08:20
MCH-L-01,long,L,311.322,340.0,1900.0,90.0,23.266,2026-02-01T10:08:30
MCH-L-01,long,L,311.561,340.0,1900.0,90.0,23.346,2026-02-01T10:08:40
MCH-L-01,long,L,311.826,340.0,1900.0,90.0,23.398,2026-02-01T10:08:50
MCH-L-01,long,L,312.129,340.0,1900.0,90.0,23.45,2026-02-01T10:09:00
MCH-L-01,long,L,312.575,340.0,1900.0,90.0,23.5,2026-02-01T10:09:10
MCH-L-01,long,L,312.732,340.0,1900.0,90.0,23.578,2026-02-01T10:09:20
MCH-L-01,long,L,313.055,340.0,1900.0,90.0,23.644,2026-02-01T10:09:30
MCH-L-01,long,L,313.11,340.0,1900.0,90.0,23.707,2026-02-01T10:09:40
MCH-L-01,long,L,313.426,340.0,1900.0,90.0,23.79,2026-02-01T10:09:50
MCH-L-01,long,L,313.417,340.0,1900.0,90.0,23.827,2026-02-01T10:10:00
MCH-L-01,long,L,313.775,340.0,1900.0,90.0,23.932,2026-02-01T10:10:10
MCH-L-01,long,L,313.78,340.0,1900.0,90.0,24.003,2026-02-01T10:10:20
MCH-L-01,long,L,313.919,340.0,1900.0,90.0,24.085,2026-02-01T10:10:30
MCH-L-01,long,L,314.113,340.0,1900.0,90.0,24.174,2026-02-01T10:10:40
MCH-L-01,long,L,314.243,340.0,1900.0,90.0,24.242,2026-02-01T10:10:50
MCH-L-01,long,L,314.352,340.0,1900.0,90.0,24.314,2026-02-01T10:11:00
MCH-L-01,long,L,314.348,340.0,1900.0,90.0,24.34,2026-02-01T10:11:10
MCH-L-01,long,L,314.239,340.0,1900.0,90.0,24.448,2026-02-01T10:11:20
MCH-L-01,long,L,314.27,340.0,1900.0,90.0,24.529,2026-02-01T10:11:30
MCH-L-01,long,L,314.547,340.0,1900.0,90.0,24.607,2026-02-01T10:11:40
MCH-L-01,long,L,314.731,340.0,1900.0,90.0,24.658,2026-02-01T10:11:50
MCH-L-01,long,L,314.804,340.0,1900.0,90.0,24.7,2026-02-01T10:12:00
MCH-L-01,long,L,314.934,340.0,1900.0,90.0,24.774,2026-02-01T10:12:10
MCH-L-01,long,L,315.228,340.0,1900.0,90.0,24.843,2026-02-01T10:12:20
MCH-L-01,long,L,315.311,340.0,1900.0,90.0,24.908,2026-02-01T10:12:30
MCH-L-01,long,L,315.456,340.0,1900.0,90.0,24.964,2026-02-01T10:12:40
MCH-L-01,long,L,315.516,340.0,1900.0,90.0,25.03,2026-02-01T10:12:50
MCH-L-01,long,L,315.66,340.0,1900.0,90.0,25.117,2026-02-01T10:13:00
MCH-L-01,long,L,315.795,340.0,1900.0,90.0,25.197,2026-02-01T10:13:10
MCH-L-01,long,L,315.788,340.0,1900.0,90.0,25.269,2026-02-01T10:13:20
MCH-L-01,long,L,315.646,340.0,1900.0,90.0,25.367,2026-02-01T10:13:30
MCH-L-01,long,L,315.707,340.0,1900.0,90.0,25.454,2026-02-01T10:13:40
MCH-L-01,long,L,315.783,340.0,1900.0,90.0,25.501,2026-02-01T10:13:50
MCH-L-01,long,L,315.77,340.0,1900.0,90.0,25.572,2026-02-01T10:14:00
MCH-L-01,long,L,315.736,340.0,1899.379,90.0,25.644,2026-02-01T10:14:10
MCH-L-01,long,L,315.868,340.0,1836.674,90.0,25.718,2026-02-01T10:14:20
MCH-L-01,long,L,315.82,340.0,1758.507,90.0,25.769,2026-02-01T10:14:30
MCH-L-01,long,L,315.803,340.0,1748.655,90.0,25.827,2026-02-01T10:14:40
MCH-L-01,long,L,315.883,340.0,1735.528,90.0,25.879,2026-02-01T10:14:50
MCH-L-01,long,L,315.906,340.0,1728.524,90.0,25.936,2026-02-01T10:15:00
MCH-L-01,long,L,315.823,340.0,1673.807,90.0,26.012,2026-02-01T10:15:10
MCH-L-01,long,L,315.808,340.0,1657.028,90.0,26.048,2026-02-01T10:15:20
MCH-L-01,long,L,315.817,340.0,1641.468,90.0,26.105,2026-02-01T10:15:30
MCH-L-01,long,L,315.711,340.0,1628.761,90.0,26.183,2026-02-01T10:15:40
MCH-L-01,long,L,315.819,340.0,1621.328,90.0,26.27,2026-02-01T10:15:50
MCH-L-01,long,L,315.792,340.0,1610.43,90.0,26.338,2026-02-01T10:16:00
MCH-L-01,long,L,315.685,340.0,1610.3,90.0,26.377,2026-02-01T10:16:10
MCH-L-01,long,L,315.522,340.0,1593.121,90.0,26.424,2026-02-01T10:16:20
MCH-L-01,long,L,315.403,340.0,1592.367,90.0,26.459,2026-02-01T10:16:30
MCH-L-01,long,L,315.264,340.0,1579.633,90.0,26.547,2026-02-01T10:16:40
MCH-L-01,long,L,315.068,340.0,1568.085,90.0,26.611,2026-02-01T10:16:50
MCH-L-01,long,L,314.98,340.0,1555.756,90.0,26.669,2026-02-01T10:17:00
MCH-L-01,long,L,314.801,340.0,1543.481,90.0,26.733,2026-02-01T10:17:10
MCH-L-01,long,L,314.597,340.0,1546.884,90.0,26.825,2026-02-01T10:17:20
MCH-L-01,long,L,314.558,340.0,1525.77,90.0,26.904,2026-02-01T10:17:30
MCH-L-01,long,L,314.437,340.0,1521.916,90.0,26.963,2026-02-01T10:17:40
MCH-L-01,long,L,314.221,340.0,1510.916,90.0,27.034,2026-02-01T10:17:50
MCH-L-01,long,L,314.012,340.0,1507.762,90.0,27.088,2026-02-01T10:18:00
MCH-L-01,long,L,314.028,340.0,1489.557,90.0,27.165,2026-02-01T10:18:10
MCH-L-01,long,L,313.887,340.0,1483.305,90.0,27.234,2026-02-01T10:18:20
MCH-L-01,long,L,313.645,339.439,1487.352,90.0,27.27,2026-02-01T10:18:30
MCH-L-01,long,L,313.587,338.885,1480.933,90.0,27.342,2026-02-01T10:18:40
MCH-L-01,long,L,313.322,338.433,1478.445,90.0,27.408,2026-02-01T10:18:50
MCH-L-01,long,L,313.113,337.799,1477.056,90.0,27.514,2026-02-01T10:19:00
MCH-L-01,long,L,313.037,337.439,1471.298,90.0,27.596,2026-02-01T10:19:10
MCH-L-01,long,L,312.745,337.135,1444.28,90.0,27.646,2026-02-01T10:19:20
MCH-L-01,long,L,312.377,336.65,1446.082,90.0,27.68,2026-02-01T10:19:30
MCH-L-01,long,L,312.067,336.067,1450.521,90.0,27.728,2026-02-01T10:19:40
MCH-L-01,long,L,311.771,335.478,1454.185,90.0,27.774,2026-02-01T10:19:50
MCH-L-01,long,L,311.581,334.649,1445.665,90.0,27.826,2026-02-01T10:20:00
MCH-L-01,long,L,311.425,334.08,1442.529,90.0,27.903,2026-02-01T10:20:10
MCH-L-01,long,L,311.244,333.447,1435.873,90.0,27.961,2026-02-01T10:20:20
MCH-L-01,long,L,310.93,332.897,1426.029,90.0,28.014,2026-02-01T10:20:30
MCH-L-01,long,L,310.492,332.372,1437.939,90.0,28.103,2026-02-01T10:20:40
MCH-L-01,long,L,310.221,331.818,1430.518,90.0,28.176,2026-02-01T10:20:50
MCH-L-01,long,L,309.963,331.167,1424.403,90.0,28.239,2026-02-01T10:21:00
MCH-L-01,long,L,309.61,330.754,1451.029,90.0,28.292,2026-02-01T10:21:10
MCH-L-01,long,L,309.447,330.525,1455.202,90.0,28.406,2026-02-01T10:21:20
MCH-L-01,long,L,309.249,329.951,1456.001,90.0,28.492,2026-02-01T10:21:30
MCH-L-01,long,L,308.927,329.535,1465.908,90.0,28.562,2026-02-01T10:21:40
MCH-L-01,long,L,308.575,329.02,1486.45,90.0,28.646,2026-02-01T10:21:50
MCH-L-01,long,L,308.532,328.749,1491.509,90.0,28.733,2026-02-01T10:22:00
MCH-L-01,long,L,308.326,328.328,1473.896,90.0,28.807,2026-02-01T10:22:10
MCH-L-01,long,L,308.051,327.971,1474.736,90.0,28.86,2026-02-01T10:22:20
MCH-L-01,long,L,307.85,327.386,1493.855,90.0,28.93,2026-02-01T10:22:30
MCH-L-01,long,L,307.766,327.84,1479.107,90.0,28.978,2026-02-01T10:22:40
MCH-L-01,long,L,307.492,327.433,1500.323,90.0,29.061,2026-02-01T10:22:50
MCH-L-01,long,L,307.187,326.971,1512.749,90.0,29.12,2026-02-01T10:23:00
MCH-L-01,long,L,306.913,326.722,1514.316,90.0,29.229,2026-02-01T10:23:10
MCH-L-01,long,L,306.825,326.484,1527.229,90.0,29.271,2026-02-01T10:23:20
MCH-L-01,long,L,306.62,326.095,1541.146,90.0,29.333,2026-02-01T10:23:30
MCH-L-01,long,L,306.442,325.887,1552.016,90.0,29.399,2026-02-01T10:23:40
MCH-L-01,long,L,306.141,325.648,1550.896,90.0,29.485,2026-02-01T10:23:50
MCH-L-01,long,L,305.913,325.231,1570.504,90.0,29.575,2026-02-01T10:24:00
MCH-L-01,long,L,305.599,324.847,1595.827,90.0,29.628,2026-02-01T10:24:10
MCH-L-01,long,L,305.412,324.672,1608.908,90.0,29.723,2026-02-01T10:24:20
MCH-L-01,long,L,305.045,324.22,1627.812,90.0,29.852,2026-02-01T10:24:30
MCH-L-01,long,L,304.855,323.703,1651.788,90.0,29.898,2026-02-01T10:24:40
MCH-L-01,long,L,304.565,323.515,1663.491,90.0,29.961,2026-02-01T10:24:50
MCH-L-01,long,L,304.42,323.351,1681.003,90.0,30.022,2026-02-01T10:25:00
MCH-L-01,long,L,304.292,323.101,1690.282,90.0,30.057,2026-02-01T10:25:10
MCH-L-01,long,L,304.017,322.912,1707.026,90.0,30.118,2026-02-01T10:25:20
MCH-L-01,long,L,303.842,322.602,1714.292,90.0,30.173,2026-02-01T10:25:30
MCH-L-01,long,L,303.759,322.196,1710.619,90.0,30.248,2026-02-01T10:25:40
MCH-L-01,long,L,303.608,321.785,1728.246,90.0,30.352,2026-02-01T10:25:50
MCH-L-01,long,L,303.391,321.535,1740.245,90.0,30.396,2026-02-01T10:26:00
MCH-L-01,long,L,303.397,321.271,1752.425,90.0,30.486,2026-02-01T10:26:10
MCH-L-01,long,L,303.17,321.05,1773.701,90.0,30.508,2026-02-01T10:26:20
MCH-L-01,long,L,303.198,320.713,1785.63,90.0,30.591,2026-02-01T10:26:30
MCH-L-01,long,L,303.044,320.679,1787.976,90.0,30.646,2026-02-01T10:26:40
MCH-L-01,long,L,302.816,320.787,1804.725,90.0,30.705,2026-02-01T10:26:50
MCH-L-01,long,L,302.781,320.42,1819.766,90.0,30.767,2026-02-01T10:27:00
MCH-L-01,long,L,302.615,320.319,1842.728,90.0,30.844,2026-02-01T10:27:10
MCH-L-01,long,L,302.599,320.278,1861.527,90.0,30.923,2026-02-01T10:27:20
MCH-L-01,long,L,302.716,320.356,1895.603,90.0,31.008,2026-02-01T10:27:30
MCH-L-01,long,L,302.713,320.291,1900.0,90.0,31.076,2026-02-01T10:27:40
MCH-L-01,long,L,302.547,320.171,1900.0,90.0,31.123,2026-02-01T10:27:50
MCH-L-01,long,L,302.593,320.293,1900.0,90.0,31.216,2026-02-01T10:28:00
MCH-L-01,long,L,302.454,320.343,1900.0,90.0,31.287,2026-02-01T10:28:10
MCH-L-01,long,L,302.49,320.419,1900.0,90.0,31.326,2026-02-01T10:28:20
MCH-L-01,long,L,302.482,320.334,1900.0,90.0,31.367,2026-02-01T10:28:30
MCH-L-01,long,L,302.644,320.34,1900.0,90.0,31.441,2026-02-01T10:28:40
MCH-L-01,long,L,302.6,320.245,1900.0,90.0,31.507,2026-02-01T10:28:50
MCH-L-01,long,L,302.657,320.256,1900.0,90.0,31.561,2026-02-01T10:29:00
MCH-L-01,long,L,302.788,320.423,1900.0,90.0,31.637,2026-02-01T10:29:10
MCH-L-01,long,L,302.893,320.534,1900.0,90.0,31.736,2026-02-01T10:29:20
MCH-L-01,long,L,302.997,320.654,1900.0,90.0,31.776,2026-02-01T10:29:30
MCH-L-01,long,L,303.104,320.971,1900.0,90.0,31.829,2026-02-01T10:29:40
MCH-L-01,long,L,303.165,321.226,1900.0,90.0,31.884,2026-02-01T10:29:50
MCH-L-01,long,L,303.445,321.457,1900.0,90.0,31.975,2026-02-01T10:30:00
MCH-L-01,long,L,303.705,321.537,1900.0,90.0,32.067,2026-02-01T10:30:10
MCH-L-01,long,L,303.8,321.521,1900.0,90.0,32.13,2026-02-01T10:30:20
MCH-L-01,long,L,303.962,321.73,1900.0,90.0,32.196,2026-02-01T10:30:30
MCH-L-01,long,L,304.189,321.997,1900.0,90.0,32.289,2026-02-01T10:30:40
MCH-L-01,long,L,304.317,322.241,1900.0,90.0,32.365,2026-02-01T10:30:50
MCH-L-01,long,L,304.421,322.495,1900.0,90.0,32.414,2026-02-01T10:31:00
MCH-L-01,long,L,304.565,322.744,1900.0,90.0,32.498,2026-02-01T10:31:10
MCH-L-01,long,L,304.644,323.003,1900.0,90.0,32.551,2026-02-01T10:31:20
MCH-L-01,long,L,304.844,323.204,1900.0,89.293,32.625,2026-02-01T10:31:30
MCH-L-01,long,L,304.992,323.487,1900.0,88.497,32.7,2026-02-01T10:31:40
MCH-L-01,long,L,305.203,324.098,1900.0,87.754,32.786,2026-02-01T10:31:50
MCH-L-01,long,L,305.501,324.464,1900.0,86.931,15.178,2026-02-01T10:32:00
MCH-L-01,long,L,305.807,324.746,1900.0,86.225,15.223,2026-02-01T10:32:10
MCH-L-01,long,L,306.17,325.007,1900.0,85.244,15.319,2026-02-01T10:32:20
MCH-L-01,long,L,306.308,325.1,1900.0,84.632,15.392,2026-02-01T10:32:30
MCH-L-01,long,L,306.572,325.383,1900.0,83.871,15.49,2026-02-01T10:32:40
MCH-L-01,long,L,306.818,325.728,1900.0,82.839,15.556,2026-02-01T10:32:50
MCH-L-01,long,L,307.107,326.272,1900.0,81.889,15.629,2026-02-01T10:33:00
MCH-L-01,long,L,307.478,326.537,1900.0,81.04,15.698,2026-02-01T10:33:10
MCH-L-01,long,L,307.878,327.007,1900.0,81.073,15.785,2026-02-01T10:33:20
MCH-L-01,long,L,308.15,327.481,1900.0,80.161,15.866,2026-02-01T10:33:30
MCH-L-01,long,L,308.47,327.915,1900.0,79.587,15.936,2026-02-01T10:33:40
MCH-L-01,long,L,308.783,328.393,1900.0,78.679,15.966,2026-02-01T10:33:50
MCH-L-01,long,L,309.162,328.874,1900.0,76.997,16.033,2026-02-01T10:34:00
MCH-L-01,long,L,309.515,329.231,1900.0,75.868,16.116,2026-02-01T10:34:10
MCH-L-01,long,L,309.852,329.734,1900.0,75.477,16.154,2026-02-01T10:34:20
MCH-L-01,long,L,310.248,330.182,1900.0,74.174,16.229,2026-02-01T10:34:30
MCH-L-01,long,L,310.576,330.572,1900.0,73.278,16.297,2026-02-01T10:34:40
MCH-L-01,long,L,310.923,330.942,1900.0,72.532,16.357,2026-02-01T10:34:50
MCH-L-01,long,L,311.316,331.602,1900.0,71.62,16.423,2026-02-01T10:35:00
MCH-L-01,long,L,311.878,332.087,1900.0,70.874,16.501,2026-02-01T10:35:10
MCH-L-01,long,L,312.23,332.843,1900.0,70.43,16.561,2026-02-01T10:35:20
MCH-L-01,long,L,312.642,333.34,1900.0,69.529,16.613,2026-02-01T10:35:30
MCH-L-01,long,L,313.039,333.859,1900.0,68.77,16.697,2026-02-01T10:35:40
MCH-L-01,long,L,313.24,334.234,1900.0,67.62,16.76,2026-02-01T10:35:50
MCH-L-01,long,L,313.5,334.449,1900.0,66.694,16.822,2026-02-01T10:36:00
MCH-L-01,long,L,314.017,334.955,1900.0,66.043,16.92,2026-02-01T10:36:10
MCH-L-01,long,L,314.394,335.446,1900.0,65.296,16.975,2026-02-01T10:36:20
MCH-L-01,long,L,314.683,335.955,1900.0,64.36,17.024,2026-02-01T10:36:30
MCH-L-01,long,L,315.147,336.567,1900.0,63.841,17.093,2026-02-01T10:36:40
MCH-L-01,long,L,315.555,337.235,1900.0,63.12,17.169,2026-02-01T10:36:50
MCH-L-01,long,L,316.026,337.64,1900.0,62.054,17.229,2026-02-01T10:37:00
MCH-L-01,long,L,316.549,338.153,1900.0,60.907,17.294,2026-02-01T10:37:10
MCH-L-01,long,L,316.931,338.627,1900.0,60.264,17.339,2026-02-01T10:37:20
MCH-L-01,long,L,317.403,338.982,1900.0,59.581,17.428,2026-02-01T10:37:30
MCH-L-01,long,L,317.689,339.393,1900.0,58.756,17.529,2026-02-01T10:37:40
MCH-L-01,long,L,318.311,339.963,1900.0,58.332,17.58,2026-02-01T10:37:50
MCH-L-01,long,L,318.784,340.0,1900.0,57.686,17.652,2026-02-01T10:38:00
MCH-L-01,long,L,319.088,340.0,1900.0,56.917,17.708,2026-02-01T10:38:10
MCH-L-01,long,L,319.509,340.0,1900.0,56.82,17.758,2026-02-01T10:38:20
MCH-L-01,long,L,320.0,340.0,1900.0,56.26,17.803,2026-02-01T10:38:30
MCH-L-01,long,L,320.0,340.0,1900.0,56.048,17.848,2026-02-01T10:38:40
MCH-L-01,long,L,320.0,340.0,1900.0,56.34,17.91,2026-02-01T10:38:50
MCH-L-01,long,L,320.0,340.0,1900.0,55.729,17.966,2026-02-01T10:39:00
MCH-L-01,long,L,320.0,340.0,1900.0,55.326,18.03,2026-02-01T10:39:10
MCH-L-01,long,L,320.0,340.0,1900.0,54.927,18.111,2026-02-01T10:39:20
MCH-L-01,long,L,320.0,340.0,1900.0,54.076,18.181,2026-02-01T10:39:30
MCH-L-01,long,L,320.0,340.0,1900.0,53.485,18.269,2026-02-01T10:39:40
MCH-L-01,long,L,320.0,340.0,1900.0,53.262,18.361,2026-02-01T10:39:50
MCH-L-01,long,L,320.0,340.0,1900.0,52.841,18.442,2026-02-01T10:40:00
MCH-L-01,long,L,320.0,340.0,1900.0,52.589,18.529,2026-02-01T10:40:10
MCH-L-01,long,L,320.0,340.0,1900.0,52.704,18.611,2026-02-01T10:40:20
MCH-L-01,long,L,320.0,340.0,1900.0,52.65,18.673,2026-02-01T10:40:30
MCH-L-01,long,L,320.0,340.0,1900.0,51.966,18.731,2026-02-01T10:40:40
MCH-L-01,long,L,320.0,340.0,1900.0,51.792,18.826,2026-02-01T10:40:50
MCH-L-01,long,L,320.0,340.0,1900.0,51.113,18.884,2026-02-01T10:41:00
MCH-L-01,long,L,320.0,340.0,1900.0,51.133,18.969,2026-02-01T10:41:10
MCH-L-01,long,L,320.0,340.0,1900.0,50.969,19.08,2026-02-01T10:41:20
MCH-L-01,long,L,320.0,340.0,1900.0,50.674,19.136,2026-02-01T10:41:30
MCH-L-01,long,L,320.0,340.0,1900.0,50.418,19.187,2026-02-01T10:41:40
MCH-L-01,long,L,320.0,340.0,1900.0,50.639,19.288,2026-02-01T10:41:50
MCH-L-01,long,L,320.0,340.0,1900.0,49.793,19.352,2026-02-01T10:42:00
MCH-L-01,long,L,320.0,340.0,1900.0,49.067,19.46,2026-02-01T10:42:10
MCH-L-01,long,L,320.0,340.0,1900.0,48.911,19.497,2026-02-01T10:42:20
MCH-L-01,long,L,320.0,340.0,1900.0,48.619,19.54,2026-02-01T10:42:30
MCH-L-01,long,L,320.0,340.0,1900.0,48.54,19.61,2026-02-01T10:42:40
MCH-L-01,long,L,320.0,340.0,1900.0,48.182,19.686,2026-02-01T10:42:50
MCH-L-01,long,L,320.0,340.0,1900.0,48.589,19.777,2026-02-01T10:43:00
MCH-L-01,long,L,320.0,340.0,1900.0,48.48,19.834,2026-02-01T10:43:10
MCH-L-01,long,L,320.0,340.0,1900.0,48.536,19.905,2026-02-01T10:43:20
MCH-L-01,long,L,320.0,340.0,1900.0,48.692,20.005,2026-02-01T10:43:30
MCH-L-01,long,L,320.0,340.0,1900.0,49.294,20.072,2026-02-01T10:43:40
MCH-L-01,long,L,320.0,340.0,1900.0,49.091,20.127,2026-02-01T10:43:50
MCH-L-01,long,L,320.0,340.0,1900.0,49.148,20.189,2026-02-01T10:44:00
MCH-L-01,long,L,320.0,340.0,1900.0,49.149,20.278,2026-02-01T10:44:10
MCH-L-01,long,L,320.0,340.0,1900.0,49.883,20.323,2026-02-01T10:44:20
MCH-L-01,long,L,320.0,340.0,1900.0,50.905,20.363,2026-02-01T10:44:30
MCH-L-01,long,L,320.0,340.0,1900.0,51.37,20.466,2026-02-01T10:44:40
MCH-L-01,long,L,320.0,340.0,1900.0,51.614,20.504,2026-02-01T10:44:50
MCH-L-01,long,L,320.0,340.0,1900.0,52.073,20.585,2026-02-01T10:45:00
MCH-L-01,long,L,320.0,340.0,1900.0,52.111,20.681,2026-02-01T10:45:10
MCH-L-01,long,L,320.0,340.0,1900.0,52.376,20.716,2026-02-01T10:45:20
MCH-L-01,long,L,320.0,340.0,1900.0,52.209,20.785,2026-02-01T10:45:30
MCH-L-01,long,L,320.0,340.0,1900.0,52.836,20.852,2026-02-01T10:45:40
MCH-L-01,long,L,320.0,340.0,1900.0,52.477,20.905,2026-02-01T10:45:50
MCH-L-01,long,L,320.0,340.0,1900.0,52.827,20.992,2026-02-01T10:46:00
MCH-L-01,long,L,320.0,340.0,1900.0,52.98,21.045,2026-02-01T10:46:10
MCH-L-01,long,L,320.0,340.0,1900.0,53.874,21.134,2026-02-01T10:46:20
MCH-L-01,long,L,320.0,340.0,1900.0,54.301,21.181,2026-02-01T10:46:30
MCH-L-01,long,L,320.0,340.0,1900.0,54.959,21.243,2026-02-01T10:46:40
MCH-L-01,long,L,320.0,340.0,1900.0,55.503,21.342,2026-02-01T10:46:50
MCH-L-01,long,L,320.0,340.0,1900.0,55.777,21.417,2026-02-01T10:47:00
MCH-L-01,long,L,320.0,340.0,1900.0,56.096,21.514,2026-02-01T10:47:10
MCH-L-01,long,L,320.0,340.0,1900.0,57.013,21.578,2026-02-01T10:47:20
MCH-L-01,long,L,320.0,340.0,1900.0,57.403,21.638,2026-02-01T10:47:30
MCH-L-01,long,L,320.0,340.0,1900.0,57.608,21.727,2026-02-01T10:47:40
MCH-L-01,long,L,320.0,340.0,1900.0,58.115,21.824,2026-02-01T10:47:50
MCH-L-01,long,L,320.0,340.0,1900.0,58.435,21.883,2026-02-01T10:48:00
MCH-L-01,long,L,320.0,340.0,1900.0,58.576,21.962,2026-02-01T10:48:10
MCH-L-01,long,L,320.0,340.0,1900.0,59.014,22.025,2026-02-01T10:48:20
MCH-L-01,long,L,320.0,340.0,1900.0,59.386,22.092,2026-02-01T10:48:30
MCH-L-01,long,L,320.0,340.0,1900.0,60.174,22.164,2026-02-01T10:48:40
MCH-L-01,long,L,320.0,340.0,1900.0,60.826,22.215,2026-02-01T10:48:50
MCH-L-01,long,L,320.0,340.0,1900.0,61.621,22.265,2026-02-01T10:49:00
MCH-L-01,long,L,320.0,340.0,1900.0,62.912,22.331,2026-02-01T10:49:10
MCH-L-01,long,L,320.0,340.0,1900.0,63.199,22.371,2026-02-01T10:49:20
MCH-L-01,long,L,320.0,340.0,1900.0,63.751,22.419,2026-02-01T10:49:30
MCH-L-01,long,L,320.0,340.0,1900.0,64.179,22.497,2026-02-01T10:49:40
MCH-L-01,long,L,320.0,340.0,1900.0,64.18,22.578,2026-02-01T10:49:50
MCH-L-01,long,L,320.0,340.0,1900.0,64.946,22.638,2026-02-01T10:50:00
MCH-L-01,long,L,320.0,340.0,1900.0,65.848,22.695,2026-02-01T10:50:10
MCH-L-01,long,L,320.0,340.0,1900.0,66.187,22.79,2026-02-01T10:50:20
MCH-L-01,long,L,320.0,340.0,1900.0,67.056,22.865,2026-02-01T10:50:30
MCH-L-01,long,L,320.0,340.0,1900.0,67.499,22.938,2026-02-01T10:50:40
MCH-L-01,long,L,320.0,340.0,1900.0,68.005,22.998,2026-02-01T10:50:50
MCH-L-01,long,L,320.0,340.0,1900.0,67.994,23.079,2026-02-01T10:51:00
MCH-L-01,long,L,320.0,340.0,1900.0,68.217,23.148,2026-02-01T10:51:10
MCH-L-01,long,L,320.0,340.0,1900.0,68.198,23.212,2026-02-01T10:51:20
MCH-L-01,long,L,320.0,340.0,1900.0,68.793,23.3,2026-02-01T10:51:30
MCH-L-01,long,L,320.0,340.0,1900.0,69.188,23.369,2026-02-01T10:51:40
MCH-L-01,long,L,320.0,340.0,1900.0,70.036,23.442,2026-02-01T10:51:50
MCH-L-01,long,L,320.0,340.0,1900.0,70.848,23.546,2026-02-01T10:52:00
MCH-L-01,long,L,320.0,340.0,1900.0,71.767,23.63,2026-02-01T10:52:10
MCH-L-01,long,L,320.0,340.0,1900.0,72.538,23.697,2026-02-01T10:52:20
MCH-L-01,long,L,320.0,340.0,1900.0,73.293,23.763,2026-02-01T10:52:30
MCH-L-01,long,L,320.0,340.0,1900.0,74.055,23.868,2026-02-01T10:52:40
MCH-L-01,long,L,320.0,340.0,1900.0,74.665,23.927,2026-02-01T10:52:50
MCH-L-01,long,L,320.0,340.0,1900.0,76.056,23.985,2026-02-01T10:53:00
MCH-L-01,long,L,320.0,339.92,1900.0,76.377,24.031,2026-02-01T10:53:10
MCH-L-01,long,L,320.0,339.401,1900.0,76.986,24.106,2026-02-01T10:53:20
MCH-L-01,long,L,320.0,338.895,1900.0,77.908,24.166,2026-02-01T10:53:30
MCH-L-01,long,L,320.0,338.359,1900.0,78.443,24.219,2026-02-01T10:53:40
MCH-L-01,long,L,320.0,337.808,1900.0,78.744,24.304,2026-02-01T10:53:50
MCH-L-01,long,L,320.0,337.463,1900.0,79.833,24.361,2026-02-01T10:54:00
MCH-L-01,long,L,320.0,336.923,1900.0,80.621,24.461,2026-02-01T10:54:10
MCH-L-01,long,L,320.0,336.42,1900.0,81.841,24.541,2026-02-01T10:54:20
MCH-L-01,long,L,320.0,335.836,1900.0,83.099,24.602,2026-02-01T10:54:30
MCH-L-01,long,L,320.0,335.297,1900.0,83.821,24.662,2026-02-01T10:54:40
MCH-L-01,long,L,320.0,334.784,1900.0,84.568,24.749,2026-02-01T10:54:50
MCH-L-01,long,L,320.0,334.312,1900.0,85.626,24.834,2026-02-01T10:55:00
MCH-L-01,long,L,320.0,334.078,1900.0,86.672,24.87,2026-02-01T10:55:10
MCH-L-01,long,L,320.0,333.72,1900.0,87.262,24.915,2026-02-01T10:55:20
MCH-L-01,long,L,320.0,333.261,1900.0,88.053,25.018,2026-02-01T10:55:30
MCH-L-01,long,L,320.0,332.682,1900.0,88.888,25.09,2026-02-01T10:55:40
MCH-L-01,long,L,320.0,332.411,1900.0,89.68,25.149,2026-02-01T10:55:50
MCH-L-01,long,L,320.0,331.882,1900.0,90.0,25.238,2026-02-01T10:56:00
MCH-L-01,long,L,320.0,331.402,1900.0,90.0,25.307,2026-02-01T10:56:10
MCH-L-01,long,L,320.0,331.079,1900.0,90.0,25.407,2026-02-01T10:56:20
MCH-L-01,long,L,320.0,330.846,1900.0,90.0,25.476,2026-02-01T10:56:30
MCH-L-01,long,L,320.0,330.395,1900.0,90.0,25.554,2026-02-01T10:56:40
MCH-L-01,long,L,320.0,330.012,1900.0,90.0,25.633,2026-02-01T10:56:50
MCH-L-01,long,L,320.0,329.667,1900.0,90.0,25.697,2026-02-01T10:57:00
MCH-L-01,long,L,319.595,329.247,1900.0,90.0,25.757,2026-02-01T10:57:10
MCH-L-01,long,L,319.064,328.938,1900.0,90.0,25.836,2026-02-01T10:57:20
MCH-L-01,long,L,318.612,328.577,1900.0,90.0,25.889,2026-02-01T10:57:30
MCH-L-01,long,L,318.107,328.38,1900.0,90.0,25.959,2026-02-01T10:57:40
MCH-L-01,long,L,317.684,327.891,1900.0,90.0,26.007,2026-02-01T10:57:50
MCH-L-01,long,L,317.274,327.669,1900.0,90.0,26.093,2026-02-01T10:58:00
MCH-L-01,long,L,316.757,327.466,1900.0,90.0,26.132,2026-02-01T10:58:10
MCH-L-01,long,L,316.071,327.396,1900.0,90.0,26.202,2026-02-01T10:58:20
MCH-L-01,long,L,315.648,326.902,1900.0,90.0,26.286,2026-02-01T10:58:30
MCH-L-01,long,L,315.246,326.603,1900.0,90.0,26.33,2026-02-01T10:58:40
MCH-L-01,long,L,314.715,326.275,1900.0,90.0,26.408,2026-02-01T10:58:50
MCH-L-01,long,L,314.51,325.868,1900.0,90.0,26.479,2026-02-01T10:59:00
MCH-L-01,long,L,314.037,325.52,1900.0,90.0,26.54,2026-02-01T10:59:10
MCH-L-01,long,L,313.556,325.398,1900.0,90.0,26.631,2026-02-01T10:59:20
MCH-L-01,long,L,313.291,325.167,1900.0,90.0,26.698,2026-02-01T10:59:30
MCH-L-01,long,L,312.776,325.174,1900.0,90.0,26.743,2026-02-01T10:59:40
MCH-L-01,long,L,312.369,325.046,1900.0,90.0,26.824,2026-02-01T10:59:50
MCH-L-01,long,L,311.914,325.056,1900.0,90.0,26.875,2026-02-01T11:00:00
MCH-L-01,long,L,311.572,326.383,1900.0,90.0,26.953,2026-02-01T11:00:10
MCH-L-01,long,L,311.294,326.194,1900.0,90.0,27.048,2026-02-01T11:00:20
MCH-L-01,long,L,311.03,326.141,1900.0,90.0,27.126,2026-02-01T11:00:30
MCH-L-01,long,L,310.813,326.288,1900.0,90.0,27.214,2026-02-01T11:00:40
MCH-L-01,long,L,310.492,326.238,1900.0,90.0,27.308,2026-02-01T11:00:50
MCH-L-01,long,L,310.077,326.021,1900.0,90.0,27.376,2026-02-01T11:01:00
MCH-L-01,long,L,309.622,325.941,1900.0,90.0,27.44,2026-02-01T11:01:10
MCH-L-01,long,L,309.383,326.177,1900.0,90.0,27.507,2026-02-01T11:01:20
MCH-L-01,long,L,309.042,326.321,1900.0,90.0,27.555,2026-02-01T11:01:30
MCH-L-01,long,L,308.794,326.236,1900.0,90.0,27.594,2026-02-01T11:01:40
MCH-L-01,long,L,308.549,326.179,1900.0,90.0,27.661,2026-02-01T11:01:50
MCH-L-01,long,L,308.031,326.312,1900.0,90.0,27.759,2026-02-01T11:02:00
MCH-L-01,long,L,307.974,326.43,1900.0,90.0,27.819,2026-02-01T11:02:10
MCH-L-01,long,L,307.824,326.471,1900.0,90.0,27.884,2026-02-01T11:02:20
MCH-L-01,long,L,307.401,326.566,1900.0,90.0,27.954,2026-02-01T11:02:30
MCH-L-01,long,L,307.022,326.66,1900.0,90.0,28.044,2026-02-01T11:02:40
MCH-L-01,long,L,306.756,326.829,1900.0,90.0,28.106,2026-02-01T11:02:50
MCH-L-01,long,L,306.402,326.911,1900.0,90.0,28.186,2026-02-01T11:03:00
MCH-L-01,long,L,306.119,327.161,1900.0,90.0,28.245,2026-02-01T11:03:10
MCH-L-01,long,L,306.036,327.137,1900.0,90.0,28.327,2026-02-01T11:03:20
MCH-L-01,long,L,305.774,327.261,1900.0,90.0,28.404,2026-02-01T11:03:30
MCH-L-01,long,L,305.715,327.363,1900.0,90.0,28.498,2026-02-01T11:03:40
MCH-L-01,long,L,305.566,327.405,1900.0,90.0,28.59,2026-02-01T11:03:50
MCH-L-01,long,L,305.397,327.623,1900.0,90.0,28.671,2026-02-01T11:04:00
MCH-L-01,long,L,305.121,327.754,1900.0,90.0,28.745,2026-02-01T11:04:10
MCH-L-01,long,L,305.024,327.986,1900.0,90.0,28.832,2026-02-01T11:04:20
MCH-L-01,long,L,304.874,328.282,1900.0,90.0,28.913,2026-02-01T11:04:30
MCH-L-01,long,L,304.609,328.633,1900.0,90.0,29.012,2026-02-01T11:04:40
MCH-L-01,long,L,304.537,328.708,1900.0,90.0,29.083,2026-02-01T11:04:50
MCH-L-01,long,L,304.452,329.116,1900.0,90.0,29.159,2026-02-01T11:05:00
MCH-L-01,long,L,304.413,329.372,1900.0,90.0,29.252,2026-02-01T11:05:10
MCH-L-01,long,L,304.242,329.581,1900.0,90.0,29.317,2026-02-01T11:05:20
MCH-L-01,long,L,304.231,329.786,1900.0,90.0,29.399,2026-02-01T11:05:30
MCH-L-01,long,L,304.254,330.089,1900.0,90.0,29.471,2026-02-01T11:05:40
MCH-L-01,long,L,304.195,330.304,1900.0,90.0,29.526,2026-02-01T11:05:50
MCH-L-01,long,L,304.112,330.74,1900.0,90.0,29.602,2026-02-01T11:06:00
MCH-L-01,long,L,303.879,331.064,1900.0,90.0,29.668,2026-02-01T11:06:10
MCH-L-01,long,L,304.09,331.237,1900.0,90.0,29.706,2026-02-01T11:06:20
MCH-L-01,long,L,304.002,331.663,1900.0,90.0,29.771,2026-02-01T11:06:30
MCH-L-01,long,L,304.233,332.126,1900.0,90.0,29.839,2026-02-01T11:06:40
MCH-L-01,long,L,304.292,332.433,1900.0,90.0,29.898,2026-02-01T11:06:50
MCH-L-01,long,L,304.406,332.871,1900.0,90.0,29.967,2026-02-01T11:07:00
MCH-L-01,long,L,304.472,333.36,1900.0,90.0,30.047,2026-02-01T11:07:10
MCH-L-01,long,L,304.546,333.685,1900.0,90.0,30.125,2026-02-01T11:07:20
MCH-L-01,long,L,304.664,334.21,1900.0,90.0,30.236,2026-02-01T11:07:30
MCH-L-01,long,L,304.787,334.491,1900.0,90.0,30.304,2026-02-01T11:07:40
MCH-L-01,long,L,304.87,334.968,1900.0,90.0,30.398,2026-02-01T11:07:50
MCH-L-01,long,L,304.926,335.487,1900.0,90.0,30.463,2026-02-01T11:08:00
MCH-L-01,long,L,304.909,335.925,1900.0,90.0,30.546,2026-02-01T11:08:10
MCH-L-01,long,L,305.151,336.205,1900.0,90.0,30.633,2026-02-01T11:08:20
MCH-L-01,long,L,305.497,336.693,1900.0,90.0,30.716,2026-02-01T11:08:30
MCH-L-01,long,L,305.723,337.032,1900.0,90.0,30.794,2026-02-01T11:08:40
MCH-L-01,long,L,305.957,337.477,1900.0,90.0,30.836,2026-02-01T11:08:50
MCH-L-01,long,L,306.134,337.843,1900.0,90.0,30.881,2026-02-01T11:09:00
MCH-L-01,long,L,306.233,338.29,1900.0,90.0,30.968,2026-02-01T11:09:10
MCH-L-01,long,L,306.398,338.931,1900.0,90.0,31.049,2026-02-01T11:09:20
MCH-L-01,long,L,306.444,339.256,1900.0,90.0,31.112,2026-02-01T11:09:30
MCH-L-01,long,L,306.471,339.624,1900.0,90.0,31.181,2026-02-01T11:09:40
MCH-L-01,long,L,306.402,340.0,1900.0,90.0,31.301,2026-02-01T11:09:50
MCH-L-01,long,L,306.561,340.0,1900.0,90.0,31.363,2026-02-01T11:10:00
MCH-L-01,long,L,306.836,340.0,1900.0,90.0,31.406,2026-02-01T11:10:10
MCH-L-01,long,L,307.074,340.0,1900.0,90.0,31.445,2026-02-01T11:10:20
MCH-L-01,long,L,307.205,340.0,1878.585,90.0,31.507,2026-02-01T11:10:30
MCH-L-01,long,L,307.525,340.0,1877.239,90.0,31.536,2026-02-01T11:10:40
MCH-L-01,long,L,307.796,340.0,1864.048,90.0,31.571,2026-02-01T11:10:50
MCH-L-01,long,L,308.184,340.0,1853.738,90.0,31.624,2026-02-01T11:11:00
MCH-L-01,long,L,308.447,340.0,1830.892,90.0,31.678,2026-02-01T11:11:10
MCH-L-01,long,L,308.66,340.0,1814.514,90.0,31.755,2026-02-01T11:11:20
MCH-L-01,long,L,308.831,340.0,1804.156,90.0,31.806,2026-02-01T11:11:30
MCH-L-01,long,L,309.082,340.0,1797.381,90.0,31.877,2026-02-01T11:11:40
MCH-L-01,long,L,309.45,340.0,1775.756,90.0,31.938,2026-02-01T11:11:50
MCH-L-01,long,L,309.697,340.0,1766.842,90.0,32.01,2026-02-01T11:12:00
MCH-L-01,long,L,309.94,340.0,1753.993,90.0,32.099,2026-02-01T11:12:10
MCH-L-01,long,L,310.173,340.0,1740.296,90.0,32.188,2026-02-01T11:12:20
MCH-L-01,long,L,310.554,340.0,1739.545,90.0,32.261,2026-02-01T11:12:30
MCH-L-01,long,L,310.746,340.0,1731.433,90.0,32.311,2026-02-01T11:12:40
MCH-L-01,long,L,311.021,340.0,1716.507,90.0,32.391,2026-02-01T11:12:50
MCH-L-01,long,L,311.389,340.0,1709.931,90.0,32.478,2026-02-01T11:13:00
MCH-L-01,long,L,311.612,340.0,1700.644,90.0,32.575,2026-02-01T11:13:10
MCH-L-01,long,L,311.851,340.0,1684.415,90.0,32.658,2026-02-01T11:13:20
MCH-L-01,long,L,312.214,340.0,1672.451,90.0,32.729,2026-02-01T11:13:30
MCH-L-01,long,L,312.523,340.0,1649.8,90.0,32.804,2026-02-01T11:13:40
MCH-L-01,long,L,312.857,340.0,1641.933,90.0,32.878,2026-02-01T11:13:50
MCH-L-01,long,L,312.99,340.0,1628.885,90.0,32.971,2026-02-01T11:14:00
MCH-L-01,long,L,313.309,340.0,1614.782,90.0,33.017,2026-02-01T11:14:10
MCH-L-01,long,L,313.724,340.0,1608.932,90.0,33.092,2026-02-01T11:14:20
MCH-L-01,long,L,313.848,340.0,1590.944,90.0,33.152,2026-02-01T11:14:30
MCH-L-01,long,L,314.242,340.0,1570.778,90.0,33.232,2026-02-01T11:14:40
MCH-L-01,long,L,314.466,340.0,1560.216,90.0,33.289,2026-02-01T11:14:50
MCH-L-01,long,L,314.505,340.0,1536.25,90.0,33.323,2026-02-01T11:15:00
MCH-L-01,long,L,314.798,340.0,1524.409,90.0,33.387,2026-02-01T11:15:10
MCH-L-01,long,L,315.117,340.0,1513.993,90.0,33.467,2026-02-01T11:15:20
MCH-L-01,long,L,315.234,340.0,1516.037,90.0,33.511,2026-02-01T11:15:30
MCH-L-01,long,L,315.564,340.0,1506.963,90.0,33.586,2026-02-01T11:15:40
MCH-L-01,long,L,315.741,340.0,1492.709,90.0,33.641,2026-02-01T11:15:50
MCH-L-01,long,L,315.935,340.0,1491.066,90.0,33.705,2026-02-01T11:16:00
MCH-L-01,long,L,316.122,340.0,1500.994,90.0,33.771,2026-02-01T11:16:10
MCH-L-01,long,L,316.199,340.0,1494.134,90.0,33.816,2026-02-01T11:16:20
MCH-L-01,long,L,316.256,340.0,1480.209,90.0,33.89,2026-02-01T11:16:30
MCH-L-01,long,L,316.476,340.0,1471.028,90.0,33.963,2026-02-01T11:16:40
MCH-L-01,long,L,316.453,340.0,1474.53,90.0,34.04,2026-02-01T11:16:50
MCH-L-01,long,L,316.662,340.0,1469.027,90.0,34.101,2026-02-01T11:17:00
MCH-L-01,long,L,316.877,340.0,1471.093,90.0,34.165,2026-02-01T11:17:10
MCH-L-01,long,L,316.965,340.0,1473.094,90.0,34.259,2026-02-01T11:17:20
MCH-L-01,long,L,316.969,340.0,1479.384,90.0,34.338,2026-02-01T11:17:30
MCH-L-01,long,L,317.055,340.0,1469.764,90.0,34.418,2026-02-01T11:17:40
MCH-L-01,long,L,317.411,340.0,1477.91,90.0,34.505,2026-02-01T11:17:50
MCH-L-01,long,L,317.564,340.0,1480.337,90.0,34.549,2026-02-01T11:18:00
MCH-L-01,long,L,317.775,340.0,1485.814,90.0,34.616,2026-02-01T11:18:10
MCH-L-01,long,L,317.98,340.0,1487.468,90.0,34.646,2026-02-01T11:18:20
MCH-L-01,long,L,318.093,340.0,1501.936,90.0,34.695,2026-02-01T11:18:30
MCH-L-01,long,L,318.216,340.0,1500.703,90.0,34.782,2026-02-01T11:18:40
MCH-L-01,long,L,318.312,340.0,1495.986,90.0,34.86,2026-02-01T11:18:50
MCH-L-01,long,L,318.385,340.0,1521.672,90.0,34.923,2026-02-01T11:19:00
MCH-L-01,long,L,318.488,340.0,1518.979,90.0,35.018,2026-02-01T11:19:10
MCH-L-01,long,L,318.491,340.0,1516.03,90.0,35.092,2026-02-01T11:19:20
MCH-L-01,long,L,318.459,340.0,1517.168,90.0,35.168,2026-02-01T11:19:30
MCH-L-01,long,L,318.595,340.0,1531.051,90.0,35.244,2026-02-01T11:19:40
MCH-L-01,long,L,318.71,340.0,1533.244,90.0,35.293,2026-02-01T11:19:50
MCH-L-01,long,L,318.775,340.0,1539.099,90.0,35.368,2026-02-01T11:20:00
MCH-L-01,long,L,318.66,340.0,1540.497,90.0,35.411,2026-02-01T11:20:10
MCH-L-01,long,L,318.518,340.0,1547.181,90.0,35.471,2026-02-01T11:20:20
MCH-L-01,long,L,318.547,340.0,1570.829,90.0,35.553,2026-02-01T11:20:30
MCH-L-01,long,L,318.455,340.0,1573.952,90.0,35.626,2026-02-01T11:20:40
MCH-L-01,long,L,318.356,340.0,1570.734,90.0,35.698,2026-02-01T11:20:50
MCH-L-01,long,L,318.354,340.0,1570.662,90.0,35.787,2026-02-01T11:21:00
MCH-L-01,long,L,318.296,340.0,1581.98,90.0,35.836,2026-02-01T11:21:10
MCH-L-01,long,L,318.073,340.0,1597.5,90.0,35.898,2026-02-01T11:21:20
MCH-L-01,long,L,318.091,340.0,1618.433,90.0,35.978,2026-02-01T11:21:30
MCH-L-01,long,L,317.986,340.0,1625.545,90.0,36.026,2026-02-01T11:21:40
MCH-L-01,long,L,317.782,340.0,1628.05,90.0,36.083,2026-02-01T11:21:50
MCH-L-01,long,L,317.788,340.0,1639.697,90.0,36.147,2026-02-01T11:22:00
MCH-L-01,long,L,317.727,340.0,1645.832,90.0,36.215,2026-02-01T11:22:10
MCH-L-01,long,L,317.537,340.0,1656.871,90.0,36.268,2026-02-01T11:22:20
MCH-L-01,long,L,317.343,340.0,1671.254,90.0,36.343,2026-02-01T11:22:30
MCH-L-01,long,L,317.156,340.0,1689.833,90.0,36.42,2026-02-01T11:22:40
MCH-L-01,long,L,317.198,340.0,1719.845,90.0,36.479,2026-02-01T11:22:50
MCH-L-01,long,L,316.926,340.0,1736.673,90.0,36.525,2026-02-01T11:23:00
MCH-L-01,long,L,316.991,340.0,1756.631,90.0,36.593,2026-02-01T11:23:10
MCH-L-01,long,L,316.904,340.0,1765.824,90.0,36.659,2026-02-01T11:23:20
MCH-L-01,long,L,316.955,340.0,1778.354,90.0,36.712,2026-02-01T11:23:30
MCH-L-01,long,L,316.834,340.0,1793.485,90.0,36.798,2026-02-01T11:23:40
MCH-L-01,long,L,316.637,340.0,1813.758,90.0,36.884,2026-02-01T11:23:50
MCH-L-01,long,L,316.504,340.0,1829.86,90.0,36.941,2026-02-01T11:24:00
MCH-L-01,long,L,316.263,340.0,1848.959,90.0,36.978,2026-02-01T11:24:10
MCH-L-01,long,L,316.007,340.0,1880.97,90.0,37.038,2026-02-01T11:24:20
MCH-L-01,long,L,315.908,340.0,1898.558,90.0,37.101,2026-02-01T11:24:30
MCH-L-01,long,L,315.664,340.0,1900.0,90.0,37.185,2026-02-01T11:24:40
MCH-L-01,long,L,315.48,340.0,1900.0,90.0,37.262,2026-02-01T11:24:50
MCH-L-01,long,L,315.303,340.0,1900.0,90.0,37.299,2026-02-01T11:25:00
MCH-L-01,long,L,315.283,340.0,1900.0,90.0,37.348,2026-02-01T11:25:10
MCH-L-01,long,L,314.965,340.0,1900.0,90.0,37.403,2026-02-01T11:25:20
MCH-L-01,long,L,314.799,340.0,1900.0,90.0,37.476,2026-02-01T11:25:30
MCH-L-01,long,L,314.544,340.0,1900.0,90.0,37.561,2026-02-01T11:25:40
MCH-L-01,long,L,314.077,340.0,1900.0,90.0,37.628,2026-02-01T11:25:50
MCH-L-01,long,L,313.996,340.0,1900.0,90.0,37.693,2026-02-01T11:26:00
MCH-L-01,long,L,313.665,340.0,1900.0,90.0,37.757,2026-02-01T11:26:10
MCH-L-01,long,L,313.285,340.0,1900.0,90.0,37.819,2026-02-01T11:26:20
MCH-L-01,long,L,313.084,340.0,1900.0,90.0,37.887,2026-02-01T11:26:30
MCH-L-01,long,L,312.813,340.0,1900.0,90.0,37.958,2026-02-01T11:26:40
MCH-L-01,long,L,312.584,340.0,1900.0,90.0,38.007,2026-02-01T11:26:50
MCH-L-01,long,L,312.41,339.967,1900.0,90.0,38.052,2026-02-01T11:27:00
MCH-L-01,long,L,312.254,339.828,1900.0,90.0,38.145,2026-02-01T11:27:10
MCH-L-01,long,L,311.954,339.292,1900.0,90.0,38.224,2026-02-01T11:27:20
MCH-L-01,long,L,311.642,338.952,1900.0,90.0,38.267,2026-02-01T11:27:30
MCH-L-01,long,L,311.342,338.556,1900.0,90.0,38.328,2026-02-01T11:27:40
MCH-L-01,long,L,311.133,338.049,1900.0,90.0,38.383,2026-02-01T11:27:50
MCH-L-01,long,L,310.962,337.508,1900.0,90.0,38.455,2026-02-01T11:28:00
MCH-L-01,long,L,310.602,337.176,1900.0,90.0,38.524,2026-02-01T11:28:10
MCH-L-01,long,L,310.616,336.708,1900.0,90.0,38.597,2026-02-01T11:28:20
MCH-L-01,long,L,310.269,336.359,1900.0,90.0,38.646,2026-02-01T11:28:30
MCH-L-01,long,L,310.063,335.82,1900.0,90.0,38.698,2026-02-01T11:28:40
MCH-L-01,long,L,309.88,335.28,1900.0,90.0,38.788,2026-02-01T11:28:50
MCH-L-01,long,L,309.93,334.733,1900.0,90.0,38.844,2026-02-01T11:29:00
MCH-L-01,long,L,309.769,334.453,1900.0,90.0,38.955,2026-02-01T11:29:10
MCH-L-01,long,L,309.4,334.174,1900.0,90.0,39.013,2026-02-01T11:29:20
MCH-L-01,long,L,309.144,333.705,1900.0,90.0,39.053,2026-02-01T11:29:30
MCH-L-01,long,L,309.015,333.175,1900.0,90.0,39.116,2026-02-01T11:29:40
MCH-L-01,long,L,308.823,332.738,1900.0,90.0,39.18,2026-02-01T11:29:50
MCH-L-01,long,L,308.573,332.372,1900.0,90.0,39.23,2026-02-01T11:30:00
MCH-L-01,long,L,308.395,331.902,1900.0,90.0,39.312,2026-02-01T11:30:10
MCH-L-01,long,L,308.188,331.252,1900.0,90.0,39.391,2026-02-01T11:30:20
MCH-L-01,long,L,307.869,331.213,1900.0,90.0,39.444,2026-02-01T11:30:30
MCH-L-01,long,L,307.46,330.814,1900.0,90.0,39.535,2026-02-01T11:30:40
MCH-L-01,long,L,307.196,330.237,1900.0,90.0,39.61,2026-02-01T11:30:50
MCH-L-01,long,L,307.175,330.07,1900.0,90.0,39.682,2026-02-01T11:31:00
MCH-L-01,long,L,306.953,329.674,1900.0,90.0,39.753,2026-02-01T11:31:10
MCH-L-01,long,L,307.019,329.464,1900.0,90.0,39.818,2026-02-01T11:31:20
MCH-L-01,long,L,306.901,329.119,1900.0,90.0,39.87,2026-02-01T11:31:30
MCH-L-01,long,L,306.83,328.746,1900.0,90.0,39.944,2026-02-01T11:31:40
MCH-L-01,long,L,306.594,328.509,1900.0,90.0,40.044,2026-02-01T11:31:50
MCH-L-01,long,L,306.562,328.395,1900.0,90.0,40.116,2026-02-01T11:32:00
MCH-L-01,long,L,306.372,328.086,1900.0,90.0,40.166,2026-02-01T11:32:10
MCH-L-01,long,L,306.337,327.833,1900.0,90.0,40.234,2026-02-01T11:32:20
MCH-L-01,long,L,306.146,327.702,1900.0,90.0,40.305,2026-02-01T11:32:30
MCH-L-01,long,L,306.092,327.48,1900.0,90.0,40.374,2026-02-01T11:32:40
MCH-L-01,long,L,305.929,327.161,1900.0,90.0,40.462,2026-02-01T11:32:50
MCH-L-01,long,L,305.787,327.062,1900.0,90.0,40.515,2026-02-01T11:33:00
MCH-L-01,long,L,305.611,326.822,1900.0,90.0,40.584,2026-02-01T11:33:10
MCH-L-01,long,L,305.717,326.68,1900.0,90.0,40.656,2026-02-01T11:33:20
MCH-L-01,long,L,305.752,326.505,1900.0,90.0,40.702,2026-02-01T11:33:30
MCH-L-01,long,L,305.602,326.384,1900.0,90.0,40.768,2026-02-01T11:33:40
MCH-L-01,long,L,305.348,326.168,1900.0,90.0,40.85,2026-02-01T11:33:50
MCH-L-01,long,L,305.327,326.037,1900.0,90.0,40.903,2026-02-01T11:34:00
MCH-L-01,long,L,305.325,326.288,1900.0,90.0,40.961,2026-02-01T11:34:10
MCH-L-01,long,L,305.199,326.155,1900.0,90.0,41.036,2026-02-01T11:34:20
MCH-L-01,long,L,304.993,325.914,1900.0,90.0,41.126,2026-02-01T11:34:30
MCH-L-01,long,L,305.058,325.842,1900.0,90.0,41.217,2026-02-01T11:34:40
MCH-L-01,long,L,305.098,325.787,1900.0,90.0,41.275,2026-02-01T11:34:50
MCH-L-01,long,L,305.106,325.781,1900.0,90.0,41.323,2026-02-01T11:35:00
MCH-L-01,long,L,305.267,325.885,1900.0,90.0,41.386,2026-02-01T11:35:10
MCH-L-01,long,L,305.276,325.853,1900.0,90.0,41.428,2026-02-01T11:35:20
MCH-L-01,long,L,305.3,326.079,1900.0,90.0,41.468,2026-02-01T11:35:30
MCH-L-01,long,L,305.312,326.104,1900.0,90.0,41.545,2026-02-01T11:35:40
MCH-L-01,long,L,305.302,326.178,1900.0,90.0,41.643,2026-02-01T11:35:50
MCH-L-01,long,L,305.457,326.352,1900.0,90.0,41.729,2026-02-01T11:36:00
MCH-L-01,long,L,305.59,326.476,1900.0,90.0,41.802,2026-02-01T11:36:10
MCH-L-01,long,L,305.725,326.529,1900.0,90.0,41.83,2026-02-01T11:36:20
MCH-L-01,long,L,305.749,326.653,1900.0,90.0,41.896,2026-02-01T11:36:30
MCH-L-01,long,L,305.908,326.79,1900.0,90.0,41.937,2026-02-01T11:36:40
MCH-L-01,long,L,306.088,326.996,1900.0,90.0,42.006,2026-02-01T11:36:50
MCH-L-01,long,L,306.209,327.207,1900.0,90.0,42.063,2026-02-01T11:37:00
MCH-L-01,long,L,306.306,327.401,1900.0,90.0,42.112,2026-02-01T11:37:10
MCH-L-01,long,L,306.477,327.449,1900.0,90.0,42.17,2026-02-01T11:37:20
MCH-L-01,long,L,306.636,327.614,1900.0,90.0,42.228,2026-02-01T11:37:30
MCH-L-01,long,L,306.965,327.905,1900.0,90.0,42.313,2026-02-01T11:37:40
MCH-L-01,long,L,307.168,328.251,1900.0,90.0,42.382,2026-02-01T11:37:50
MCH-L-01,long,L,307.452,328.33,1900.0,90.0,42.45,2026-02-01T11:38:00
MCH-L-01,long,L,307.727,328.498,1900.0,90.0,42.551,2026-02-01T11:38:10
MCH-L-01,long,L,307.766,328.652,1900.0,90.0,42.633,2026-02-01T11:38:20
MCH-L-01,long,L,308.07,329.085,1900.0,90.0,42.706,2026-02-01T11:38:30
MCH-L-01,long,L,308.246,329.415,1900.0,90.0,42.787,2026-02-01T11:38:40
MCH-L-01,long,L,308.551,329.859,1900.0,90.0,42.853,2026-02-01T11:38:50
MCH-L-01,long,L,308.737,330.508,1900.0,90.0,42.942,2026-02-01T11:39:00
MCH-L-01,long,L,308.86,330.894,1900.0,90.0,42.991,2026-02-01T11:39:10
MCH-L-01,long,L,309.142,331.373,1900.0,90.0,43.082,2026-02-01T11:39:20
MCH-L-01,long,L,309.578,331.713,1900.0,90.0,43.163,2026-02-01T11:39:30
MCH-L-01,long,L,309.979,332.044,1900.0,90.0,43.213,2026-02-01T11:39:40
MCH-L-01,long,L,310.358,332.606,1900.0,90.0,43.31,2026-02-01T11:39:50
MCH-L-01,long,L,310.764,332.848,1900.0,90.0,43.383,2026-02-01T11:40:00
MCH-L-01,long,L,311.25,333.093,1900.0,90.0,43.433,2026-02-01T11:40:10
MCH-L-01,long,L,311.396,333.617,1900.0,90.0,43.519,2026-02-01T11:40:20
MCH-L-01,long,L,311.671,334.204,1900.0,90.0,43.605,2026-02-01T11:40:30
MCH-L-01,long,L,311.89,334.519,1900.0,90.0,43.68,2026-02-01T11:40:40
MCH-L-01,long,L,312.172,335.072,1900.0,90.0,43.762,2026-02-01T11:40:50
MCH-L-01,long,L,312.38,335.416,1900.0,90.0,43.83,2026-02-01T11:41:00
MCH-L-01,long,L,312.788,335.831,1900.0,90.0,27.976,2026-02-01T11:41:10
MCH-L-01,long,L,313.227,336.061,1900.0,90.0,28.045,2026-02-01T11:41:20
MCH-L-01,long,L,313.574,336.606,1900.0,90.0,28.097,2026-02-01T11:41:30
MCH-L-01,long,L,313.947,336.982,1900.0,90.0,28.173,2026-02-01T11:41:40
MCH-L-01,long,L,314.33,337.302,1900.0,90.0,28.247,2026-02-01T11:41:50
MCH-L-01,long,L,314.878,337.79,1900.0,90.0,28.316,2026-02-01T11:42:00
MCH-L-01,long,L,315.34,338.231,1900.0,90.0,28.381,2026-02-01T11:42:10
MCH-L-01,long,L,315.742,338.571,1900.0,90.0,28.477,2026-02-01T11:42:20
MCH-L-01,long,L,316.324,339.053,1900.0,90.0,28.522,2026-02-01T11:42:30
MCH-L-01,long,L,316.753,339.678,1900.0,90.0,28.608,2026-02-01T11:42:40
MCH-L-01,long,L,317.376,339.931,1900.0,90.0,28.678,2026-02-01T11:42:50
MCH-L-01,long,L,317.745,340.0,1900.0,90.0,28.727,2026-02-01T11:43:00
MCH-L-01,long,L,318.186,340.0,1900.0,90.0,28.823,2026-02-01T11:43:10
MCH-L-01,long,L,318.643,340.0,1900.0,90.0,28.86,2026-02-01T11:43:20
MCH-L-01,long,L,319.129,340.0,1900.0,90.0,28.935,2026-02-01T11:43:30
MCH-L-01,long,L,319.699,340.0,1900.0,90.0,28.976,2026-02-01T11:43:40
MCH-L-01,long,L,320.0,340.0,1900.0,90.0,29.033,2026-02-01T11:43:50
MCH-L-01,long,L,320.0,340.0,1900.0,90.0,29.09,2026-02-01T11:44:00
MCH-L-01,long,L,320.0,340.0,1900.0,90.0,29.167,2026-02-01T11:44:10
MCH-L-01,long,L,320.0,340.0,1900.0,90.0,29.227,2026-02-01T11:44:20
MCH-L-01,long,L,320.0,340.0,1900.0,90.0,29.286,2026-02-01T11:44:30
MCH-L-01,long,L,320.0,340.0,1900.0,90.0,29.359,2026-02-01T11:44:40
MCH-L-01,long,L,320.0,340.0,1900.0,90.0,29.432,2026-02-01T11:44:50
MCH-L-01,long,L,320.0,340.0,1900.0,90.0,29.49,2026-02-01T11:45:00
MCH-L-01,long,L,320.0,340.0,1900.0,90.0,29.579,2026-02-01T11:45:10
MCH-L-01,long,L,320.0,340.0,1900.0,90.0,29.613,2026-02-01T11:45:20
MCH-L-01,long,L,320.0,340.0,1900.0,90.0,29.665,2026-02-01T11:45:30
MCH-L-01,long,L,320.0,340.0,1900.0,90.0,29.732,2026-02-01T11:45:40
MCH-L-01,long,L,320.0,340.0,1900.0,90.0,29.795,2026-02-01T11:45:50
MCH-L-01,long,L,320.0,340.0,1900.0,90.0,29.818,2026-02-01T11:46:00
MCH-L-01,long,L,320.0,340.0,1900.0,90.0,29.9,2026-02-01T11:46:10
MCH-L-01,long,L,320.0,340.0,1900.0,90.0,29.962,2026-02-01T11:46:20
MCH-L-01,long,L,320.0,340.0,1900.0,90.0,30.012,2026-02-01T11:46:30
MCH-L-01,long,L,320.0,340.0,1900.0,90.0,30.069,2026-02-01T11:46:40
MCH-L-01,long,L,320.0,340.0,1900.0,90.0,30.129,2026-02-01T11:46:50
MCH-L-01,long,L,320.0,340.0,1900.0,90.0,30.232,2026-02-01T11:47:00
MCH-L-01,long,L,320.0,340.0,1900.0,90.0,30.303,2026-02-01T11:47:10
MCH-L-01,long,L,320.0,340.0,1900.0,90.0,30.353,2026-02-01T11:47:20
MCH-L-01,long,L,320.0,340.0,1900.0,90.0,30.417,2026-02-01T11:47:30
MCH-L-01,long,L,320.0,340.0,1900.0,90.0,30.465,2026-02-01T11:47:40
MCH-L-01,long,L,320.0,340.0,1900.0,90.0,30.52,2026-02-01T11:47:50
MCH-L-01,long,L,320.0,340.0,1900.0,90.0,30.587,2026-02-01T11:48:00
MCH-L-01,long,L,320.0,340.0,1900.0,90.0,30.691,2026-02-01T11:48:10
MCH-L-01,long,L,320.0,340.0,1900.0,90.0,30.776,2026-02-01T11:48:20
MCH-L-01,long,L,320.0,340.0,1900.0,90.0,30.86,2026-02-01T11:48:30
MCH-L-01,long,L,320.0,340.0,1900.0,90.0,30.911,2026-02-01T11:48:40
MCH-L-01,long,L,320.0,340.0,1900.0,90.0,31.005,2026-02-01T11:48:50
MCH-L-01,long,L,320.0,340.0,1900.0,90.0,31.065,2026-02-01T11:49:00
MCH-L-01,long,L,320.0,340.0,1900.0,90.0,31.127,2026-02-01T11:49:10
MCH-L-01,long,L,320.0,340.0,1900.0,90.0,31.212,2026-02-01T11:49:20
MCH-L-01,long,L,320.0,340.0,1900.0,90.0,31.27,2026-02-01T11:49:30
MCH-L-01,long,L,320.0,340.0,1900.0,90.0,31.306,2026-02-01T11:49:40
MCH-L-01,long,L,320.0,340.0,1900.0,90.0,31.389,2026-02-01T11:49:50
MCH-L-01,long,L,320.0,340.0,1900.0,90.0,31.448,2026-02-01T11:50:00
MCH-L-01,long,L,320.0,340.0,1900.0,90.0,31.507,2026-02-01T11:50:10
MCH-L-01,long,L,320.0,340.0,1900.0,90.0,31.594,2026-02-01T11:50:20
MCH-L-01,long,L,320.0,340.0,1900.0,90.0,31.689,2026-02-01T11:50:30
MCH-L-01,long,L,320.0,340.0,1900.0,90.0,31.773,2026-02-01T11:50:40
MCH-L-01,long,L,320.0,340.0,1900.0,90.0,31.854,2026-02-01T11:50:50
MCH-L-01,long,L,320.0,340.0,1900.0,90.0,31.917,2026-02-01T11:51:00
MCH-L-01,long,L,320.0,340.0,1900.0,90.0,31.977,2026-02-01T11:51:10
MCH-L-01,long,L,320.0,340.0,1900.0,90.0,32.052,2026-02-01T11:51:20
MCH-L-01,long,L,320.0,340.0,1900.0,90.0,32.143,2026-02-01T11:51:30
MCH-L-01,long,L,320.0,340.0,1900.0,90.0,32.213,2026-02-01T11:51:40
MCH-L-01,long,L,320.0,340.0,1900.0,90.0,32.276,2026-02-01T11:51:50
MCH-L-01,long,L,320.0,340.0,1900.0,90.0,32.345,2026-02-01T11:52:00
MCH-L-01,long,L,320.0,340.0,1900.0,90.0,32.398,2026-02-01T11:52:10
MCH-L-01,long,L,320.0,340.0,1900.0,90.0,32.461,2026-02-01T11:52:20
MCH-L-01,long,L,320.0,340.0,1900.0,90.0,32.51,2026-02-01T11:52:30
MCH-L-01,long,L,320.0,340.0,1900.0,90.0,32.554,2026-02-01T11:52:40
MCH-L-01,long,L,320.0,340.0,1900.0,89.518,32.575,2026-02-01T11:52:50
MCH-L-01,long,L,320.0,340.0,1900.0,88.519,32.657,2026-02-01T11:53:00
MCH-L-01,long,L,320.0,340.0,1900.0,87.7,32.753,2026-02-01T11:53:10
MCH-L-01,long,L,320.0,340.0,1900.0,86.754,32.828,2026-02-01T11:53:20
MCH-L-01,long,L,320.0,340.0,1900.0,85.522,32.875,2026-02-01T11:53:30
MCH-L-01,long,L,320.0,340.0,1900.0,84.355,32.953,2026-02-01T11:53:40
MCH-L-01,long,L,320.0,340.0,1900.0,83.119,33.026,2026-02-01T11:53:50
MCH-L-01,long,L,320.0,340.0,1900.0,82.004,33.136,2026-02-01T11:54:00
MCH-L-01,long,L,320.0,340.0,1900.0,81.187,33.221,2026-02-01T11:54:10
MCH-L-01,long,L,320.0,340.0,1900.0,80.621,33.314,2026-02-01T11:54:20
MCH-L-01,long,L,320.0,340.0,1900.0,79.424,33.379,2026-02-01T11:54:30
MCH-L-01,long,L,320.0,340.0,1900.0,78.636,33.453,2026-02-01T11:54:40
MCH-L-01,long,L,320.0,340.0,1900.0,78.081,33.511,2026-02-01T11:54:50
MCH-L-01,long,L,320.0,340.0,1900.0,76.85,33.557,2026-02-01T11:55:00
MCH-L-01,long,L,320.0,340.0,1900.0,75.73,33.623,2026-02-01T11:55:10
MCH-L-01,long,L,320.0,340.0,1900.0,74.788,33.711,2026-02-01T11:55:20
MCH-L-01,long,L,320.0,340.0,1900.0,73.559,33.783,2026-02-01T11:55:30
MCH-L-01,long,L,320.0,340.0,1900.0,72.779,33.848,2026-02-01T11:55:40
MCH-L-01,long,L,320.0,340.0,1900.0,72.247,33.899,2026-02-01T11:55:50
MCH-L-01,long,L,320.0,340.0,1900.0,71.682,34.002,2026-02-01T11:56:00
MCH-L-01,long,L,320.0,340.0,1900.0,70.684,34.112,2026-02-01T11:56:10
MCH-L-01,long,L,320.0,340.0,1900.0,69.573,34.21,2026-02-01T11:56:20
MCH-L-01,long,L,320.0,340.0,1900.0,68.761,34.313,2026-02-01T11:56:30
MCH-L-01,long,L,320.0,340.0,1900.0,67.544,34.406,2026-02-01T11:56:40
MCH-L-01,long,L,320.0,340.0,1900.0,66.942,34.48,2026-02-01T11:56:50
MCH-L-01,long,L,320.0,340.0,1900.0,66.308,34.548,2026-02-01T11:57:00
MCH-L-01,long,L,320.0,340.0,1900.0,65.31,34.637,2026-02-01T11:57:10
MCH-L-01,long,L,320.0,340.0,1900.0,65.186,34.724,2026-02-01T11:57:20
MCH-L-01,long,L,320.0,340.0,1900.0,64.819,34.771,2026-02-01T11:57:30
MCH-L-01,long,L,320.0,340.0,1900.0,64.166,34.866,2026-02-01T11:57:40
MCH-L-01,long,L,320.0,340.0,1900.0,63.934,34.928,2026-02-01T11:57:50
MCH-L-01,long,L,320.0,340.0,1900.0,63.139,35.019,2026-02-01T11:58:00
MCH-L-01,long,L,320.0,340.0,1900.0,62.622,35.086,2026-02-01T11:58:10
MCH-L-01,long,L,320.0,340.0,1900.0,61.969,35.14,2026-02-01T11:58:20
MCH-L-01,long,L,320.0,340.0,1900.0,60.966,35.223,2026-02-01T11:58:30
MCH-L-01,long,L,320.0,340.0,1900.0,60.649,35.302,2026-02-01T11:58:40
MCH-L-01,long,L,320.0,340.0,1900.0,60.022,35.378,2026-02-01T11:58:50
MCH-L-01,long,L,320.0,340.0,1900.0,59.603,35.429,2026-02-01T11:59:00
MCH-L-01,long,L,320.0,340.0,1900.0,59.15,35.512,2026-02-01T11:59:10
MCH-L-01,long,L,320.0,340.0,1900.0,58.101,35.557,2026-02-01T11:59:20
MCH-L-01,long,L,320.0,340.0,1900.0,58.371,35.65,2026-02-01T11:59:30
MCH-L-01,long,L,320.0,340.0,1900.0,58.125,35.717,2026-02-01T11:59:40
MCH-L-01,long,L,320.0,340.0,1900.0,57.565,35.795,2026-02-01T11:59:50
MCH-L-01,long,L,320.0,340.0,1900.0,57.502,35.87,2026-02-01T12:00:00
MCH-L-01,long,L,320.0,340.0,1900.0,57.471,35.953,2026-02-01T12:00:10
MCH-L-01,long,L,320.0,340.0,1900.0,57.09,36.06,2026-02-01T12:00:20
MCH-L-01,long,L,320.0,340.0,1900.0,56.345,36.118,2026-02-01T12:00:30
MCH-L-01,long,L,320.0,340.0,1900.0,56.346,36.191,2026-02-01T12:00:40
MCH-L-01,long,L,320.0,339.982,1900.0,55.486,36.24,2026-02-01T12:00:50
MCH-L-01,long,L,320.0,339.567,1900.0,54.917,36.359,2026-02-01T12:01:00
MCH-L-01,long,L,320.0,339.036,1900.0,54.413,36.416,2026-02-01T12:01:10
MCH-L-01,long,L,320.0,338.504,1900.0,54.305,36.46,2026-02-01T12:01:20
MCH-L-01,long,L,320.0,337.862,1900.0,54.19,36.525,2026-02-01T12:01:30
MCH-L-01,long,L,320.0,337.394,1900.0,54.189,36.613,2026-02-01T12:01:40
MCH-L-01,long,L,320.0,336.973,1900.0,54.026,36.675,2026-02-01T12:01:50
MCH-L-01,long,L,320.0,336.495,1900.0,53.762,36.75,2026-02-01T12:02:00
MCH-L-01,long,L,320.0,335.96,1900.0,53.231,36.833,2026-02-01T12:02:10
MCH-L-01,long,L,320.0,335.394,1900.0,52.854,36.91,2026-02-01T12:02:20
MCH-L-01,long,L,320.0,334.972,1900.0,52.734,37.011,2026-02-01T12:02:30
MCH-L-01,long,L,320.0,334.611,1900.0,52.818,37.099,2026-02-01T12:02:40
MCH-L-01,long,L,320.0,333.991,1900.0,53.334,37.177,2026-02-01T12:02:50
MCH-L-01,long,L,320.0,333.706,1900.0,53.192,37.244,2026-02-01T12:03:00
MCH-L-01,long,L,320.0,335.106,1900.0,56.571,37.323,2026-02-01T12:03:10
MCH-L-01,long,L,320.0,334.733,1900.0,56.042,37.381,2026-02-01T12:03:20
MCH-L-01,long,L,320.0,334.259,1900.0,56.335,37.456,2026-02-01T12:03:30
MCH-L-01,long,L,320.0,333.937,1900.0,56.531,37.546,2026-02-01T12:03:40
MCH-L-01,long,L,320.0,333.845,1900.0,56.63,37.639,2026-02-01T12:03:50
MCH-L-01,long,L,320.0,333.426,1900.0,56.854,37.678,2026-02-01T12:04:00
MCH-L-01,long,L,320.0,332.839,1900.0,56.811,37.724,2026-02-01T12:04:10
MCH-L-01,long,L,320.0,332.708,1900.0,57.055,37.809,2026-02-01T12:04:20
MCH-L-01,long,L,320.0,332.491,1900.0,57.049,37.877,2026-02-01T12:04:30
MCH-L-01,long,L,319.869,331.969,1900.0,57.253,37.929,2026-02-01T12:04:40
MCH-L-01,long,L,319.355,331.5,1900.0,57.407,38.001,2026-02-01T12:04:50
MCH-L-01,long,L,318.995,331.273,1900.0,57.099,38.061,2026-02-01T12:05:00
MCH-L-01,long,L,318.764,330.966,1900.0,57.058,38.133,2026-02-01T12:05:10
MCH-L-01,long,L,318.365,330.647,1900.0,57.464,38.189,2026-02-01T12:05:20
MCH-L-01,long,L,318.03,330.584,1900.0,57.634,38.277,2026-02-01T12:05:30
MCH-L-01,long,L,317.566,330.102,1900.0,58.056,38.33,2026-02-01T12:05:40
MCH-L-01,long,L,317.361,329.753,1900.0,58.323,38.408,2026-02-01T12:05:50
MCH-L-01,long,L,316.841,329.586,1900.0,58.413,38.495,2026-02-01T12:06:00
MCH-L-01,long,L,316.42,329.381,1900.0,58.29,38.571,2026-02-01T12:06:10
MCH-L-01,long,L,316.033,329.258,1900.0,58.406,38.624,2026-02-01T12:06:20
MCH-L-01,long,L,315.692,329.013,1900.0,58.386,38.689,2026-02-01T12:06:30
MCH-L-01,long,L,315.33,328.957,1900.0,58.085,38.763,2026-02-01T12:06:40
MCH-L-01,long,L,314.879,328.787,1900.0,58.154,38.857,2026-02-01T12:06:50
MCH-L-01,long,L,314.387,328.529,1900.0,58.977,38.924,2026-02-01T12:07:00
MCH-L-01,long,L,313.936,328.324,1900.0,59.275,38.984,2026-02-01T12:07:10
MCH-L-01,long,L,313.45,328.025,1900.0,59.751,39.059,2026-02-01T12:07:20
MCH-L-01,long,L,313.163,327.8,1900.0,59.875,39.145,2026-02-01T12:07:30
MCH-L-01,long,L,312.964,327.85,1883.01,60.327,39.213,2026-02-01T12:07:40
MCH-L-01,long,L,312.651,327.921,1873.596,60.519,39.292,2026-02-01T12:07:50
MCH-L-01,long,L,312.277,327.831,1840.654,60.812,39.379,2026-02-01T12:08:00
MCH-L-01,long,L,311.972,327.686,1824.113,61.812,39.46,2026-02-01T12:08:10
MCH-L-01,long,L,311.63,327.523,1797.476,62.202,39.54,2026-02-01T12:08:20
MCH-L-01,long,L,311.467,327.386,1780.559,63.238,39.579,2026-02-01T12:08:30
MCH-L-01,long,L,311.148,327.436,1769.353,63.425,39.638,2026-02-01T12:08:40
MCH-L-01,long,L,310.796,327.337,1756.336,63.634,39.714,2026-02-01T12:08:50
MCH-L-01,long,L,310.635,327.522,1750.11,64.058,39.806,2026-02-01T12:09:00
MCH-L-01,long,L,310.416,327.541,1729.767,64.747,39.911,2026-02-01T12:09:10
MCH-L-01,long,L,310.061,327.549,1716.466,64.919,39.975,2026-02-01T12:09:20
MCH-L-01,long,L,309.921,327.698,1718.667,65.249,40.041,2026-02-01T12:09:30
MCH-L-01,long,L,309.666,327.793,1717.921,66.014,40.103,2026-02-01T12:09:40
MCH-L-01,long,L,309.468,328.153,1697.933,66.197,40.156,2026-02-01T12:09:50
MCH-L-01,long,L,309.353,328.356,1683.243,66.127,40.271,2026-02-01T12:10:00
MCH-L-01,long,L,309.259,328.469,1662.155,66.91,12.594,2026-02-01T12:10:10
MCH-L-01,long,L,309.033,328.651,1651.532,67.555,12.627,2026-02-01T12:10:20
MCH-L-01,long,L,308.871,328.82,1633.312,68.886,12.711,2026-02-01T12:10:30
MCH-L-02,long,M,298.942,309.132,1408.99,46.43,16.692,2026-02-01T09:25:00
MCH-L-02,long,M,299.045,309.338,1409.188,46.765,16.76,2026-02-01T09:25:10
MCH-L-02,long,M,299.288,309.576,1424.371,46.608,16.856,2026-02-01T09:25:20
MCH-L-02,long,M,299.45,309.609,1428.882,46.782,16.923,2026-02-01T09:25:30
MCH-L-02,long,M,299.584,309.812,1434.018,47.33,16.985,2026-02-01T09:25:40
MCH-L-02,long,M,299.869,309.994,1450.855,47.292,17.041,2026-02-01T09:25:50
MCH-L-02,long,M,300.253,310.181,1443.171,47.092,17.087,2026-02-01T09:26:00
MCH-L-02,long,M,300.396,310.393,1440.604,47.377,17.173,2026-02-01T09:26:10
MCH-L-02,long,M,300.59,310.631,1443.546,47.076,17.249,2026-02-01T09:26:20
MCH-L-02,long,M,300.769,311.076,1441.029,47.74,17.294,2026-02-01T09:26:30
MCH-L-02,long,M,301.066,311.348,1465.734,47.789,17.365,2026-02-01T09:26:40
MCH-L-02,long,M,301.514,311.765,1457.859,48.021,17.452,2026-02-01T09:26:50
MCH-L-02,long,M,301.836,312.036,1465.056,48.304,17.509,2026-02-01T09:27:00
MCH-L-02,long,M,302.103,312.445,1461.132,48.817,17.61,2026-02-01T09:27:10
MCH-L-02,long,M,302.478,312.822,1465.276,49.16,17.694,2026-02-01T09:27:20
MCH-L-02,long,M,302.84,313.27,1472.92,49.374,17.737,2026-02-01T09:27:30
MCH-L-02,long,M,303.186,313.744,1486.017,49.767,17.783,2026-02-01T09:27:40
MCH-L-02,long,M,303.547,314.351,1491.819,50.069,17.867,2026-02-01T09:27:50
MCH-L-02,long,M,303.944,314.722,1503.306,50.233,17.947,2026-02-01T09:28:00
MCH-L-02,long,M,304.415,314.994,1504.871,50.86,17.985,2026-02-01T09:28:10
MCH-L-02,long,M,304.662,315.406,1524.971,50.931,18.018,2026-02-01T09:28:20
MCH-L-02,long,M,305.007,315.932,1551.193,51.563,18.085,2026-02-01T09:28:30
MCH-L-02,long,M,305.323,316.33,1556.258,52.33,18.164,2026-02-01T09:28:40
MCH-L-02,long,M,305.801,316.621,1564.112,52.705,18.246,2026-02-01T09:28:50
MCH-L-02,long,M,306.078,317.062,1587.274,52.816,18.322,2026-02-01T09:29:00
MCH-L-02,long,M,306.379,317.517,1598.622,52.993,18.377,2026-02-01T09:29:10
MCH-L-02,long,M,306.737,317.906,1610.763,53.438,18.466,2026-02-01T09:29:20
MCH-L-02,long,M,307.194,318.57,1627.906,53.465,18.534,2026-02-01T09:29:30
MCH-L-02,long,M,307.547,319.0,1628.18,53.741,18.607,2026-02-01T09:29:40
MCH-L-02,long,M,307.75,319.408,1652.342,54.178,18.671,2026-02-01T09:29:50
MCH-L-02,long,M,308.329,319.956,1669.268,54.519,18.719,2026-02-01T09:30:00
MCH-L-02,long,M,308.729,320.472,1675.921,55.0,18.773,2026-02-01T09:30:10
MCH-L-02,long,M,309.289,320.774,1690.01,55.3,18.826,2026-02-01T09:30:20
MCH-L-02,long,M,309.689,321.34,1702.053,55.946,18.874,2026-02-01T09:30:30
MCH-L-02,long,M,310.083,321.949,1726.993,56.175,18.934,2026-02-01T09:30:40
MCH-L-02,long,M,310.577,322.383,1754.312,56.819,19.02,2026-02-01T09:30:50
MCH-L-02,long,M,310.96,322.955,1770.056,57.286,19.106,2026-02-01T09:31:00
MCH-L-02,long,M,311.353,323.522,1791.136,58.306,19.185,2026-02-01T09:31:10
MCH-L-02,long,M,311.897,323.999,1809.614,58.802,19.247,2026-02-01T09:31:20
MCH-L-02,long,M,312.369,324.563,1827.708,59.33,19.298,2026-02-01T09:31:30
MCH-L-02,long,M,312.835,325.196,1847.859,59.884,19.341,2026-02-01T09:31:40
MCH-L-02,long,M,313.477,325.689,1865.957,60.648,19.408,2026-02-01T09:31:50
MCH-L-02,long,M,313.923,326.21,1896.306,60.946,19.49,2026-02-01T09:32:00
MCH-L-02,long,M,314.332,326.726,1900.0,61.821,19.579,2026-02-01T09:32:10
MCH-L-02,long,M,314.826,327.382,1900.0,62.081,19.652,2026-02-01T09:32:20
MCH-L-02,long,M,315.355,327.879,1900.0,62.725,19.733,2026-02-01T09:32:30
MCH-L-02,long,M,315.787,328.49,1900.0,63.572,19.819,2026-02-01T09:32:40
MCH-L-02,long,M,316.33,328.85,1900.0,64.073,19.906,2026-02-01T09:32:50
MCH-L-02,long,M,316.634,329.345,1900.0,64.843,19.973,2026-02-01T09:33:00
MCH-L-02,long,M,317.021,329.741,1900.0,65.647,20.053,2026-02-01T09:33:10
MCH-L-02,long,M,317.488,330.304,1900.0,66.211,20.133,2026-02-01T09:33:20
MCH-L-02,long,M,318.054,330.821,1900.0,66.535,20.184,2026-02-01T09:33:30
MCH-L-02,long,M,318.57,331.273,1900.0,67.422,20.283,2026-02-01T09:33:40
MCH-L-02,long,M,319.12,331.78,1900.0,68.281,20.341,2026-02-01T09:33:50
MCH-L-02,long,M,319.488,332.126,1900.0,69.224,20.413,2026-02-01T09:34:00
MCH-L-02,long,M,319.911,332.317,1900.0,69.598,20.503,2026-02-01T09:34:10
MCH-L-02,long,M,320.0,332.669,1900.0,70.841,20.606,2026-02-01T09:34:20
MCH-L-02,long,M,320.0,332.912,1900.0,71.712,20.636,2026-02-01T09:34:30
MCH-L-02,long,M,320.0,333.347,1900.0,72.565,20.734,2026-02-01T09:34:40
MCH-L-02,long,M,320.0,333.942,1900.0,72.953,20.806,2026-02-01T09:34:50
MCH-L-02,long,M,320.0,334.28,1900.0,74.044,20.868,2026-02-01T09:35:00
MCH-L-02,long,M,320.0,334.731,1900.0,74.931,20.926,2026-02-01T09:35:10
MCH-L-02,long,M,320.0,334.874,1900.0,75.625,21.008,2026-02-01T09:35:20
MCH-L-02,long,M,320.0,335.284,1900.0,76.383,21.09,2026-02-01T09:35:30
MCH-L-02,long,M,320.0,335.528,1900.0,77.547,21.16,2026-02-01T09:35:40
MCH-L-02,long,M,320.0,335.907,1900.0,78.369,21.231,2026-02-01T09:35:50
MCH-L-02,long,M,320.0,336.198,1900.0,79.105,21.275,2026-02-01T09:36:00
MCH-L-02,long,M,320.0,336.445,1900.0,80.173,21.366,2026-02-01T09:36:10
MCH-L-02,long,M,320.0,336.788,1900.0,81.199,21.409,2026-02-01T09:36:20
MCH-L-02,long,M,320.0,336.828,1900.0,82.409,21.473,2026-02-01T09:36:30
MCH-L-02,long,M,320.0,337.33,1900.0,83.683,21.564,2026-02-01T09:36:40
MCH-L-02,long,M,320.0,337.473,1900.0,84.557,21.608,2026-02-01T09:36:50
MCH-L-02,long,M,320.0,337.753,1900.0,85.642,21.654,2026-02-01T09:37:00
MCH-L-02,long,M,320.0,338.192,1900.0,86.785,21.723,2026-02-01T09:37:10
MCH-L-02,long,M,320.0,338.391,1900.0,87.382,21.813,2026-02-01T09:37:20
MCH-L-02,long,M,320.0,338.737,1900.0,88.303,21.866,2026-02-01T09:37:30
MCH-L-02,long,M,320.0,338.851,1900.0,89.204,21.928,2026-02-01T09:37:40
MCH-L-02,long,M,320.0,339.005,1900.0,90.0,22.011,2026-02-01T09:37:50
MCH-L-02,long,M,320.0,339.031,1900.0,90.0,22.102,2026-02-01T09:38:00
MCH-L-02,long,M,320.0,339.226,1900.0,90.0,22.174,2026-02-01T09:38:10
MCH-L-02,long,M,320.0,339.082,1900.0,90.0,22.244,2026-02-01T09:38:20
MCH-L-02,long,M,320.0,339.149,1900.0,90.0,22.276,2026-02-01T09:38:30
MCH-L-02,long,M,320.0,339.403,1900.0,90.0,22.387,2026-02-01T09:38:40
MCH-L-02,long,M,320.0,339.612,1900.0,90.0,22.453,2026-02-01T09:38:50
MCH-L-02,long,M,320.0,339.656,1900.0,90.0,22.536,2026-02-01T09:39:00
MCH-L-02,long,M,320.0,339.662,1900.0,90.0,22.614,2026-02-01T09:39:10
MCH-L-02,long,M,320.0,339.677,1900.0,90.0,22.678,2026-02-01T09:39:20
MCH-L-02,long,M,320.0,339.667,1900.0,90.0,22.781,2026-02-01T09:39:30
MCH-L-02,long,M,320.0,339.758,1900.0,90.0,22.83,2026-02-01T09:39:40
MCH-L-02,long,M,320.0,339.766,1900.0,90.0,22.918,2026-02-01T09:39:50
MCH-L-02,long,M,320.0,339.637,1900.0,90.0,22.972,2026-02-01T09:40:00
MCH-L-02,long,M,320.0,339.662,1900.0,90.0,23.001,2026-02-01T09:40:10
MCH-L-02,long,M,320.0,339.836,1900.0,90.0,23.077,2026-02-01T09:40:20
MCH-L-02,long,M,320.0,339.909,1900.0,90.0,23.149,2026-02-01T09:40:30
MCH-L-02,long,M,320.0,339.955,1900.0,90.0,23.232,2026-02-01T09:40:40
MCH-L-02,long,M,320.0,340.0,1900.0,90.0,23.327,2026-02-01T09:40:50
MCH-L-02,long,M,320.0,339.865,1900.0,90.0,23.404,2026-02-01T09:41:00
MCH-L-02,long,M,320.0,339.579,1900.0,90.0,23.449,2026-02-01T09:41:10
MCH-L-02,long,M,320.0,339.587,1900.0,90.0,23.552,2026-02-01T09:41:20
MCH-L-02,long,M,320.0,339.443,1900.0,90.0,23.63,2026-02-01T09:41:30
MCH-L-02,long,M,320.0,339.232,1900.0,90.0,23.721,2026-02-01T09:41:40
MCH-L-02,long,M,320.0,338.975,1900.0,90.0,23.791,2026-02-01T09:41:50
MCH-L-02,long,M,320.0,338.846,1900.0,90.0,23.863,2026-02-01T09:42:00
MCH-L-02,long,M,320.0,338.562,1900.0,90.0,23.92,2026-02-01T09:42:10
MCH-L-02,long,M,320.0,338.346,1900.0,90.0,23.989,2026-02-01T09:42:20
MCH-L-02,long,M,320.0,338.109,1900.0,90.0,24.081,2026-02-01T09:42:30
MCH-L-02,long,M,320.0,337.836,1900.0,90.0,24.13,2026-02-01T09:42:40
MCH-L-02,long,M,320.0,337.674,1900.0,90.0,24.207,2026-02-01T09:42:50
MCH-L-02,long,M,320.0,337.635,1900.0,90.0,24.307,2026-02-01T09:43:00
MCH-L-02,long,M,320.0,337.499,1900.0,90.0,24.374,2026-02-01T09:43:10
MCH-L-02,long,M,320.0,337.116,1900.0,90.0,24.453,2026-02-01T09:43:20
MCH-L-02,long,M,320.0,336.893,1900.0,90.0,24.469,2026-02-01T09:43:30
MCH-L-02,long,M,320.0,336.576,1900.0,90.0,24.546,2026-02-01T09:43:40
MCH-L-02,long,M,320.0,336.176,1900.0,90.0,24.618,2026-02-01T09:43:50
MCH-L-02,long,M,320.0,335.758,1900.0,90.0,24.67,2026-02-01T09:44:00
MCH-L-02,long,M,320.0,335.26,1900.0,90.0,24.717,2026-02-01T09:44:10
MCH-L-02,long,M,320.0,334.961,1900.0,90.0,24.778,2026-02-01T09:44:20
MCH-L-02,long,M,320.0,334.471,1900.0,90.0,24.857,2026-02-01T09:44:30
MCH-L-02,long,M,320.0,334.057,1900.0,90.0,24.938,2026-02-01T09:44:40
MCH-L-02,long,M,320.0,333.592,1900.0,90.0,24.994,2026-02-01T09:44:50
MCH-L-02,long,M,320.0,333.22,1900.0,90.0,25.068,2026-02-01T09:45:00
MCH-L-02,long,M,320.0,332.834,1900.0,90.0,25.143,2026-02-01T09:45:10
MCH-L-02,long,M,320.0,332.275,1900.0,90.0,25.213,2026-02-01T09:45:20
MCH-L-02,long,M,320.0,331.93,1900.0,90.0,25.291,2026-02-01T09:45:30
MCH-L-02,long,M,320.0,331.5,1900.0,90.0,25.353,2026-02-01T09:45:40
MCH-L-02,long,M,320.0,331.117,1900.0,90.0,25.402,2026-02-01T09:45:50
MCH-L-02,long,M,320.0,330.751,1900.0,90.0,25.457,2026-02-01T09:46:00
MCH-L-02,long,M,320.0,330.515,1900.0,90.0,25.532,2026-02-01T09:46:10
MCH-L-02,long,M,320.0,329.977,1900.0,90.0,25.614,2026-02-01T09:46:20
MCH-L-02,long,M,320.0,329.61,1900.0,90.0,25.681,2026-02-01T09:46:30
MCH-L-02,long,M,320.0,329.204,1900.0,90.0,25.737,2026-02-01T09:46:40
MCH-L-02,long,M,320.0,328.737,1900.0,90.0,25.791,2026-02-01T09:46:50
MCH-L-02,long,M,320.0,328.277,1900.0,90.0,25.835,2026-02-01T09:47:00
MCH-L-02,long,M,320.0,327.769,1900.0,90.0,25.91,2026-02-01T09:47:10
MCH-L-02,long,M,320.0,327.26,1900.0,90.0,25.978,2026-02-01T09:47:20
MCH-L-02,long,M,320.0,326.725,1900.0,90.0,26.053,2026-02-01T09:47:30
MCH-L-02,long,M,320.0,326.129,1900.0,90.0,26.096,2026-02-01T09:47:40
MCH-L-02,long,M,320.0,325.555,1900.0,90.0,26.177,2026-02-01T09:47:50
MCH-L-02,long,M,320.0,325.219,1900.0,90.0,26.222,2026-02-01T09:48:00
MCH-L-02,long,M,320.0,324.748,1900.0,90.0,26.305,2026-02-01T09:48:10
MCH-L-02,long,M,320.0,324.355,1900.0,90.0,26.387,2026-02-01T09:48:20
MCH-L-02,long,M,320.0,324.215,1900.0,90.0,26.45,2026-02-01T09:48:30
MCH-L-02,long,M,319.947,323.856,1900.0,90.0,26.53,2026-02-01T09:48:40
MCH-L-02,long,M,319.607,323.291,1900.0,90.0,26.612,2026-02-01T09:48:50
MCH-L-02,long,M,318.909,322.856,1900.0,90.0,26.66,2026-02-01T09:49:00
MCH-L-02,long,M,318.369,322.387,1900.0,90.0,26.719,2026-02-01T09:49:10
MCH-L-02,long,M,317.955,321.716,1900.0,90.0,26.782,2026-02-01T09:49:20
MCH-L-02,long,M,317.652,321.323,1900.0,90.0,26.849,2026-02-01T09:49:30
MCH-L-02,long,M,317.173,320.869,1900.0,90.0,26.924,2026-02-01T09:49:40
MCH-L-02,long,M,316.748,320.378,1900.0,90.0,26.989,2026-02-01T09:49:50
MCH-L-02,long,M,316.22,319.851,1900.0,90.0,27.079,2026-02-01T09:50:00
MCH-L-02,long,M,315.965,319.418,1900.0,90.0,27.168,2026-02-01T09:50:10
MCH-L-02,long,M,315.356,319.072,1900.0,90.0,27.236,2026-02-01T09:50:20
MCH-L-02,long,M,314.98,318.743,1900.0,90.0,27.285,2026-02-01T09:50:30
MCH-L-02,long,M,314.452,318.486,1900.0,90.0,27.324,2026-02-01T09:50:40
MCH-L-02,long,M,313.952,318.253,1900.0,90.0,27.376,2026-02-01T09:50:50
MCH-L-02,long,M,313.404,317.76,1900.0,90.0,27.444,2026-02-01T09:51:00
MCH-L-02,long,M,312.967,317.217,1900.0,90.0,27.505,2026-02-01T09:51:10
MCH-L-02,long,M,312.572,316.641,1900.0,90.0,27.601,2026-02-01T09:51:20
MCH-L-02,long,M,311.946,316.128,1900.0,90.0,27.671,2026-02-01T09:51:30
MCH-L-02,long,M,311.449,315.741,1900.0,90.0,27.735,2026-02-01T09:51:40
MCH-L-02,long,M,310.888,315.392,1900.0,90.0,27.803,2026-02-01T09:51:50
MCH-L-02,long,M,310.561,315.07,1900.0,90.0,27.864,2026-02-01T09:52:00
MCH-L-02,long,M,310.125,314.651,1900.0,90.0,27.937,2026-02-01T09:52:10
MCH-L-02,long,M,309.642,314.323,1900.0,90.0,28.012,2026-02-01T09:52:20
MCH-L-02,long,M,309.162,313.999,1900.0,90.0,28.118,2026-02-01T09:52:30
MCH-L-02,long,M,308.608,313.699,1900.0,90.0,28.187,2026-02-01T09:52:40
MCH-L-02,long,M,308.041,313.47,1900.0,90.0,28.247,2026-02-01T09:52:50
MCH-L-02,long,M,307.866,313.022,1900.0,90.0,28.327,2026-02-01T09:53:00
MCH-L-02,long,M,307.313,312.789,1900.0,90.0,28.393,2026-02-01T09:53:10
MCH-L-02,long,M,306.795,312.578,1900.0,90.0,28.471,2026-02-01T09:53:20
MCH-L-02,long,M,306.385,312.238,1900.0,90.0,28.536,2026-02-01T09:53:30
MCH-L-02,long,M,306.026,312.058,1900.0,90.0,28.622,2026-02-01T09:53:40
MCH-L-02,long,M,305.594,311.811,1900.0,90.0,28.703,2026-02-01T09:53:50
MCH-L-02,long,M,305.194,311.674,1900.0,90.0,28.772,2026-02-01T09:54:00
MCH-L-02,long,M,304.941,311.445,1900.0,90.0,28.844,2026-02-01T09:54:10
MCH-L-02,long,M,304.689,311.34,1900.0,90.0,28.925,2026-02-01T09:54:20
MCH-L-02,long,M,304.42,311.111,1900.0,90.0,29.046,2026-02-01T09:54:30
MCH-L-02,long,M,304.098,310.923,1900.0,90.0,29.109,2026-02-01T09:54:40
MCH-L-02,long,M,303.714,310.728,1900.0,90.0,29.198,2026-02-01T09:54:50
MCH-L-02,long,M,303.426,310.706,1900.0,90.0,29.237,2026-02-01T09:55:00
MCH-L-02,long,M,302.986,310.634,1900.0,90.0,29.301,2026-02-01T09:55:10
MCH-L-02,long,M,302.775,310.563,1900.0,90.0,29.387,2026-02-01T09:55:20
MCH-L-02,long,M,302.449,310.734,1900.0,90.0,29.47,2026-02-01T09:55:30
MCH-L-02,long,M,302.146,310.529,1900.0,90.0,29.57,2026-02-01T09:55:40
MCH-L-02,long,M,301.85,310.385,1900.0,90.0,29.617,2026-02-01T09:55:50
MCH-L-02,long,M,301.595,310.438,1900.0,90.0,29.677,2026-02-01T09:56:00
MCH-L-02,long,M,301.271,310.411,1900.0,90.0,29.724,2026-02-01T09:56:10
MCH-L-02,long,M,300.986,310.358,1900.0,90.0,29.805,2026-02-01T09:56:20
MCH-L-02,long,M,300.833,310.611,1900.0,90.0,29.891,2026-02-01T09:56:30
MCH-L-02,long,M,300.652,310.833,1900.0,90.0,29.94,2026-02-01T09:56:40
MCH-L-02,long,M,300.473,311.137,1900.0,90.0,30.033,2026-02-01T09:56:50
MCH-L-02,long,M,300.148,311.107,1900.0,90.0,30.094,2026-02-01T09:57:00
MCH-L-02,long,M,299.724,311.323,1900.0,90.0,30.158,2026-02-01T09:57:10
MCH-L-02,long,M,299.562,311.516,1900.0,90.0,30.223,2026-02-01T09:57:20
MCH-L-02,long,M,299.343,311.762,1900.0,90.0,30.303,2026-02-01T09:57:30
MCH-L-02,long,M,299.135,311.907,1900.0,90.0,30.353,2026-02-01T09:57:40
MCH-L-02,long,M,298.883,312.316,1900.0,90.0,30.446,2026-02-01T09:57:50
MCH-L-02,long,M,298.598,312.568,1900.0,90.0,30.487,2026-02-01T09:58:00
MCH-L-02,long,M,298.33,312.645,1900.0,90.0,30.537,2026-02-01T09:58:10
MCH-L-02,long,M,298.279,312.99,1900.0,90.0,30.645,2026-02-01T09:58:20
MCH-L-02,long,M,298.18,313.093,1900.0,90.0,30.738,2026-02-01T09:58:30
MCH-L-02,long,M,298.236,313.414,1900.0,90.0,30.785,2026-02-01T09:58:40
MCH-L-02,long,M,297.958,313.746,1900.0,90.0,30.866,2026-02-01T09:58:50
MCH-L-02,long,M,297.789,313.739,1900.0,90.0,30.975,2026-02-01T09:59:00
MCH-L-02,long,M,297.815,314.056,1900.0,90.0,31.006,2026-02-01T09:59:10
MCH-L-02,long,M,297.6,314.554,1900.0,90.0,31.083,2026-02-01T09:59:20
MCH-L-02,long,M,297.498,314.838,1900.0,90.0,31.196,2026-02-01T09:59:30
MCH-L-02,long,M,297.579,315.348,1900.0,90.0,31.272,2026-02-01T09:59:40
MCH-L-02,long,M,297.502,315.839,1900.0,90.0,31.354,2026-02-01T09:59:50
MCH-L-02,long,M,297.472,315.868,1900.0,90.0,31.468,2026-02-01T10:00:00
MCH-L-02,long,M,297.41,316.066,1900.0,90.0,31.529,2026-02-01T10:00:10
MCH-L-02,long,M,297.42,316.615,1900.0,90.0,31.604,2026-02-01T10:00:20
MCH-L-02,long,M,297.398,316.992,1900.0,90.0,31.7,2026-02-01T10:00:30
MCH-L-02,long,M,297.543,317.377,1900.0,90.0,31.76,2026-02-01T10:00:40
MCH-L-02,long,M,297.659,317.663,1900.0,90.0,31.847,2026-02-01T10:00:50
MCH-L-02,long,M,297.619,318.032,1900.0,90.0,31.918,2026-02-01T10:01:00
MCH-L-02,long,M,297.579,318.588,1900.0,90.0,31.974,2026-02-01T10:01:10
MCH-L-02,long,M,297.493,319.015,1900.0,90.0,32.041,2026-02-01T10:01:20
MCH-L-02,long,M,297.436,319.405,1900.0,90.0,32.101,2026-02-01T10:01:30
MCH-L-02,long,M,297.568,319.798,1900.0,90.0,32.179,2026-02-01T10:01:40
MCH-L-02,long,M,297.82,320.417,1900.0,90.0,32.243,2026-02-01T10:01:50
MCH-L-02,long,M,298.126,320.864,1900.0,90.0,32.324,2026-02-01T10:02:00
MCH-L-02,long,M,298.019,321.105,1900.0,90.0,32.382,2026-02-01T10:02:10
MCH-L-02,long,M,298.004,321.559,1900.0,90.0,32.451,2026-02-01T10:02:20
MCH-L-02,long,M,298.211,321.815,1900.0,90.0,32.521,2026-02-01T10:02:30
MCH-L-02,long,M,298.343,322.616,1900.0,90.0,32.579,2026-02-01T10:02:40
MCH-L-02,long,M,298.505,323.239,1900.0,90.0,32.663,2026-02-01T10:02:50
MCH-L-02,long,M,298.592,323.726,1900.0,90.0,32.736,2026-02-01T10:03:00
MCH-L-02,long,M,298.874,324.36,1900.0,90.0,32.8,2026-02-01T10:03:10
MCH-L-02,long,M,298.943,324.975,1900.0,90.0,32.859,2026-02-01T10:03:20
MCH-L-02,long,M,299.164,325.503,1900.0,90.0,32.923,2026-02-01T10:03:30
MCH-L-02,long,M,299.551,326.029,1900.0,90.0,33.001,2026-02-01T10:03:40
MCH-L-02,long,M,299.545,326.504,1900.0,90.0,33.06,2026-02-01T10:03:50
MCH-L-02,long,M,299.66,327.162,1900.0,90.0,33.133,2026-02-01T10:04:00
MCH-L-02,long,M,299.662,327.686,1900.0,90.0,33.198,2026-02-01T10:04:10
MCH-L-02,long,M,299.756,328.081,1900.0,90.0,33.264,2026-02-01T10:04:20
MCH-L-02,long,M,299.925,328.575,1900.0,90.0,33.323,2026-02-01T10:04:30
MCH-L-02,long,M,300.233,329.031,1900.0,90.0,33.395,2026-02-01T10:04:40
MCH-L-02,long,M,300.464,329.424,1900.0,90.0,33.464,2026-02-01T10:04:50
MCH-L-02,long,M,300.692,330.057,1900.0,90.0,33.528,2026-02-01T10:05:00
MCH-L-02,long,M,301.092,330.605,1900.0,90.0,33.596,2026-02-01T10:05:10
MCH-L-02,long,M,301.265,331.087,1900.0,90.0,33.663,2026-02-01T10:05:20
MCH-L-02,long,M,301.638,331.534,1900.0,90.0,33.742,2026-02-01T10:05:30
MCH-L-02,long,M,301.748,331.987,1900.0,90.0,33.813,2026-02-01T10:05:40
MCH-L-02,long,M,301.894,332.726,1900.0,90.0,33.879,2026-02-01T10:05:50
MCH-L-02,long,M,302.147,333.336,1900.0,90.0,33.987,2026-02-01T10:06:00
MCH-L-02,long,M,302.543,333.812,1900.0,90.0,34.066,2026-02-01T10:06:10
MCH-L-02,long,M,302.99,334.364,1900.0,90.0,34.161,2026-02-01T10:06:20
MCH-L-02,long,M,303.371,335.053,1900.0,90.0,34.241,2026-02-01T10:06:30
MCH-L-02,long,M,303.711,335.603,1900.0,90.0,34.328,2026-02-01T10:06:40
MCH-L-02,long,M,303.961,336.003,1900.0,90.0,34.371,2026-02-01T10:06:50
MCH-L-02,long,M,304.118,336.363,1900.0,90.0,34.444,2026-02-01T10:07:00
MCH-L-02,long,M,304.334,336.711,1900.0,90.0,34.526,2026-02-01T10:07:10
MCH-L-02,long,M,304.697,337.022,1900.0,90.0,34.594,2026-02-01T10:07:20
MCH-L-02,long,M,304.961,337.267,1900.0,90.0,34.677,2026-02-01T10:07:30
MCH-L-02,long,M,305.264,337.602,1900.0,90.0,34.74,2026-02-01T10:07:40
MCH-L-02,long,M,305.443,337.943,1900.0,90.0,34.809,2026-02-01T10:07:50
MCH-L-02,long,M,305.759,338.557,1900.0,90.0,34.85,2026-02-01T10:08:00
MCH-L-02,long,M,306.123,338.991,1900.0,90.0,34.887,2026-02-01T10:08:10
MCH-L-02,long,M,306.314,339.328,1900.0,90.0,34.976,2026-02-01T10:08:20
MCH-L-02,long,M,306.736,339.781,1900.0,90.0,35.07,2026-02-01T10:08:30
MCH-L-02,long,M,306.931,339.994,1900.0,90.0,35.125,2026-02-01T10:08:40
MCH-L-02,long,M,307.25,340.0,1900.0,90.0,35.19,2026-02-01T10:08:50
MCH-L-02,long,M,307.48,340.0,1900.0,90.0,35.264,2026-02-01T10:09:00
MCH-L-02,long,M,307.714,340.0,1900.0,90.0,35.363,2026-02-01T10:09:10
MCH-L-02,long,M,307.898,340.0,1900.0,90.0,35.425,2026-02-01T10:09:20
MCH-L-02,long,M,308.074,340.0,1900.0,90.0,35.499,2026-02-01T10:09:30
MCH-L-02,long,M,308.32,340.0,1900.0,90.0,35.57,2026-02-01T10:09:40
MCH-L-02,long,M,308.467,340.0,1900.0,90.0,35.698,2026-02-01T10:09:50
MCH-L-02,long,M,308.867,340.0,1900.0,90.0,35.767,2026-02-01T10:10:00
MCH-L-02,long,M,309.28,340.0,1900.0,90.0,35.842,2026-02-01T10:10:10
MCH-L-02,long,M,309.467,340.0,1900.0,90.0,35.89,2026-02-01T10:10:20
MCH-L-02,long,M,309.658,340.0,1900.0,90.0,35.965,2026-02-01T10:10:30
MCH-L-02,long,M,309.946,340.0,1900.0,90.0,36.047,2026-02-01T10:10:40
MCH-L-02,long,M,310.008,340.0,1900.0,90.0,36.099,2026-02-01T10:10:50
MCH-L-02,long,M,310.198,340.0,1900.0,90.0,36.137,2026-02-01T10:11:00
MCH-L-02,long,M,310.347,340.0,1900.0,90.0,36.184,2026-02-01T10:11:10
MCH-L-02,long,M,310.658,340.0,1900.0,90.0,36.25,2026-02-01T10:11:20
MCH-L-02,long,M,310.933,340.0,1900.0,90.0,36.335,2026-02-01T10:11:30
MCH-L-02,long,M,311.182,340.0,1900.0,90.0,36.423,2026-02-01T10:11:40
MCH-L-02,long,M,311.284,340.0,1900.0,90.0,36.51,2026-02-01T10:11:50
MCH-L-02,long,M,311.485,340.0,1900.0,90.0,36.581,2026-02-01T10:12:00
MCH-L-02,long,M,311.616,340.0,1900.0,90.0,36.668,2026-02-01T10:12:10
MCH-L-02,long,M,311.774,340.0,1900.0,90.0,36.735,2026-02-01T10:12:20
MCH-L-02,long,M,311.992,340.0,1900.0,90.0,36.799,2026-02-01T10:12:30
MCH-L-02,long,M,312.311,340.0,1900.0,90.0,36.878,2026-02-01T10:12:40
MCH-L-02,long,M,312.45,340.0,1900.0,90.0,36.931,2026-02-01T10:12:50
MCH-L-02,long,M,312.601,340.0,1900.0,90.0,36.982,2026-02-01T10:13:00
MCH-L-02,long,M,312.769,340.0,1900.0,90.0,37.02,2026-02-01T10:13:10
MCH-L-02,long,M,312.753,340.0,1900.0,90.0,37.08,2026-02-01T10:13:20
MCH-L-02,long,M,312.668,340.0,1900.0,90.0,37.149,2026-02-01T10:13:30
MCH-L-02,long,M,312.857,340.0,1900.0,90.0,37.19,2026-02-01T10:13:40
MCH-L-02,long,M,312.768,340.0,1900.0,90.0,37.257,2026-02-01T10:13:50
MCH-L-02,long,M,312.782,340.0,1900.0,90.0,37.34,2026-02-01T10:14:00
MCH-L-02,long,M,312.783,340.0,1900.0,90.0,37.379,2026-02-01T10:14:10
MCH-L-02,long,M,312.936,340.0,1900.0,90.0,37.442,2026-02-01T10:14:20
MCH-L-02,long,M,313.07,340.0,1900.0,90.0,37.5,2026-02-01T10:14:30
MCH-L-02,long,M,312.941,340.0,1900.0,90.0,37.572,2026-02-01T10:14:40
MCH-L-02,long,M,312.842,340.0,1900.0,90.0,37.641,2026-02-01T10:14:50
MCH-L-02,long,M,312.605,340.0,1900.0,90.0,37.694,2026-02-01T10:15:00
MCH-L-02,long,M,312.535,340.0,1900.0,90.0,37.751,2026-02-01T10:15:10
MCH-L-02,long,M,312.675,340.0,1900.0,90.0,37.809,2026-02-01T10:15:20
MCH-L-02,long,M,312.581,340.0,1900.0,90.0,37.856,2026-02-01T10:15:30
MCH-L-02,long,M,312.405,340.0,1900.0,90.0,37.94,2026-02-01T10:15:40
MCH-L-02,long,M,312.408,340.0,1900.0,90.0,37.981,2026-02-01T10:15:50
MCH-L-02,long,M,312.368,340.0,1891.309,90.0,38.029,2026-02-01T10:16:00
MCH-L-02,long,M,312.359,340.0,1891.942,90.0,38.106,2026-02-01T10:16:10
MCH-L-02,long,M,312.313,340.0,1870.509,90.0,38.198,2026-02-01T10:16:20
MCH-L-02,long,M,312.219,340.0,1856.698,90.0,38.288,2026-02-01T10:16:30
MCH-L-02,long,M,311.993,340.0,1827.843,90.0,38.375,2026-02-01T10:16:40
MCH-L-02,long,M,311.927,340.0,1827.27,90.0,38.422,2026-02-01T10:16:50
MCH-L-02,long,M,311.823,340.0,1817.637,90.0,38.515,2026-02-01T10:17:00
MCH-L-02,long,M,311.669,340.0,1812.346,90.0,38.576,2026-02-01T10:17:10
MCH-L-02,long,M,311.58,339.911,1800.186,90.0,38.645,2026-02-01T10:17:20
MCH-L-02,long,M,311.596,339.469,1795.696,90.0,38.741,2026-02-01T10:17:30
MCH-L-02,long,M,311.406,339.195,1783.709,90.0,38.792,2026-02-01T10:17:40
MCH-L-02,long,M,311.286,338.832,1763.021,90.0,38.856,2026-02-01T10:17:50
MCH-L-02,long,M,311.2,338.503,1774.756,90.0,38.917,2026-02-01T10:18:00
MCH-L-02,long,M,310.972,338.247,1773.007,90.0,39.004,2026-02-01T10:18:10
MCH-L-02,long,M,310.911,337.991,1769.252,90.0,39.081,2026-02-01T10:18:20
MCH-L-02,long,M,310.597,337.555,1762.212,90.0,39.17,2026-02-01T10:18:30
MCH-L-02,long,M,310.45,337.145,1751.505,90.0,39.21,2026-02-01T10:18:40
MCH-L-02,long,M,310.165,338.745,1676.412,90.0,39.266,2026-02-01T10:18:50
MCH-L-02,long,M,309.903,338.416,1658.476,90.0,39.339,2026-02-01T10:19:00
MCH-L-02,long,M,309.676,337.943,1660.473,90.0,39.412,2026-02-01T10:19:10
MCH-L-02,long,M,309.524,337.567,1659.62,90.0,39.49,2026-02-01T10:19:20
MCH-L-02,long,M,309.461,336.805,1650.889,90.0,39.556,2026-02-01T10:19:30
MCH-L-02,long,M,309.077,336.439,1632.207,90.0,39.631,2026-02-01T10:19:40
MCH-L-02,long,M,309.04,335.965,1622.815,90.0,39.667,2026-02-01T10:19:50
MCH-L-02,long,M,308.944,335.666,1627.345,90.0,39.771,2026-02-01T10:20:00
MCH-L-02,long,M,308.845,335.195,1612.521,90.0,39.866,2026-02-01T10:20:10
MCH-L-02,long,M,308.621,334.517,1617.045,90.0,39.92,2026-02-01T10:20:20
MCH-L-02,long,M,308.294,334.169,1626.505,90.0,40.018,2026-02-01T10:20:30
MCH-L-02,long,M,308.087,333.64,1626.069,90.0,40.071,2026-02-01T10:20:40
MCH-L-02,long,M,307.916,333.046,1624.587,90.0,40.163,2026-02-01T10:20:50
MCH-L-02,long,M,307.594,332.47,1628.945,90.0,40.235,2026-02-01T10:21:00
MCH-L-02,long,M,307.428,331.915,1636.276,90.0,40.314,2026-02-01T10:21:10
MCH-L-02,long,M,307.185,331.667,1639.801,90.0,40.419,2026-02-01T10:21:20
MCH-L-02,long,M,306.804,331.28,1645.198,90.0,40.494,2026-02-01T10:21:30
MCH-L-02,long,M,306.425,330.491,1638.919,90.0,40.545,2026-02-01T10:21:40
MCH-L-02,long,M,306.062,330.08,1630.468,90.0,40.616,2026-02-01T10:21:50
MCH-L-02,long,M,305.741,329.651,1643.131,90.0,40.711,2026-02-01T10:22:00
MCH-L-02,long,M,305.517,329.334,1633.571,90.0,40.818,2026-02-01T10:22:10
MCH-L-02,long,M,305.149,328.857,1628.693,90.0,40.883,2026-02-01T10:22:20
MCH-L-02,long,M,304.799,328.359,1629.012,90.0,40.939,2026-02-01T10:22:30
MCH-L-02,long,M,304.553,327.884,1625.366,90.0,41.029,2026-02-01T10:22:40
MCH-L-02,long,M,304.27,327.257,1635.051,90.0,41.107,2026-02-01T10:22:50
MCH-L-02,long,M,303.911,326.711,1637.775,90.0,41.2,2026-02-01T10:23:00
MCH-L-02,long,M,303.643,326.22,1627.323,90.0,41.284,2026-02-01T10:23:10
MCH-L-02,long,M,303.615,325.772,1624.89,90.0,41.355,2026-02-01T10:23:20
MCH-L-02,long,M,303.313,325.433,1623.575,90.0,41.447,2026-02-01T10:23:30
MCH-L-02,long,M,302.867,325.116,1639.703,90.0,14.516,2026-02-01T10:23:40
MCH-L-02,long,M,302.673,324.549,1645.269,90.0,14.587,2026-02-01T10:23:50
MCH-L-02,long,M,302.604,324.182,1653.194,90.0,14.675,2026-02-01T10:24:00
MCH-L-02,long,M,302.422,323.796,1668.707,90.0,14.746,2026-02-01T10:24:10
MCH-L-02,long,M,302.174,323.514,1682.136,90.0,14.803,2026-02-01T10:24:20
MCH-L-02,long,M,302.154,323.065,1697.353,90.0,14.885,2026-02-01T10:24:30
MCH-L-02,long,M,301.818,322.567,1716.779,90.0,14.953,2026-02-01T10:24:40
MCH-L-02,long,M,301.616,322.215,1736.308,90.0,15.021,2026-02-01T10:24:50
MCH-L-02,long,M,301.391,322.071,1758.36,90.0,15.084,2026-02-01T10:25:00
MCH-L-02,long,M,301.169,321.712,1771.686,90.0,15.153,2026-02-01T10:25:10
MCH-L-02,long,M,300.886,321.306,1774.15,90.0,15.21,2026-02-01T10:25:20
MCH-L-02,long,M,300.61,321.07,1792.567,90.0,15.25,2026-02-01T10:25:30
MCH-L-02,long,M,300.457,320.888,1803.244,90.0,15.333,2026-02-01T10:25:40
MCH-L-02,long,M,300.321,320.478,1820.971,90.0,15.388,2026-02-01T10:25:50
MCH-L-02,long,M,300.186,319.991,1828.64,90.0,15.462,2026-02-01T10:26:00
MCH-L-02,long,M,300.186,319.599,1841.102,90.0,15.54,2026-02-01T10:26:10
MCH-L-02,long,M,299.938,319.365,1856.884,90.0,15.606,2026-02-01T10:26:20
MCH-L-02,long,M,299.782,319.093,1874.906,90.0,15.676,2026-02-01T10:26:30
MCH-L-02,long,M,299.876,318.923,1874.684,90.0,15.734,2026-02-01T10:26:40
MCH-L-02,long,M,299.736,318.432,1878.331,90.0,15.793,2026-02-01T10:26:50
MCH-L-02,long,M,299.867,318.351,1893.796,90.0,15.874,2026-02-01T10:27:00
MCH-L-02,long,M,299.652,318.18,1900.0,90.0,15.97,2026-02-01T10:27:10
MCH-L-02,long,M,299.555,317.874,1900.0,90.0,16.07,2026-02-01T10:27:20
MCH-L-02,long,M,299.492,317.671,1900.0,90.0,16.148,2026-02-01T10:27:30
MCH-L-02,long,M,299.307,317.374,1900.0,90.0,16.201,2026-02-01T10:27:40
MCH-L-02,long,M,299.248,317.025,1900.0,90.0,16.278,2026-02-01T10:27:50
MCH-L-02,long,M,299.152,317.114,1900.0,90.0,16.347,2026-02-01T10:28:00
MCH-L-02,long,M,299.01,316.815,1900.0,90.0,16.393,2026-02-01T10:28:10
MCH-L-02,long,M,298.988,316.814,1900.0,90.0,16.467,2026-02-01T10:28:20
MCH-L-02,long,M,299.066,316.624,1900.0,90.0,16.517,2026-02-01T10:28:30
MCH-L-02,long,M,299.062,316.612,1900.0,90.0,16.577,2026-02-01T10:28:40
MCH-L-02,long,M,299.004,316.568,1900.0,90.0,16.643,2026-02-01T10:28:50
MCH-L-02,long,M,298.886,316.484,1900.0,90.0,16.71,2026-02-01T10:29:00
MCH-L-02,long,M,299.02,316.502,1900.0,90.0,16.785,2026-02-01T10:29:10
MCH-L-02,long,M,299.168,316.372,1900.0,90.0,16.85,2026-02-01T10:29:20
MCH-L-02,long,M,299.228,316.309,1900.0,90.0,16.912,2026-02-01T10:29:30
MCH-L-02,long,M,299.359,316.251,1900.0,90.0,16.981,2026-02-01T10:29:40
MCH-L-02,long,M,299.414,316.392,1900.0,90.0,17.085,2026-02-01T10:29:50
MCH-L-02,long,M,299.474,316.554,1900.0,90.0,17.136,2026-02-01T10:30:00
MCH-L-02,long,M,299.479,316.674,1900.0,90.0,17.199,2026-02-01T10:30:10
MCH-L-02,long,M,299.358,316.747,1900.0,90.0,17.261,2026-02-01T10:30:20
MCH-L-02,long,M,299.363,316.847,1900.0,90.0,17.311,2026-02-01T10:30:30
MCH-L-02,long,M,299.349,316.9,1900.0,90.0,17.375,2026-02-01T10:30:40
MCH-L-02,long,M,299.562,317.122,1900.0,89.968,17.423,2026-02-01T10:30:50
MCH-L-02,long,M,299.504,317.119,1900.0,88.917,17.478,2026-02-01T10:31:00
MCH-L-02,long,M,299.714,317.355,1900.0,87.743,17.526,2026-02-01T10:31:10
MCH-L-02,long,M,300.086,317.643,1900.0,86.679,17.608,2026-02-01T10:31:20
MCH-L-02,long,M,300.322,317.85,1900.0,85.554,17.697,2026-02-01T10:31:30
MCH-L-02,long,M,300.592,318.126,1900.0,85.054,17.763,2026-02-01T10:31:40
MCH-L-02,long,M,300.77,318.493,1900.0,83.783,17.826,2026-02-01T10:31:50
MCH-L-02,long,M,300.891,318.618,1900.0,83.338,17.882,2026-02-01T10:32:00
MCH-L-02,long,M,301.132,318.761,1900.0,82.301,17.927,2026-02-01T10:32:10
MCH-L-02,long,M,301.343,318.994,1900.0,81.06,17.979,2026-02-01T10:32:20
MCH-L-02,long,M,301.702,319.346,1900.0,80.232,18.065,2026-02-01T10:32:30
MCH-L-02,long,M,301.85,319.688,1900.0,79.243,18.13,2026-02-01T10:32:40
MCH-L-02,long,M,302.001,319.801,1900.0,78.01,18.206,2026-02-01T10:32:50
MCH-L-02,long,M,302.309,320.364,1900.0,76.883,18.294,2026-02-01T10:33:00
MCH-L-02,long,M,302.626,320.824,1900.0,75.981,18.368,2026-02-01T10:33:10
MCH-L-02,long,M,302.873,321.296,1900.0,75.199,18.448,2026-02-01T10:33:20
MCH-L-02,long,M,303.252,321.837,1900.0,74.177,18.544,2026-02-01T10:33:30
MCH-L-02,long,M,303.649,322.352,1900.0,73.3,18.605,2026-02-01T10:33:40
MCH-L-02,long,M,303.865,322.737,1900.0,72.702,18.685,2026-02-01T10:33:50
MCH-L-02,long,M,304.203,323.122,1900.0,71.772,18.763,2026-02-01T10:34:00
MCH-L-02,long,M,304.404,323.5,1900.0,71.471,18.827,2026-02-01T10:34:10
MCH-L-02,long,M,304.57,323.746,1900.0,70.385,18.888,2026-02-01T10:34:20
MCH-L-02,long,M,304.87,324.29,1900.0,69.252,18.964,2026-02-01T10:34:30
MCH-L-02,long,M,305.227,324.729,1900.0,68.283,19.058,2026-02-01T10:34:40
MCH-L-02,long,M,305.535,325.223,1900.0,67.328,19.106,2026-02-01T10:34:50
MCH-L-02,long,M,305.808,325.596,1900.0,66.403,19.164,2026-02-01T10:35:00
MCH-L-02,long,M,305.937,325.996,1900.0,65.443,19.223,2026-02-01T10:35:10
MCH-L-02,long,M,306.23,326.433,1900.0,64.53,19.288,2026-02-01T10:35:20
MCH-L-02,long,M,306.448,327.079,1900.0,63.427,19.38,2026-02-01T10:35:30
MCH-L-02,long,M,306.862,327.605,1900.0,62.276,19.456,2026-02-01T10:35:40
MCH-L-02,long,M,307.426,328.194,1900.0,61.643,19.554,2026-02-01T10:35:50
MCH-L-02,long,M,307.992,328.645,1900.0,61.376,19.608,2026-02-01T10:36:00
MCH-L-02,long,M,308.547,329.047,1900.0,60.934,19.672,2026-02-01T10:36:10
MCH-L-02,long,M,308.828,329.563,1900.0,60.58,19.757,2026-02-01T10:36:20
MCH-L-02,long,M,309.46,329.986,1900.0,59.743,19.82,2026-02-01T10:36:30
MCH-L-02,long,M,309.937,330.578,1900.0,58.832,19.917,2026-02-01T10:36:40
MCH-L-02,long,M,310.153,331.301,1900.0,57.915,20.002,2026-02-01T10:36:50
MCH-L-02,long,M,310.505,331.711,1900.0,57.079,20.085,2026-02-01T10:37:00
MCH-L-02,long,M,310.901,332.318,1900.0,55.986,20.148,2026-02-01T10:37:10
MCH-L-02,long,M,311.385,332.788,1900.0,55.434,20.233,2026-02-01T10:37:20
MCH-L-02,long,M,311.898,333.265,1900.0,54.488,20.323,2026-02-01T10:37:30
MCH-L-02,long,M,312.307,333.757,1900.0,54.492,20.383,2026-02-01T10:37:40
MCH-L-02,long,M,312.803,334.275,1900.0,53.652,20.503,2026-02-01T10:37:50
MCH-L-02,long,M,313.276,334.641,1900.0,52.626,20.567,2026-02-01T10:38:00
MCH-L-02,long,M,313.784,335.203,1900.0,51.799,20.645,2026-02-01T10:38:10
MCH-L-02,long,M,314.057,335.907,1900.0,51.48,20.695,2026-02-01T10:38:20
MCH-L-02,long,M,314.684,336.442,1900.0,50.995,20.739,2026-02-01T10:38:30
MCH-L-02,long,M,315.193,336.862,1900.0,50.545,20.78,2026-02-01T10:38:40
MCH-L-02,long,M,315.616,337.448,1900.0,50.525,20.845,2026-02-01T10:38:50
MCH-L-02,long,M,316.229,337.945,1900.0,50.062,20.903,2026-02-01T10:39:00
MCH-L-02,long,M,316.778,338.403,1900.0,49.405,20.958,2026-02-01T10:39:10
MCH-L-02,long,M,317.273,339.039,1900.0,48.922,21.034,2026-02-01T10:39:20
MCH-L-02,long,M,317.848,339.513,1900.0,48.577,21.109,2026-02-01T10:39:30
MCH-L-02,long,M,318.41,339.798,1900.0,47.897,21.196,2026-02-01T10:39:40
MCH-L-02,long,M,318.943,339.995,1900.0,47.481,21.282,2026-02-01T10:39:50
MCH-L-02,long,M,319.431,340.0,1900.0,47.045,21.351,2026-02-01T10:40:00
MCH-L-02,long,M,319.944,340.0,1900.0,46.722,21.411,2026-02-01T10:40:10
MCH-L-02,long,M,320.0,340.0,1900.0,46.384,21.477,2026-02-01T10:40:20
MCH-L-02,long,M,320.0,340.0,1900.0,46.283,21.542,2026-02-01T10:40:30
MCH-L-02,long,M,320.0,340.0,1900.0,45.839,21.644,2026-02-01T10:40:40
MCH-L-02,long,M,320.0,340.0,1900.0,45.388,21.705,2026-02-01T10:40:50
MCH-L-02,long,M,320.0,340.0,1900.0,45.126,21.753,2026-02-01T10:41:00
MCH-L-02,long,M,320.0,340.0,1900.0,44.363,21.799,2026-02-01T10:41:10
MCH-L-02,long,M,320.0,340.0,1900.0,44.079,21.871,2026-02-01T10:41:20
MCH-L-02,long,M,320.0,340.0,1900.0,43.884,21.939,2026-02-01T10:41:30
MCH-L-02,long,M,320.0,340.0,1900.0,43.344,21.998,2026-02-01T10:41:40
MCH-L-02,long,M,320.0,340.0,1900.0,42.71,22.053,2026-02-01T10:41:50
MCH-L-02,long,M,320.0,340.0,1900.0,41.787,22.104,2026-02-01T10:42:00
MCH-L-02,long,M,320.0,340.0,1900.0,41.514,22.153,2026-02-01T10:42:10
MCH-L-02,long,M,320.0,340.0,1900.0,41.531,22.226,2026-02-01T10:42:20
MCH-L-02,long,M,320.0,340.0,1900.0,40.729,22.288,2026-02-01T10:42:30
MCH-L-02,long,M,320.0,340.0,1900.0,40.306,22.355,2026-02-01T10:42:40
MCH-L-02,long,M,320.0,340.0,1900.0,40.276,22.392,2026-02-01T10:42:50
MCH-L-02,long,M,320.0,340.0,1900.0,39.956,22.44,2026-02-01T10:43:00
MCH-L-02,long,M,320.0,340.0,1900.0,39.268,22.524,2026-02-01T10:43:10
MCH-L-02,long,M,320.0,340.0,1900.0,38.813,22.626,2026-02-01T10:43:20
MCH-L-02,long,M,320.0,340.0,1900.0,38.532,22.704,2026-02-01T10:43:30
MCH-L-02,long,M,320.0,340.0,1900.0,38.559,22.762,2026-02-01T10:43:40
MCH-L-02,long,M,320.0,340.0,1900.0,38.263,22.83,2026-02-01T10:43:50
MCH-L-02,long,M,320.0,340.0,1900.0,38.112,22.907,2026-02-01T10:44:00
MCH-L-02,long,M,320.0,340.0,1900.0,37.819,22.98,2026-02-01T10:44:10
MCH-L-02,long,M,320.0,340.0,1900.0,37.615,23.048,2026-02-01T10:44:20
MCH-L-02,long,M,320.0,340.0,1900.0,37.811,23.122,2026-02-01T10:44:30
MCH-L-02,long,M,320.0,340.0,1900.0,37.971,23.212,2026-02-01T10:44:40
MCH-L-02,long,M,320.0,340.0,1900.0,38.327,23.293,2026-02-01T10:44:50
MCH-L-02,long,M,320.0,340.0,1900.0,37.965,23.35,2026-02-01T10:45:00
MCH-L-02,long,M,320.0,340.0,1900.0,37.85,23.416,2026-02-01T10:45:10
MCH-L-02,long,M,320.0,340.0,1900.0,37.613,23.494,2026-02-01T10:45:20
MCH-L-02,long,M,320.0,340.0,1900.0,37.659,23.578,2026-02-01T10:45:30
MCH-L-02,long,M,320.0,340.0,1900.0,37.518,23.624,2026-02-01T10:45:40
MCH-L-02,long,M,320.0,340.0,1900.0,37.626,23.691,2026-02-01T10:45:50
MCH-L-02,long,M,320.0,340.0,1900.0,38.161,23.763,2026-02-01T10:46:00
MCH-L-02,long,M,320.0,340.0,1900.0,38.029,23.818,2026-02-01T10:46:10
MCH-L-02,long,M,320.0,340.0,1900.0,38.598,23.868,2026-02-01T10:46:20
MCH-L-02,long,M,320.0,340.0,1900.0,38.827,23.927,2026-02-01T10:46:30
MCH-L-02,long,M,320.0,340.0,1900.0,38.902,23.984,2026-02-01T10:46:40
MCH-L-02,long,M,320.0,340.0,1900.0,38.959,24.05,2026-02-01T10:46:50
MCH-L-02,long,M,320.0,340.0,1900.0,39.188,24.114,2026-02-01T10:47:00
MCH-L-02,long,M,320.0,340.0,1900.0,39.685,24.2,2026-02-01T10:47:10
MCH-L-02,long,M,320.0,340.0,1900.0,39.73,24.255,2026-02-01T10:47:20
MCH-L-02,long,M,320.0,340.0,1900.0,40.536,24.31,2026-02-01T10:47:30
MCH-L-02,long,M,320.0,340.0,1900.0,40.762,24.4,2026-02-01T10:47:40
MCH-L-02,long,M,320.0,340.0,1900.0,41.103,24.497,2026-02-01T10:47:50
MCH-L-02,long,M,320.0,340.0,1900.0,41.275,24.578,2026-02-01T10:48:00
MCH-L-02,long,M,320.0,340.0,1900.0,41.862,24.656,2026-02-01T10:48:10
MCH-L-02,long,M,320.0,340.0,1900.0,42.154,24.708,2026-02-01T10:48:20
MCH-L-02,long,M,320.0,340.0,1900.0,45.357,24.75,2026-02-01T10:48:30
MCH-L-02,long,M,320.0,340.0,1900.0,45.804,24.821,2026-02-01T10:48:40
MCH-L-02,long,M,320.0,340.0,1900.0,45.356,24.885,2026-02-01T10:48:50
MCH-L-02,long,M,320.0,340.0,1900.0,48.169,24.942,2026-02-01T10:49:00
MCH-L-02,long,M,320.0,340.0,1900.0,48.264,25.005,2026-02-01T10:49:10
MCH-L-02,long,M,320.0,340.0,1900.0,48.541,25.076,2026-02-01T10:49:20
MCH-L-02,long,M,320.0,340.0,1900.0,48.829,25.138,2026-02-01T10:49:30
MCH-L-02,long,M,320.0,340.0,1900.0,49.563,25.212,2026-02-01T10:49:40
MCH-L-02,long,M,320.0,340.0,1900.0,50.299,25.296,2026-02-01T10:49:50
MCH-L-02,long,M,320.0,340.0,1900.0,51.141,25.37,2026-02-01T10:50:00
MCH-L-02,long,M,320.0,340.0,1900.0,52.085,25.437,2026-02-01T10:50:10
MCH-L-02,long,M,320.0,340.0,1900.0,52.52,25.529,2026-02-01T10:50:20
MCH-L-02,long,M,320.0,340.0,1900.0,53.271,25.617,2026-02-01T10:50:30
MCH-L-02,long,M,320.0,340.0,1900.0,54.122,25.644,2026-02-01T10:50:40
MCH-L-02,long,M,320.0,340.0,1900.0,54.889,25.678,2026-02-01T10:50:50
MCH-L-02,long,M,320.0,340.0,1900.0,55.415,25.739,2026-02-01T10:51:00
MCH-L-02,long,M,320.0,340.0,1900.0,56.541,25.825,2026-02-01T10:51:10
MCH-L-02,long,M,320.0,340.0,1900.0,56.65,25.897,2026-02-01T10:51:20
MCH-L-02,long,M,320.0,340.0,1900.0,57.593,25.964,2026-02-01T10:51:30
MCH-L-02,long,M,320.0,340.0,1900.0,58.479,26.06,2026-02-01T10:51:40
MCH-L-02,long,M,320.0,340.0,1900.0,59.29,26.139,2026-02-01T10:51:50
MCH-L-02,long,M,320.0,340.0,1900.0,59.936,26.218,2026-02-01T10:52:00
MCH-L-02,long,M,320.0,340.0,1900.0,60.311,26.255,2026-02-01T10:52:10
MCH-L-02,long,M,320.0,340.0,1900.0,61.076,26.328,2026-02-01T10:52:20
MCH-L-02,long,M,320.0,340.0,1900.0,61.797,26.389,2026-02-01T10:52:30
MCH-L-02,long,M,320.0,340.0,1900.0,62.215,26.439,2026-02-01T10:52:40
MCH-L-02,long,M,320.0,340.0,1900.0,62.933,26.495,2026-02-01T10:52:50
MCH-L-02,long,M,320.0,340.0,1900.0,63.37,26.572,2026-02-01T10:53:00
MCH-L-02,long,M,320.0,340.0,1900.0,63.879,26.644,2026-02-01T10:53:10
MCH-L-02,long,M,320.0,340.0,1900.0,64.418,26.749,2026-02-01T10:53:20
MCH-L-02,long,M,320.0,340.0,1900.0,65.449,26.799,2026-02-01T10:53:30
MCH-L-02,long,M,320.0,340.0,1900.0,69.531,26.861,2026-02-01T10:53:40
MCH-L-02,long,M,320.0,340.0,1900.0,70.733,26.916,2026-02-01T10:53:50
MCH-L-02,long,M,320.0,340.0,1900.0,71.173,27.01,2026-02-01T10:54:00
MCH-L-02,long,M,320.0,340.0,1900.0,71.679,27.091,2026-02-01T10:54:10
MCH-L-02,long,M,320.0,340.0,1900.0,72.7,27.176,2026-02-01T10:54:20
MCH-L-02,long,M,320.0,340.0,1900.0,73.56,27.248,2026-02-01T10:54:30
MCH-L-02,long,M,320.0,339.974,1900.0,74.06,27.321,2026-02-01T10:54:40
MCH-L-02,long,M,320.0,339.517,1900.0,75.21,27.391,2026-02-01T10:54:50
MCH-L-02,long,M,320.0,339.169,1900.0,76.292,27.471,2026-02-01T10:55:00
MCH-L-02,long,M,320.0,338.751,1900.0,77.349,27.516,2026-02-01T10:55:10
MCH-L-02,long,M,320.0,338.341,1900.0,78.42,27.575,2026-02-01T10:55:20
MCH-L-02,long,M,320.0,337.899,1900.0,79.272,27.638,2026-02-01T10:55:30
MCH-L-02,long,M,320.0,337.493,1900.0,80.129,27.702,2026-02-01T10:55:40
MCH-L-02,long,M,320.0,337.219,1900.0,81.162,27.764,2026-02-01T10:55:50
MCH-L-02,long,M,320.0,336.642,1900.0,82.032,27.853,2026-02-01T10:56:00
MCH-L-02,long,M,320.0,336.194,1900.0,82.853,27.905,2026-02-01T10:56:10
MCH-L-02,long,M,320.0,335.657,1900.0,84.101,27.994,2026-02-01T10:56:20
MCH-L-02,long,M,320.0,335.279,1900.0,84.95,28.066,2026-02-01T10:56:30
MCH-L-02,long,M,320.0,335.001,1900.0,86.321,28.114,2026-02-01T10:56:40
MCH-L-02,long,M,319.896,334.666,1900.0,87.515,28.203,2026-02-01T10:56:50
MCH-L-02,long,M,319.529,334.33,1900.0,88.279,28.279,2026-02-01T10:57:00
MCH-L-02,long,M,319.004,333.82,1900.0,89.346,28.353,2026-02-01T10:57:10
MCH-L-02,long,M,318.385,333.063,1900.0,90.0,28.388,2026-02-01T10:57:20
MCH-L-02,long,M,317.893,332.491,1900.0,90.0,28.465,2026-02-01T10:57:30
MCH-L-02,long,M,317.331,332.093,1900.0,90.0,28.567,2026-02-01T10:57:40
MCH-L-02,long,M,316.916,331.894,1900.0,90.0,28.641,2026-02-01T10:57:50
MCH-L-02,long,M,316.569,331.455,1900.0,90.0,28.765,2026-02-01T10:58:00
MCH-L-02,long,M,316.114,331.207,1900.0,90.0,28.851,2026-02-01T10:58:10
MCH-L-02,long,M,315.723,330.925,1900.0,90.0,28.909,2026-02-01T10:58:20
MCH-L-02,long,M,315.315,330.753,1900.0,90.0,28.985,2026-02-01T10:58:30
MCH-L-02,long,M,314.832,330.541,1900.0,90.0,29.054,2026-02-01T10:58:40
MCH-L-02,long,M,314.334,330.244,1900.0,90.0,29.123,2026-02-01T10:58:50
MCH-L-02,long,M,314.023,329.735,1900.0,90.0,29.188,2026-02-01T10:59:00
MCH-L-02,long,M,313.558,329.323,1900.0,90.0,29.283,2026-02-01T10:59:10
MCH-L-02,long,M,313.115,329.112,1900.0,90.0,29.365,2026-02-01T10:59:20
MCH-L-02,long,M,312.715,328.977,1900.0,90.0,29.452,2026-02-01T10:59:30
MCH-L-02,long,M,312.272,328.703,1900.0,90.0,29.491,2026-02-01T10:59:40
MCH-L-02,long,M,312.045,328.309,1900.0,90.0,29.569,2026-02-01T10:59:50
MCH-L-02,long,M,311.672,327.918,1900.0,90.0,29.647,2026-02-01T11:00:00
MCH-L-02,long,M,311.249,327.767,1900.0,90.0,29.719,2026-02-01T11:00:10
MCH-L-02,long,M,310.743,327.644,1900.0,90.0,29.785,2026-02-01T11:00:20
MCH-L-02,long,M,310.417,327.555,1900.0,90.0,29.839,2026-02-01T11:00:30
MCH-L-02,long,M,309.967,327.359,1900.0,90.0,29.94,2026-02-01T11:00:40
MCH-L-02,long,M,309.506,327.169,1900.0,90.0,30.0,2026-02-01T11:00:50
MCH-L-02,long,M,309.219,326.978,1900.0,90.0,30.072,2026-02-01T11:01:00
MCH-L-02,long,M,308.86,327.025,1900.0,90.0,30.15,2026-02-01T11:01:10
MCH-L-02,long,M,308.346,327.033,1900.0,90.0,30.205,2026-02-01T11:01:20
MCH-L-02,long,M,308.191,326.93,1900.0,90.0,30.257,2026-02-01T11:01:30
MCH-L-02,long,M,307.875,326.817,1900.0,90.0,30.34,2026-02-01T11:01:40
MCH-L-02,long,M,307.517,326.694,1900.0,90.0,30.404,2026-02-01T11:01:50
MCH-L-02,long,M,307.03,326.462,1900.0,90.0,30.469,2026-02-01T11:02:00
MCH-L-02,long,M,306.528,326.411,1900.0,90.0,30.542,2026-02-01T11:02:10
MCH-L-02,long,M,306.212,326.565,1900.0,90.0,30.611,2026-02-01T11:02:20
MCH-L-02,long,M,305.767,326.478,1900.0,90.0,30.674,2026-02-01T11:02:30
MCH-L-02,long,M,305.507,326.365,1900.0,90.0,30.787,2026-02-01T11:02:40
MCH-L-02,long,M,305.219,326.578,1900.0,90.0,30.877,2026-02-01T11:02:50
MCH-L-02,long,M,304.996,326.713,1900.0,90.0,30.937,2026-02-01T11:03:00
MCH-L-02,long,M,304.896,326.822,1900.0,90.0,31.0,2026-02-01T11:03:10
MCH-L-02,long,M,304.507,326.754,1900.0,90.0,31.109,2026-02-01T11:03:20
MCH-L-02,long,M,304.28,326.878,1900.0,90.0,31.157,2026-02-01T11:03:30
MCH-L-02,long,M,304.126,326.934,1900.0,90.0,31.235,2026-02-01T11:03:40
MCH-L-02,long,M,303.879,326.923,1900.0,90.0,31.323,2026-02-01T11:03:50
MCH-L-02,long,M,303.736,326.985,1900.0,90.0,31.375,2026-02-01T11:04:00
MCH-L-02,long,M,303.566,327.113,1900.0,90.0,31.434,2026-02-01T11:04:10
MCH-L-02,long,M,303.452,327.294,1900.0,90.0,31.511,2026-02-01T11:04:20
MCH-L-02,long,M,303.229,327.577,1900.0,90.0,31.587,2026-02-01T11:04:30
MCH-L-02,long,M,303.073,327.722,1900.0,90.0,31.65,2026-02-01T11:04:40
MCH-L-02,long,M,302.853,327.852,1900.0,90.0,31.714,2026-02-01T11:04:50
MCH-L-02,long,M,302.488,328.17,1900.0,90.0,31.785,2026-02-01T11:05:00
MCH-L-02,long,M,302.473,328.493,1900.0,90.0,31.84,2026-02-01T11:05:10
MCH-L-02,long,M,302.266,328.895,1900.0,90.0,31.912,2026-02-01T11:05:20
MCH-L-02,long,M,302.063,329.16,1900.0,90.0,31.985,2026-02-01T11:05:30
MCH-L-02,long,M,301.959,329.203,1900.0,90.0,32.065,2026-02-01T11:05:40
MCH-L-02,long,M,301.823,329.653,1900.0,90.0,32.135,2026-02-01T11:05:50
MCH-L-02,long,M,301.768,329.969,1900.0,90.0,32.215,2026-02-01T11:06:00
MCH-L-02,long,M,301.551,330.578,1900.0,90.0,32.301,2026-02-01T11:06:10
MCH-L-02,long,M,301.496,331.072,1900.0,90.0,32.374,2026-02-01T11:06:20
MCH-L-02,long,M,301.489,331.388,1900.0,90.0,32.468,2026-02-01T11:06:30
MCH-L-02,long,M,301.289,331.671,1900.0,90.0,32.521,2026-02-01T11:06:40
MCH-L-02,long,M,301.515,331.864,1900.0,90.0,32.601,2026-02-01T11:06:50
MCH-L-02,long,M,301.258,332.334,1900.0,90.0,32.679,2026-02-01T11:07:00
MCH-L-02,long,M,301.309,332.748,1900.0,90.0,32.748,2026-02-01T11:07:10
MCH-L-02,long,M,301.282,333.101,1900.0,90.0,32.787,2026-02-01T11:07:20
MCH-L-02,long,M,301.249,333.677,1900.0,90.0,32.853,2026-02-01T11:07:30
MCH-L-02,long,M,301.243,334.094,1900.0,90.0,32.944,2026-02-01T11:07:40
MCH-L-02,long,M,301.306,334.382,1900.0,90.0,33.018,2026-02-01T11:07:50
MCH-L-02,long,M,301.463,334.695,1900.0,90.0,33.109,2026-02-01T11:08:00
MCH-L-02,long,M,301.399,335.1,1900.0,90.0,33.169,2026-02-01T11:08:10
MCH-L-02,long,M,301.3,335.483,1900.0,90.0,33.23,2026-02-01T11:08:20
MCH-L-02,long,M,301.378,335.813,1900.0,90.0,33.288,2026-02-01T11:08:30
MCH-L-02,long,M,301.439,336.232,1900.0,90.0,33.356,2026-02-01T11:08:40
MCH-L-02,long,M,301.575,336.597,1900.0,90.0,33.419,2026-02-01T11:08:50
MCH-L-02,long,M,301.593,336.985,1900.0,90.0,33.492,2026-02-01T11:09:00
MCH-L-02,long,M,301.794,337.518,1900.0,90.0,33.551,2026-02-01T11:09:10
MCH-L-02,long,M,302.086,337.946,1900.0,90.0,33.624,2026-02-01T11:09:20
MCH-L-02,long,M,302.229,338.366,1900.0,90.0,33.7,2026-02-01T11:09:30
MCH-L-02,long,M,302.357,338.803,1900.0,90.0,33.795,2026-02-01T11:09:40
MCH-L-02,long,M,302.456,339.232,1900.0,90.0,33.837,2026-02-01T11:09:50
MCH-L-02,long,M,302.916,339.869,1900.0,90.0,33.922,2026-02-01T11:10:00
MCH-L-02,long,M,303.104,340.0,1900.0,90.0,33.983,2026-02-01T11:10:10
MCH-L-02,long,M,303.332,340.0,1900.0,90.0,34.036,2026-02-01T11:10:20
MCH-L-02,long,M,303.672,340.0,1900.0,90.0,34.129,2026-02-01T11:10:30
MCH-L-02,long,M,303.88,340.0,1900.0,90.0,34.172,2026-02-01T11:10:40
MCH-L-02,long,M,304.031,340.0,1900.0,90.0,34.212,2026-02-01T11:10:50
MCH-L-02,long,M,304.041,340.0,1900.0,90.0,34.255,2026-02-01T11:11:00
MCH-L-02,long,M,304.322,340.0,1900.0,90.0,34.364,2026-02-01T11:11:10
MCH-L-02,long,M,304.519,340.0,1900.0,90.0,34.42,2026-02-01T11:11:20
MCH-L-02,long,M,304.696,340.0,1900.0,90.0,34.484,2026-02-01T11:11:30
MCH-L-02,long,M,304.927,340.0,1900.0,90.0,34.577,2026-02-01T11:11:40
MCH-L-02,long,M,305.182,340.0,1900.0,90.0,34.652,2026-02-01T11:11:50
MCH-L-02,long,M,305.269,340.0,1900.0,90.0,34.757,2026-02-01T11:12:00
MCH-L-02,long,M,305.505,340.0,1900.0,90.0,34.836,2026-02-01T11:12:10
MCH-L-02,long,M,305.945,340.0,1900.0,90.0,34.899,2026-02-01T11:12:20
MCH-L-02,long,M,306.227,340.0,1900.0,90.0,34.957,2026-02-01T11:12:30
MCH-L-02,long,M,306.402,340.0,1881.512,90.0,35.005,2026-02-01T11:12:40
MCH-L-02,long,M,306.765,340.0,1855.264,90.0,35.058,2026-02-01T11:12:50
MCH-L-02,long,M,307.087,340.0,1839.476,90.0,35.082,2026-02-01T11:13:00
MCH-L-02,long,M,307.227,340.0,1824.857,90.0,35.17,2026-02-01T11:13:10
MCH-L-02,long,M,307.561,340.0,1798.584,90.0,35.247,2026-02-01T11:13:20
MCH-L-02,long,M,308.018,340.0,1789.917,90.0,35.309,2026-02-01T11:13:30
MCH-L-02,long,M,308.377,340.0,1784.952,90.0,35.376,2026-02-01T11:13:40
MCH-L-02,long,M,308.725,340.0,1767.16,90.0,35.462,2026-02-01T11:13:50
MCH-L-02,long,M,308.818,340.0,1760.605,90.0,35.529,2026-02-01T11:14:00
MCH-L-02,long,M,308.975,340.0,1752.924,90.0,35.594,2026-02-01T11:14:10
MCH-L-02,long,M,309.098,340.0,1747.746,90.0,35.678,2026-02-01T11:14:20
MCH-L-02,long,M,309.222,340.0,1747.568,90.0,35.764,2026-02-01T11:14:30
MCH-L-02,long,M,309.464,340.0,1714.839,90.0,35.82,2026-02-01T11:14:40
MCH-L-02,long,M,309.695,340.0,1704.503,90.0,35.917,2026-02-01T11:14:50
MCH-L-02,long,M,309.994,340.0,1690.525,90.0,35.971,2026-02-01T11:15:00
MCH-L-02,long,M,310.226,340.0,1668.907,90.0,36.066,2026-02-01T11:15:10
MCH-L-02,long,M,310.459,340.0,1666.593,90.0,36.147,2026-02-01T11:15:20
MCH-L-02,long,M,310.594,340.0,1662.573,90.0,36.185,2026-02-01T11:15:30
MCH-L-02,long,M,310.874,340.0,1651.766,90.0,36.254,2026-02-01T11:15:40
MCH-L-02,long,M,311.077,340.0,1644.245,90.0,36.313,2026-02-01T11:15:50
MCH-L-02,long,M,311.172,340.0,1642.492,90.0,36.366,2026-02-01T11:16:00
MCH-L-02,long,M,311.662,340.0,1631.561,90.0,36.426,2026-02-01T11:16:10
MCH-L-02,long,M,311.785,340.0,1636.081,90.0,36.511,2026-02-01T11:16:20
MCH-L-02,long,M,312.076,340.0,1624.286,90.0,36.569,2026-02-01T11:16:30
MCH-L-02,long,M,312.435,340.0,1612.301,90.0,36.619,2026-02-01T11:16:40
MCH-L-02,long,M,312.728,340.0,1617.661,90.0,36.71,2026-02-01T11:16:50
MCH-L-02,long,M,313.071,340.0,1622.579,90.0,36.725,2026-02-01T11:17:00
MCH-L-02,long,M,313.417,340.0,1617.503,90.0,36.767,2026-02-01T11:17:10
MCH-L-02,long,M,313.599,340.0,1611.423,90.0,36.833,2026-02-01T11:17:20
MCH-L-02,long,M,313.853,340.0,1586.849,90.0,36.919,2026-02-01T11:17:30
MCH-L-02,long,M,314.013,340.0,1602.196,90.0,37.011,2026-02-01T11:17:40
MCH-L-02,long,M,314.174,340.0,1594.825,90.0,37.059,2026-02-01T11:17:50
MCH-L-02,long,M,314.451,340.0,1600.299,90.0,37.115,2026-02-01T11:18:00
MCH-L-02,long,M,314.706,340.0,1607.608,90.0,37.182,2026-02-01T11:18:10
MCH-L-02,long,M,315.012,340.0,1599.361,90.0,37.241,2026-02-01T11:18:20
MCH-L-02,long,M,315.256,340.0,1596.872,90.0,37.333,2026-02-01T11:18:30
MCH-L-02,long,M,315.375,340.0,1611.556,90.0,37.407,2026-02-01T11:18:40
MCH-L-02,long,M,315.647,340.0,1597.174,90.0,37.452,2026-02-01T11:18:50
MCH-L-02,long,M,315.82,340.0,1592.273,90.0,37.544,2026-02-01T11:19:00
MCH-L-02,long,M,316.077,340.0,1600.436,90.0,37.64,2026-02-01T11:19:10
MCH-L-02,long,M,316.206,340.0,1604.594,90.0,37.702,2026-02-01T11:19:20
MCH-L-02,long,M,316.257,340.0,1599.494,90.0,37.795,2026-02-01T11:19:30
MCH-L-02,long,M,316.607,340.0,1594.761,90.0,37.853,2026-02-01T11:19:40
MCH-L-02,long,M,316.581,340.0,1595.54,90.0,37.914,2026-02-01T11:19:50
MCH-L-02,long,M,316.701,340.0,1607.327,90.0,37.972,2026-02-01T11:20:00
MCH-L-02,long,M,316.882,340.0,1616.192,90.0,38.059,2026-02-01T11:20:10
MCH-L-02,long,M,316.972,340.0,1616.634,90.0,38.122,2026-02-01T11:20:20
MCH-L-02,long,M,316.98,340.0,1614.759,90.0,38.166,2026-02-01T11:20:30
MCH-L-02,long,M,317.258,340.0,1628.299,90.0,38.216,2026-02-01T11:20:40
MCH-L-02,long,M,317.219,340.0,1644.848,90.0,38.242,2026-02-01T11:20:50
MCH-L-02,long,M,317.32,340.0,1652.805,90.0,38.31,2026-02-01T11:21:00
MCH-L-02,long,M,317.236,340.0,1659.06,90.0,38.384,2026-02-01T11:21:10
MCH-L-02,long,M,317.136,340.0,1681.893,90.0,38.42,2026-02-01T11:21:20
MCH-L-02,long,M,317.2,340.0,1688.823,90.0,38.509,2026-02-01T11:21:30
MCH-L-02,long,M,317.168,340.0,1688.98,90.0,38.556,2026-02-01T11:21:40
MCH-L-02,long,M,317.178,340.0,1688.112,90.0,38.633,2026-02-01T11:21:50
MCH-L-02,long,M,317.095,340.0,1696.666,90.0,38.661,2026-02-01T11:22:00
MCH-L-02,long,M,316.948,340.0,1685.332,90.0,38.695,2026-02-01T11:22:10
MCH-L-02,long,M,316.862,340.0,1685.916,90.0,38.745,2026-02-01T11:22:20
MCH-L-02,long,M,316.866,340.0,1702.352,90.0,38.821,2026-02-01T11:22:30
MCH-L-02,long,M,316.983,340.0,1731.331,90.0,38.917,2026-02-01T11:22:40
MCH-L-02,long,M,316.833,340.0,1743.151,90.0,39.0,2026-02-01T11:22:50
MCH-L-02,long,M,316.583,340.0,1759.538,90.0,39.052,2026-02-01T11:23:00
MCH-L-02,long,M,316.675,340.0,1781.764,90.0,39.13,2026-02-01T11:23:10
MCH-L-02,long,M,316.663,340.0,1790.017,90.0,39.191,2026-02-01T11:23:20
MCH-L-02,long,M,316.716,340.0,1792.466,90.0,39.256,2026-02-01T11:23:30
MCH-L-02,long,M,316.833,340.0,1808.478,90.0,39.309,2026-02-01T11:23:40
MCH-L-02,long,M,316.823,340.0,1828.131,90.0,39.409,2026-02-01T11:23:50
MCH-L-02,long,M,316.729,340.0,1858.869,90.0,39.487,2026-02-01T11:24:00
MCH-L-02,long,M,316.506,340.0,1868.598,90.0,39.559,2026-02-01T11:24:10
MCH-L-02,long,M,316.431,340.0,1872.086,90.0,39.636,2026-02-01T11:24:20
MCH-L-02,long,M,316.312,340.0,1894.282,90.0,39.716,2026-02-01T11:24:30
MCH-L-02,long,M,316.17,340.0,1900.0,90.0,39.825,2026-02-01T11:24:40
MCH-L-02,long,M,315.926,340.0,1900.0,90.0,39.894,2026-02-01T11:24:50
MCH-L-02,long,M,315.634,340.0,1900.0,90.0,39.961,2026-02-01T11:25:00
MCH-L-02,long,M,315.663,340.0,1900.0,90.0,40.027,2026-02-01T11:25:10
MCH-L-02,long,M,315.653,340.0,1900.0,90.0,40.13,2026-02-01T11:25:20
MCH-L-02,long,M,315.295,340.0,1900.0,90.0,40.216,2026-02-01T11:25:30
MCH-L-02,long,M,314.953,340.0,1900.0,90.0,40.288,2026-02-01T11:25:40
MCH-L-02,long,M,314.842,340.0,1900.0,90.0,40.347,2026-02-01T11:25:50
MCH-L-02,long,M,314.628,340.0,1900.0,90.0,40.421,2026-02-01T11:26:00
MCH-L-02,long,M,314.483,340.0,1900.0,90.0,40.454,2026-02-01T11:26:10
MCH-L-02,long,M,314.243,340.0,1900.0,90.0,40.531,2026-02-01T11:26:20
MCH-L-02,long,M,314.151,340.0,1900.0,90.0,40.595,2026-02-01T11:26:30
MCH-L-02,long,M,313.926,340.0,1900.0,90.0,40.665,2026-02-01T11:26:40
MCH-L-02,long,M,313.765,340.0,1900.0,90.0,40.721,2026-02-01T11:26:50
MCH-L-02,long,M,313.565,340.0,1900.0,90.0,40.797,2026-02-01T11:27:00
MCH-L-02,long,M,313.252,340.0,1900.0,90.0,40.869,2026-02-01T11:27:10
MCH-L-02,long,M,313.041,340.0,1900.0,90.0,40.927,2026-02-01T11:27:20
MCH-L-02,long,M,312.703,340.0,1900.0,90.0,40.998,2026-02-01T11:27:30
MCH-L-02,long,M,312.538,340.0,1900.0,90.0,41.047,2026-02-01T11:27:40
MCH-L-02,long,M,312.423,340.0,1900.0,90.0,41.076,2026-02-01T11:27:50
MCH-L-02,long,M,311.953,340.0,1900.0,90.0,41.138,2026-02-01T11:28:00
MCH-L-02,long,M,311.912,340.0,1900.0,90.0,41.212,2026-02-01T11:28:10
MCH-L-02,long,M,311.538,340.0,1900.0,90.0,41.303,2026-02-01T11:28:20
MCH-L-02,long,M,311.322,340.0,1900.0,90.0,41.408,2026-02-01T11:28:30
MCH-L-02,long,M,311.047,340.0,1900.0,90.0,41.482,2026-02-01T11:28:40
MCH-L-02,long,M,310.778,340.0,1900.0,90.0,41.53,2026-02-01T11:28:50
MCH-L-02,long,M,310.533,339.554,1900.0,90.0,41.584,2026-02-01T11:29:00
MCH-L-02,long,M,310.38,339.121,1900.0,90.0,41.666,2026-02-01T11:29:10
MCH-L-02,long,M,310.038,338.525,1900.0,90.0,41.728,2026-02-01T11:29:20
MCH-L-02,long,M,309.852,338.05,1900.0,90.0,41.81,2026-02-01T11:29:30
MCH-L-02,long,M,309.582,337.66,1900.0,90.0,41.9,2026-02-01T11:29:40
MCH-L-02,long,M,309.247,337.418,1900.0,90.0,41.957,2026-02-01T11:29:50
MCH-L-02,long,M,308.94,336.899,1900.0,90.0,42.019,2026-02-01T11:30:00
MCH-L-02,long,M,308.763,336.393,1900.0,90.0,42.085,2026-02-01T11:30:10
MCH-L-02,long,M,308.491,335.693,1900.0,90.0,42.142,2026-02-01T11:30:20
MCH-L-02,long,M,308.141,335.206,1900.0,90.0,42.215,2026-02-01T11:30:30
MCH-L-02,long,M,307.822,334.795,1900.0,90.0,42.262,2026-02-01T11:30:40
MCH-L-02,long,M,307.576,334.366,1900.0,90.0,42.338,2026-02-01T11:30:50
MCH-L-02,long,M,307.434,333.99,1900.0,90.0,42.415,2026-02-01T11:31:00
MCH-L-02,long,M,307.246,333.551,1900.0,90.0,42.474,2026-02-01T11:31:10
MCH-L-02,long,M,306.988,333.235,1900.0,90.0,42.538,2026-02-01T11:31:20
MCH-L-02,long,M,306.615,332.746,1900.0,90.0,42.614,2026-02-01T11:31:30
MCH-L-02,long,M,306.475,332.423,1900.0,90.0,42.694,2026-02-01T11:31:40
MCH-L-02,long,M,306.241,331.964,1900.0,90.0,42.798,2026-02-01T11:31:50
MCH-L-02,long,M,306.038,331.457,1900.0,90.0,42.87,2026-02-01T11:32:00
MCH-L-02,long,M,305.852,331.139,1900.0,90.0,42.907,2026-02-01T11:32:10
MCH-L-02,long,M,305.584,330.735,1900.0,90.0,42.982,2026-02-01T11:32:20
MCH-L-02,long,M,305.487,330.584,1900.0,90.0,43.048,2026-02-01T11:32:30
MCH-L-02,long,M,305.186,330.321,1900.0,90.0,43.141,2026-02-01T11:32:40
MCH-L-02,long,M,305.014,330.142,1900.0,90.0,43.192,2026-02-01T11:32:50
MCH-L-02,long,M,304.868,329.713,1900.0,90.0,43.259,2026-02-01T11:33:00
MCH-L-02,long,M,304.683,329.263,1900.0,90.0,43.351,2026-02-01T11:33:10
MCH-L-02,long,M,304.629,328.92,1900.0,90.0,43.434,2026-02-01T11:33:20
MCH-L-02,long,M,304.642,328.613,1900.0,90.0,43.507,2026-02-01T11:33:30
MCH-L-02,long,M,304.49,328.443,1900.0,90.0,43.562,2026-02-01T11:33:40
MCH-L-02,long,M,304.651,328.168,1900.0,90.0,43.632,2026-02-01T11:33:50
MCH-L-02,long,M,304.489,328.024,1900.0,90.0,43.724,2026-02-01T11:34:00
MCH-L-02,long,M,304.339,327.966,1900.0,90.0,43.776,2026-02-01T11:34:10
MCH-L-02,long,M,304.415,327.642,1900.0,90.0,43.86,2026-02-01T11:34:20
MCH-L-02,long,M,304.38,327.515,1900.0,90.0,43.943,2026-02-01T11:34:30
MCH-L-02,long,M,304.277,327.546,1900.0,90.0,44.035,2026-02-01T11:34:40
MCH-L-02,long,M,304.215,327.311,1900.0,90.0,44.117,2026-02-01T11:34:50
MCH-L-02,long,M,304.014,327.18,1900.0,90.0,44.203,2026-02-01T11:35:00
MCH-L-02,long,M,303.91,327.254,1900.0,90.0,44.275,2026-02-01T11:35:10
MCH-L-02,long,M,303.814,327.221,1900.0,90.0,5.25,2026-02-01T11:35:20
MCH-L-02,long,M,303.82,327.085,1900.0,90.0,5.341,2026-02-01T11:35:30
MCH-L-02,long,M,303.801,327.11,1900.0,90.0,5.436,2026-02-01T11:35:40
MCH-L-02,long,M,303.826,327.095,1900.0,90.0,5.506,2026-02-01T11:35:50
MCH-L-02,long,M,303.912,327.01,1900.0,90.0,5.585,2026-02-01T11:36:00
MCH-L-02,long,M,303.858,326.842,1900.0,90.0,5.642,2026-02-01T11:36:10
MCH-L-02,long,M,303.923,326.729,1900.0,90.0,5.734,2026-02-01T11:36:20
MCH-L-02,long,M,303.952,326.62,1900.0,90.0,5.807,2026-02-01T11:36:30
MCH-L-02,long,M,304.069,326.616,1900.0,90.0,5.898,2026-02-01T11:36:40
MCH-L-02,long,M,304.212,326.622,1900.0,90.0,5.95,2026-02-01T11:36:50
MCH-L-02,long,M,304.242,326.772,1900.0,90.0,6.032,2026-02-01T11:37:00
MCH-L-02,long,M,304.347,326.847,1900.0,90.0,6.125,2026-02-01T11:37:10
MCH-L-02,long,M,304.464,326.969,1900.0,90.0,6.236,2026-02-01T11:37:20
MCH-L-02,long,M,304.607,327.276,1900.0,90.0,6.309,2026-02-01T11:37:30
MCH-L-02,long,M,304.747,327.478,1900.0,90.0,6.405,2026-02-01T11:37:40
MCH-L-02,long,M,304.941,327.616,1900.0,90.0,6.492,2026-02-01T11:37:50
MCH-L-02,long,M,304.89,327.738,1900.0,90.0,6.548,2026-02-01T11:38:00
MCH-L-02,long,M,304.937,327.959,1900.0,90.0,6.621,2026-02-01T11:38:10
MCH-L-02,long,M,305.167,328.321,1900.0,90.0,6.707,2026-02-01T11:38:20
MCH-L-02,long,M,305.238,328.612,1900.0,90.0,6.788,2026-02-01T11:38:30
MCH-L-02,long,M,305.289,328.846,1900.0,90.0,6.878,2026-02-01T11:38:40
MCH-L-02,long,M,305.376,329.161,1900.0,90.0,6.966,2026-02-01T11:38:50
MCH-L-02,long,M,305.646,329.633,1900.0,90.0,7.027,2026-02-01T11:39:00
MCH-L-02,long,M,305.762,329.975,1900.0,90.0,7.079,2026-02-01T11:39:10
MCH-L-02,long,M,305.797,330.133,1900.0,90.0,7.148,2026-02-01T11:39:20
MCH-L-02,long,M,306.087,330.368,1900.0,90.0,7.198,2026-02-01T11:39:30
MCH-L-02,long,M,306.159,330.682,1900.0,90.0,7.272,2026-02-01T11:39:40
MCH-L-02,long,M,306.34,331.044,1900.0,90.0,7.354,2026-02-01T11:39:50
MCH-L-02,long,M,306.523,331.102,1900.0,90.0,7.451,2026-02-01T11:40:00
MCH-L-02,long,M,306.618,331.512,1900.0,90.0,7.531,2026-02-01T11:40:10
MCH-L-02,long,M,306.931,331.798,1900.0,90.0,7.595,2026-02-01T11:40:20
MCH-L-02,long,M,307.085,332.154,1900.0,90.0,7.672,2026-02-01T11:40:30
MCH-L-02,long,M,307.398,332.648,1900.0,90.0,7.72,2026-02-01T11:40:40
MCH-L-02,long,M,307.484,333.049,1900.0,90.0,7.782,2026-02-01T11:40:50
MCH-L-02,long,M,307.733,333.444,1900.0,90.0,7.865,2026-02-01T11:41:00
MCH-L-02,long,M,308.143,333.803,1900.0,90.0,7.92,2026-02-01T11:41:10
MCH-L-02,long,M,308.475,334.159,1900.0,90.0,8.008,2026-02-01T11:41:20
MCH-L-02,long,M,309.009,334.387,1900.0,90.0,8.065,2026-02-01T11:41:30
MCH-L-02,long,M,309.301,334.827,1900.0,90.0,8.131,2026-02-01T11:41:40
MCH-L-02,long,M,309.489,335.069,1900.0,90.0,8.2,2026-02-01T11:41:50
MCH-L-02,long,M,309.955,335.521,1900.0,90.0,8.288,2026-02-01T11:42:00
MCH-L-02,long,M,310.344,335.943,1900.0,90.0,8.354,2026-02-01T11:42:10
MCH-L-02,long,M,310.545,336.411,1900.0,90.0,8.431,2026-02-01T11:42:20
MCH-L-02,long,M,310.875,336.773,1900.0,90.0,8.512,2026-02-01T11:42:30
MCH-L-02,long,M,311.264,337.502,1900.0,90.0,8.579,2026-02-01T11:42:40
MCH-L-02,long,M,311.507,337.886,1900.0,90.0,8.637,2026-02-01T11:42:50
MCH-L-02,long,M,311.939,338.194,1900.0,90.0,8.699,2026-02-01T11:43:00
MCH-L-02,long,M,312.188,338.681,1900.0,90.0,8.803,2026-02-01T11:43:10
MCH-L-02,long,M,312.679,339.179,1900.0,90.0,8.846,2026-02-01T11:43:20
MCH-L-02,long,M,313.003,339.64,1900.0,90.0,8.917,2026-02-01T11:43:30
MCH-L-02,long,M,313.337,340.0,1900.0,90.0,8.972,2026-02-01T11:43:40
MCH-L-02,long,M,313.926,340.0,1900.0,90.0,9.085,2026-02-01T11:43:50
MCH-L-02,long,M,314.404,340.0,1900.0,90.0,9.146,2026-02-01T11:44:00
MCH-L-02,long,M,314.753,340.0,1900.0,90.0,9.215,2026-02-01T11:44:10
MCH-L-02,long,M,315.259,340.0,1900.0,90.0,9.252,2026-02-01T11:44:20
MCH-L-02,long,M,315.761,340.0,1900.0,90.0,9.292,2026-02-01T11:44:30
MCH-L-02,long,M,316.183,340.0,1900.0,90.0,9.406,2026-02-01T11:44:40
MCH-L-02,long,M,316.786,340.0,1900.0,90.0,9.463,2026-02-01T11:44:50
MCH-L-02,long,M,317.186,340.0,1900.0,90.0,9.554,2026-02-01T11:45:00
MCH-L-02,long,M,317.678,340.0,1900.0,90.0,9.629,2026-02-01T11:45:10
MCH-L-02,long,M,317.973,340.0,1900.0,90.0,9.686,2026-02-01T11:45:20
MCH-L-02,long,M,318.431,340.0,1900.0,90.0,9.756,2026-02-01T11:45:30
MCH-L-02,long,M,318.952,340.0,1900.0,90.0,9.815,2026-02-01T11:45:40
MCH-L-02,long,M,319.171,340.0,1900.0,90.0,9.893,2026-02-01T11:45:50
MCH-L-02,long,M,319.639,340.0,1900.0,90.0,9.97,2026-02-01T11:46:00
MCH-L-02,long,M,319.999,340.0,1900.0,90.0,10.047,2026-02-01T11:46:10
MCH-L-02,long,M,320.0,340.0,1900.0,90.0,10.097,2026-02-01T11:46:20
MCH-L-02,long,M,320.0,340.0,1900.0,90.0,10.163,2026-02-01T11:46:30
MCH-L-02,long,M,320.0,340.0,1900.0,90.0,10.236,2026-02-01T11:46:40
MCH-L-02,long,M,320.0,340.0,1900.0,90.0,10.287,2026-02-01T11:46:50
MCH-L-02,long,M,320.0,340.0,1900.0,90.0,10.371,2026-02-01T11:47:00
MCH-L-02,long,M,320.0,340.0,1900.0,90.0,10.437,2026-02-01T11:47:10
MCH-L-02,long,M,320.0,340.0,1900.0,90.0,10.547,2026-02-01T11:47:20
MCH-L-02,long,M,320.0,340.0,1900.0,90.0,10.657,2026-02-01T11:47:30
MCH-L-02,long,M,320.0,340.0,1900.0,90.0,10.714,2026-02-01T11:47:40
MCH-L-02,long,M,320.0,340.0,1900.0,90.0,10.767,2026-02-01T11:47:50
MCH-L-02,long,M,320.0,340.0,1900.0,90.0,10.842,2026-02-01T11:48:00
MCH-L-02,long,M,320.0,340.0,1900.0,90.0,10.904,2026-02-01T11:48:10
MCH-L-02,long,M,320.0,340.0,1900.0,90.0,10.981,2026-02-01T11:48:20
MCH-L-02,long,M,320.0,340.0,1900.0,90.0,11.05,2026-02-01T11:48:30
MCH-L-02,long,M,320.0,340.0,1900.0,90.0,11.085,2026-02-01T11:48:40
MCH-L-02,long,M,320.0,340.0,1900.0,90.0,11.152,2026-02-01T11:48:50
MCH-L-02,long,M,320.0,340.0,1900.0,90.0,11.226,2026-02-01T11:49:00
MCH-L-02,long,M,320.0,340.0,1900.0,90.0,11.321,2026-02-01T11:49:10
MCH-L-02,long,M,320.0,340.0,1900.0,90.0,11.39,2026-02-01T11:49:20
MCH-L-02,long,M,320.0,340.0,1900.0,90.0,11.481,2026-02-01T11:49:30
MCH-L-02,long,M,320.0,340.0,1900.0,90.0,11.558,2026-02-01T11:49:40
MCH-L-02,long,M,320.0,340.0,1900.0,90.0,11.626,2026-02-01T11:49:50
MCH-L-02,long,M,320.0,340.0,1900.0,90.0,11.695,2026-02-01T11:50:00
MCH-L-02,long,M,320.0,340.0,1900.0,90.0,11.752,2026-02-01T11:50:10
MCH-L-02,long,M,320.0,340.0,1900.0,90.0,11.792,2026-02-01T11:50:20
MCH-L-02,long,M,320.0,340.0,1900.0,90.0,11.835,2026-02-01T11:50:30
MCH-L-02,long,M,320.0,340.0,1900.0,90.0,11.89,2026-02-01T11:50:40
MCH-L-02,long,M,320.0,340.0,1900.0,89.241,11.976,2026-02-01T11:50:50
MCH-L-02,long,M,320.0,340.0,1900.0,88.436,12.062,2026-02-01T11:51:00
MCH-L-02,long,M,320.0,340.0,1900.0,87.637,12.145,2026-02-01T11:51:10
MCH-L-02,long,M,320.0,340.0,1900.0,86.316,12.254,2026-02-01T11:51:20
MCH-L-02,long,M,320.0,340.0,1900.0,85.184,12.305,2026-02-01T11:51:30
MCH-L-02,long,M,320.0,340.0,1900.0,84.0,12.4,2026-02-01T11:51:40
MCH-L-02,long,M,320.0,340.0,1900.0,82.892,12.46,2026-02-01T11:51:50
MCH-L-02,long,M,320.0,340.0,1900.0,82.259,12.519,2026-02-01T11:52:00
MCH-L-02,long,M,320.0,340.0,1900.0,81.172,12.569,2026-02-01T11:52:10
MCH-L-02,long,M,320.0,340.0,1900.0,80.351,12.646,2026-02-01T11:52:20
MCH-L-02,long,M,320.0,340.0,1900.0,79.191,12.727,2026-02-01T11:52:30
MCH-L-02,long,M,320.0,340.0,1900.0,78.387,12.792,2026-02-01T11:52:40
MCH-L-02,long,M,320.0,340.0,1900.0,77.68,12.867,2026-02-01T11:52:50
MCH-L-02,long,M,320.0,340.0,1900.0,76.965,12.942,2026-02-01T11:53:00
MCH-L-02,long,M,320.0,340.0,1900.0,75.669,13.029,2026-02-01T11:53:10
MCH-L-02,long,M,320.0,340.0,1900.0,74.689,13.104,2026-02-01T11:53:20
MCH-L-02,long,M,320.0,340.0,1900.0,74.036,13.169,2026-02-01T11:53:30
MCH-L-02,long,M,320.0,340.0,1900.0,73.419,13.227,2026-02-01T11:53:40
MCH-L-02,long,M,320.0,340.0,1900.0,72.157,13.287,2026-02-01T11:53:50
MCH-L-02,long,M,320.0,340.0,1900.0,70.996,13.337,2026-02-01T11:54:00
MCH-L-02,long,M,320.0,340.0,1900.0,70.071,13.409,2026-02-01T11:54:10
MCH-L-02,long,M,320.0,340.0,1900.0,68.772,13.469,2026-02-01T11:54:20
MCH-L-02,long,M,320.0,340.0,1900.0,67.879,13.529,2026-02-01T11:54:30
MCH-L-02,long,M,320.0,340.0,1900.0,66.621,13.599,2026-02-01T11:54:40
MCH-L-02,long,M,320.0,340.0,1900.0,65.931,13.65,2026-02-01T11:54:50
MCH-L-02,long,M,320.0,340.0,1900.0,65.047,13.72,2026-02-01T11:55:00
MCH-L-02,long,M,320.0,340.0,1900.0,64.214,13.775,2026-02-01T11:55:10
MCH-L-02,long,M,320.0,340.0,1900.0,63.27,13.858,2026-02-01T11:55:20
MCH-L-02,long,M,320.0,340.0,1900.0,62.342,13.925,2026-02-01T11:55:30
MCH-L-02,long,M,320.0,340.0,1900.0,61.468,13.995,2026-02-01T11:55:40
MCH-L-02,long,M,320.0,340.0,1900.0,60.264,14.055,2026-02-01T11:55:50
MCH-L-02,long,M,320.0,340.0,1900.0,59.185,14.117,2026-02-01T11:56:00
MCH-L-02,long,M,320.0,340.0,1900.0,58.115,14.239,2026-02-01T11:56:10
MCH-L-02,long,M,320.0,340.0,1900.0,57.84,14.308,2026-02-01T11:56:20
MCH-L-02,long,M,320.0,340.0,1900.0,56.888,14.383,2026-02-01T11:56:30
MCH-L-02,long,M,320.0,340.0,1900.0,56.467,14.442,2026-02-01T11:56:40
MCH-L-02,long,M,320.0,340.0,1900.0,55.836,14.53,2026-02-01T11:56:50
MCH-L-02,long,M,320.0,340.0,1900.0,54.955,14.59,2026-02-01T11:57:00
MCH-L-02,long,M,320.0,340.0,1900.0,54.606,14.664,2026-02-01T11:57:10
MCH-L-02,long,M,320.0,340.0,1900.0,54.023,14.717,2026-02-01T11:57:20
MCH-L-02,long,M,320.0,340.0,1900.0,53.072,14.803,2026-02-01T11:57:30
MCH-L-02,long,M,320.0,340.0,1900.0,52.897,14.866,2026-02-01T11:57:40
MCH-L-02,long,M,320.0,340.0,1900.0,53.025,14.947,2026-02-01T11:57:50
MCH-L-02,long,M,320.0,340.0,1900.0,52.702,15.021,2026-02-01T11:58:00
MCH-L-02,long,M,320.0,340.0,1900.0,52.384,15.106,2026-02-01T11:58:10
MCH-L-02,long,M,320.0,340.0,1900.0,51.545,15.185,2026-02-01T11:58:20
MCH-L-02,long,M,320.0,340.0,1900.0,50.808,15.24,2026-02-01T11:58:30
MCH-L-02,long,M,320.0,340.0,1900.0,49.924,15.325,2026-02-01T11:58:40
MCH-L-02,long,M,320.0,340.0,1900.0,48.838,15.396,2026-02-01T11:58:50
MCH-L-02,long,M,320.0,340.0,1900.0,47.55,15.481,2026-02-01T11:59:00
MCH-L-02,long,M,320.0,340.0,1900.0,47.069,15.546,2026-02-01T11:59:10
MCH-L-02,long,M,320.0,340.0,1900.0,46.427,15.579,2026-02-01T11:59:20
MCH-L-02,long,M,320.0,340.0,1900.0,45.77,15.637,2026-02-01T11:59:30
MCH-L-02,long,M,320.0,340.0,1900.0,45.155,15.712,2026-02-01T11:59:40
MCH-L-02,long,M,320.0,340.0,1900.0,44.544,15.809,2026-02-01T11:59:50
MCH-L-02,long,M,320.0,340.0,1900.0,44.477,15.872,2026-02-01T12:00:00
MCH-L-02,long,M,320.0,340.0,1900.0,44.565,15.939,2026-02-01T12:00:10
MCH-L-02,long,M,320.0,340.0,1900.0,43.748,16.005,2026-02-01T12:00:20
MCH-L-02,long,M,320.0,340.0,1900.0,43.381,16.063,2026-02-01T12:00:30
MCH-L-02,long,M,320.0,340.0,1900.0,43.106,16.117,2026-02-01T12:00:40
MCH-L-02,long,M,320.0,340.0,1900.0,45.014,16.161,2026-02-01T12:00:50
MCH-L-02,long,M,320.0,340.0,1900.0,44.156,16.233,2026-02-01T12:01:00
MCH-L-02,long,M,320.0,340.0,1900.0,43.964,16.296,2026-02-01T12:01:10
MCH-L-02,long,M,320.0,340.0,1900.0,43.737,16.353,2026-02-01T12:01:20
MCH-L-02,long,M,320.0,340.0,1900.0,43.173,16.44,2026-02-01T12:01:30
MCH-L-02,long,M,320.0,340.0,1900.0,42.992,16.495,2026-02-01T12:01:40
MCH-L-02,long,M,320.0,340.0,1900.0,42.819,16.559,2026-02-01T12:01:50
MCH-L-02,long,M,320.0,340.0,1900.0,42.417,16.644,2026-02-01T12:02:00
MCH-L-02,long,M,320.0,340.0,1900.0,41.932,16.701,2026-02-01T12:02:10
MCH-L-02,long,M,320.0,340.0,1900.0,41.273,16.75,2026-02-01T12:02:20
MCH-L-02,long,M,320.0,340.0,1900.0,41.204,16.815,2026-02-01T12:02:30
MCH-L-02,long,M,320.0,340.0,1900.0,40.864,16.902,2026-02-01T12:02:40
MCH-L-02,long,M,320.0,340.0,1900.0,40.501,16.989,2026-02-01T12:02:50
MCH-L-02,long,M,320.0,340.0,1900.0,40.724,17.074,2026-02-01T12:03:00
MCH-L-02,long,M,320.0,340.0,1900.0,40.384,17.138,2026-02-01T12:03:10
MCH-L-02,long,M,320.0,340.0,1900.0,40.472,17.24,2026-02-01T12:03:20
MCH-L-02,long,M,320.0,339.834,1900.0,39.844,17.327,2026-02-01T12:03:30
MCH-L-02,long,M,319.758,339.174,1900.0,39.568,17.39,2026-02-01T12:03:40
MCH-L-02,long,M,319.337,338.878,1900.0,39.385,17.492,2026-02-01T12:03:50
MCH-L-02,long,M,318.783,338.232,1900.0,39.983,17.545,2026-02-01T12:04:00
MCH-L-02,long,M,318.211,337.879,1900.0,39.941,17.582,2026-02-01T12:04:10
MCH-L-02,long,M,317.806,337.441,1900.0,40.36,17.64,2026-02-01T12:04:20
MCH-L-02,long,M,317.475,336.98,1900.0,40.356,17.705,2026-02-01T12:04:30
MCH-L-02,long,M,316.777,336.606,1900.0,40.248,17.777,2026-02-01T12:04:40
MCH-L-02,long,M,316.338,336.011,1900.0,40.114,17.871,2026-02-01T12:04:50
MCH-L-02,long,M,315.856,335.329,1900.0,40.261,17.926,2026-02-01T12:05:00
MCH-L-02,long,M,315.385,334.898,1900.0,40.051,18.015,2026-02-01T12:05:10
MCH-L-02,long,M,314.855,334.802,1900.0,40.854,18.056,2026-02-01T12:05:20
MCH-L-02,long,M,314.683,334.324,1900.0,40.403,18.127,2026-02-01T12:05:30
MCH-L-02,long,M,314.18,333.998,1900.0,40.647,18.186,2026-02-01T12:05:40
MCH-L-02,long,M,313.685,333.709,1900.0,40.291,18.258,2026-02-01T12:05:50
MCH-L-02,long,M,313.301,333.514,1900.0,40.336,18.321,2026-02-01T12:06:00
MCH-L-02,long,M,312.833,333.288,1900.0,40.827,18.397,2026-02-01T12:06:10
MCH-L-02,long,M,312.377,333.012,1900.0,41.077,18.455,2026-02-01T12:06:20
MCH-L-02,long,M,311.948,332.567,1900.0,40.94,18.497,2026-02-01T12:06:30
MCH-L-02,long,M,311.544,332.495,1900.0,40.498,18.582,2026-02-01T12:06:40
MCH-L-02,long,M,310.989,332.195,1900.0,40.759,18.681,2026-02-01T12:06:50
MCH-L-02,long,M,310.751,331.965,1900.0,41.161,18.743,2026-02-01T12:07:00
MCH-L-02,long,M,310.382,331.894,1900.0,41.776,18.814,2026-02-01T12:07:10
MCH-L-02,long,M,310.132,331.706,1900.0,42.03,18.863,2026-02-01T12:07:20
MCH-L-02,long,M,309.846,331.542,1900.0,42.5,18.922,2026-02-01T12:07:30
MCH-L-02,long,M,309.296,331.595,1900.0,42.728,19.009,2026-02-01T12:07:40
MCH-L-02,long,M,308.715,331.272,1900.0,42.581,19.083,2026-02-01T12:07:50
MCH-L-02,long,M,308.171,331.189,1900.0,42.964,19.167,2026-02-01T12:08:00
MCH-L-02,long,M,307.778,331.072,1900.0,43.423,19.222,2026-02-01T12:08:10
MCH-L-02,long,M,307.283,331.01,1882.848,43.633,19.287,2026-02-01T12:08:20
MCH-L-02,long,M,307.116,330.891,1856.28,44.18,19.336,2026-02-01T12:08:30
MCH-L-02,long,M,306.967,330.85,1864.528,44.234,19.381,2026-02-01T12:08:40
MCH-L-02,long,M,306.704,330.824,1847.795,44.902,19.436,2026-02-01T12:08:50
MCH-L-02,long,M,306.448,330.78,1838.26,45.37,19.491,2026-02-01T12:09:00
MCH-L-02,long,M,306.175,330.629,1816.851,45.72,19.554,2026-02-01T12:09:10
MCH-L-02,long,M,305.802,330.589,1802.874,45.9,19.59,2026-02-01T12:09:20
MCH-L-02,long,M,305.665,330.665,1784.089,46.106,19.642,2026-02-01T12:09:30
MCH-L-02,long,M,305.442,330.649,1768.324,46.577,19.72,2026-02-01T12:09:40
MCH-L-02,long,M,305.253,330.477,1757.108,46.98,19.772,2026-02-01T12:09:50
MCH-L-02,long,M,304.917,330.373,1754.081,47.485,19.825,2026-02-01T12:10:00
MCH-L-02,long,M,304.817,330.42,1738.459,48.005,19.867,2026-02-01T12:10:10
MCH-L-02,long,M,304.633,330.568,1729.166,48.157,19.924,2026-02-01T12:10:20
MCH-L-02,long,M,304.489,330.74,1715.749,48.65,19.994,2026-02-01T12:10:30
MCH-L-02,long,M,304.234,330.937,1700.128,49.377,20.076,2026-02-01T12:10:40
MCH-L-02,long,M,303.966,331.141,1692.44,49.793,20.144,2026-02-01T12:10:50
MCH-L-02,long,M,303.957,331.229,1691.55,50.181,20.216,2026-02-01T12:11:00
MCH-L-02,long,M,303.823,331.357,1689.264,50.826,20.303,2026-02-01T12:11:10
MCH-L-02,long,M,303.648,331.686,1680.989,51.303,20.393,2026-02-01T12:11:20
MCH-L-02,long,M,303.452,331.944,1645.39,51.792,20.452,2026-02-01T12:11:30
FUT-M-01,medium,M,299.67,309.784,1481.163,47.979,18.009,2026-02-01T09:26:00
FUT-M-01,medium,M,299.93,309.951,1497.542,47.674,18.082,2026-02-01T09:26:10
FUT-M-01,medium,M,300.171,310.351,1500.61,47.641,18.202,2026-02-01T09:26:20
FUT-M-01,medium,M,300.486,310.645,1517.48,48.103,18.284,2026-02-01T09:26:30
FUT-M-01,medium,M,300.684,310.82,1519.214,48.035,18.383,2026-02-01T09:26:40
FUT-M-01,medium,M,300.839,310.965,1518.394,48.156,18.496,2026-02-01T09:26:50
FUT-M-01,medium,M,301.114,311.299,1519.253,48.818,18.635,2026-02-01T09:27:00
FUT-M-01,medium,M,301.305,311.649,1522.319,48.612,18.704,2026-02-01T09:27:10
FUT-M-01,medium,M,301.541,312.078,1518.458,48.576,18.832,2026-02-01T09:27:20
FUT-M-01,medium,M,301.726,312.46,1528.56,48.848,18.944,2026-02-01T09:27:30
FUT-M-01,medium,M,301.844,312.967,1527.424,49.104,19.019,2026-02-01T09:27:40
FUT-M-01,medium,M,302.292,313.412,1541.157,49.541,19.14,2026-02-01T09:27:50
FUT-M-01,medium,M,302.721,313.85,1551.995,50.009,19.209,2026-02-01T09:28:00
FUT-M-01,medium,M,302.912,314.344,1551.806,49.99,19.297,2026-02-01T09:28:10
FUT-M-01,medium,M,303.159,314.812,1566.627,50.788,19.379,2026-02-01T09:28:20
FUT-M-01,medium,M,303.389,315.156,1581.906,51.282,19.468,2026-02-01T09:28:30
FUT-M-01,medium,M,303.506,315.513,1594.302,51.216,19.572,2026-02-01T09:28:40
FUT-M-01,medium,M,303.776,316.086,1604.269,51.003,19.694,2026-02-01T09:28:50
FUT-M-01,medium,M,304.04,316.49,1627.408,51.156,19.745,2026-02-01T09:29:00
FUT-M-01,medium,M,304.488,316.948,1648.684,51.117,19.892,2026-02-01T09:29:10
FUT-M-01,medium,M,304.884,317.207,1654.116,51.865,19.982,2026-02-01T09:29:20
FUT-M-01,medium,M,305.272,317.463,1680.086,52.38,20.065,2026-02-01T09:29:30
FUT-M-01,medium,M,305.596,317.861,1690.587,52.603,20.172,2026-02-01T09:29:40
FUT-M-01,medium,M,305.914,318.509,1689.693,52.966,20.265,2026-02-01T09:29:50
FUT-M-01,medium,M,306.387,319.068,1683.654,53.287,20.39,2026-02-01T09:30:00
FUT-M-01,medium,M,306.798,319.758,1695.876,54.105,20.557,2026-02-01T09:30:10
FUT-M-01,medium,M,307.298,320.151,1689.314,54.546,20.711,2026-02-01T09:30:20
FUT-M-01,medium,M,307.746,320.678,1693.226,55.403,20.883,2026-02-01T09:30:30
FUT-M-01,medium,M,308.223,321.309,1707.898,56.181,20.991,2026-02-01T09:30:40
FUT-M-01,medium,M,308.737,321.773,1704.563,56.365,21.086,2026-02-01T09:30:50
FUT-M-01,medium,M,309.026,322.125,1712.022,56.669,21.243,2026-02-01T09:31:00
FUT-M-01,medium,M,309.405,322.758,1723.18,56.597,21.367,2026-02-01T09:31:10
FUT-M-01,medium,M,309.777,323.413,1732.402,58.156,21.41,2026-02-01T09:31:20
FUT-M-01,medium,M,310.267,324.046,1746.107,58.99,21.517,2026-02-01T09:31:30
FUT-M-01,medium,M,310.71,324.607,1768.599,59.685,21.638,2026-02-01T09:31:40
FUT-M-01,medium,M,311.17,325.101,1781.525,60.295,21.765,2026-02-01T09:31:50
FUT-M-01,medium,M,311.497,325.469,1788.324,61.205,21.86,2026-02-01T09:32:00
FUT-M-01,medium,M,311.999,326.025,1808.411,61.809,21.971,2026-02-01T09:32:10
FUT-M-01,medium,M,312.385,326.662,1813.472,62.699,22.03,2026-02-01T09:32:20
FUT-M-01,medium,M,312.772,327.156,1832.972,63.344,22.125,2026-02-01T09:32:30
FUT-M-01,medium,M,313.299,327.781,1852.836,64.135,22.251,2026-02-01T09:32:40
FUT-M-01,medium,M,313.662,328.063,1869.148,64.237,22.376,2026-02-01T09:32:50
FUT-M-01,medium,M,314.234,328.347,1886.183,64.677,22.505,2026-02-01T09:33:00
FUT-M-01,medium,M,314.968,328.952,1900.0,65.566,22.601,2026-02-01T09:33:10
FUT-M-01,medium,M,315.438,329.411,1900.0,66.228,22.781,2026-02-01T09:33:20
FUT-M-01,medium,M,316.112,330.01,1900.0,66.76,22.885,2026-02-01T09:33:30
FUT-M-01,medium,M,316.621,330.523,1900.0,67.409,22.999,2026-02-01T09:33:40
FUT-M-01,medium,M,317.068,331.117,1900.0,68.434,23.115,2026-02-01T09:33:50
FUT-M-01,medium,M,317.755,331.455,1900.0,68.944,23.211,2026-02-01T09:34:00
FUT-M-01,medium,M,318.257,331.91,1900.0,69.474,23.295,2026-02-01T09:34:10
FUT-M-01,medium,M,318.605,332.462,1900.0,70.258,23.358,2026-02-01T09:34:20
FUT-M-01,medium,M,319.177,332.944,1900.0,71.292,23.425,2026-02-01T09:34:30
FUT-M-01,medium,M,319.714,334.164,1900.0,73.142,23.545,2026-02-01T09:34:40
FUT-M-01,medium,M,320.0,335.045,1900.0,74.503,23.658,2026-02-01T09:34:50
FUT-M-01,medium,M,320.0,335.477,1900.0,75.364,23.766,2026-02-01T09:35:00
FUT-M-01,medium,M,320.0,335.737,1900.0,76.691,23.861,2026-02-01T09:35:10
FUT-M-01,medium,M,320.0,336.149,1900.0,77.393,23.913,2026-02-01T09:35:20
FUT-M-01,medium,M,320.0,336.516,1900.0,78.053,24.033,2026-02-01T09:35:30
FUT-M-01,medium,M,320.0,336.798,1900.0,79.138,24.141,2026-02-01T09:35:40
FUT-M-01,medium,M,320.0,337.13,1900.0,79.443,24.23,2026-02-01T09:35:50
FUT-M-01,medium,M,320.0,337.464,1900.0,80.527,24.349,2026-02-01T09:36:00
FUT-M-01,medium,M,320.0,337.535,1900.0,81.7,24.454,2026-02-01T09:36:10
FUT-M-01,medium,M,320.0,337.938,1900.0,82.496,24.57,2026-02-01T09:36:20
FUT-M-01,medium,M,320.0,338.219,1900.0,83.927,24.708,2026-02-01T09:36:30
FUT-M-01,medium,M,320.0,338.757,1900.0,85.258,24.829,2026-02-01T09:36:40
FUT-M-01,medium,M,320.0,339.212,1900.0,86.377,24.97,2026-02-01T09:36:50
FUT-M-01,medium,M,320.0,339.397,1900.0,87.291,25.093,2026-02-01T09:37:00
FUT-M-01,medium,M,320.0,339.831,1900.0,87.919,25.222,2026-02-01T09:37:10
FUT-M-01,medium,M,320.0,340.0,1900.0,89.335,25.356,2026-02-01T09:37:20
FUT-M-01,medium,M,320.0,340.0,1900.0,90.0,25.436,2026-02-01T09:37:30
FUT-M-01,medium,M,320.0,340.0,1900.0,90.0,25.507,2026-02-01T09:37:40
FUT-M-01,medium,M,320.0,340.0,1900.0,90.0,25.593,2026-02-01T09:37:50
FUT-M-01,medium,M,320.0,340.0,1900.0,90.0,25.721,2026-02-01T09:38:00
FUT-M-01,medium,M,320.0,340.0,1900.0,90.0,25.84,2026-02-01T09:38:10
FUT-M-01,medium,M,320.0,340.0,1900.0,90.0,25.946,2026-02-01T09:38:20
FUT-M-01,medium,M,320.0,340.0,1900.0,90.0,26.079,2026-02-01T09:38:30
FUT-M-01,medium,M,320.0,340.0,1900.0,90.0,26.209,2026-02-01T09:38:40
FUT-M-01,medium,M,320.0,340.0,1900.0,90.0,26.338,2026-02-01T09:38:50
FUT-M-01,medium,M,320.0,340.0,1900.0,90.0,26.447,2026-02-01T09:39:00
FUT-M-01,medium,M,320.0,340.0,1900.0,90.0,26.557,2026-02-01T09:39:10
FUT-M-01,medium,M,320.0,340.0,1900.0,90.0,26.638,2026-02-01T09:39:20
FUT-M-01,medium,M,320.0,340.0,1900.0,90.0,26.731,2026-02-01T09:39:30
FUT-M-01,medium,M,320.0,340.0,1900.0,90.0,26.837,2026-02-01T09:39:40
FUT-M-01,medium,M,320.0,340.0,1900.0,90.0,26.957,2026-02-01T09:39:50
FUT-M-01,medium,M,320.0,340.0,1900.0,90.0,27.043,2026-02-01T09:40:00
FUT-M-01,medium,M,320.0,340.0,1900.0,90.0,27.158,2026-02-01T09:40:10
FUT-M-01,medium,M,320.0,340.0,1900.0,90.0,27.25,2026-02-01T09:40:20
FUT-M-01,medium,M,320.0,340.0,1900.0,90.0,27.388,2026-02-01T09:40:30
FUT-M-01,medium,M,320.0,340.0,1900.0,90.0,27.477,2026-02-01T09:40:40
FUT-M-01,medium,M,320.0,340.0,1900.0,90.0,27.585,2026-02-01T09:40:50
FUT-M-01,medium,M,320.0,340.0,1900.0,90.0,27.695,2026-02-01T09:41:00
FUT-M-01,medium,M,320.0,340.0,1900.0,90.0,27.808,2026-02-01T09:41:10
FUT-M-01,medium,M,320.0,340.0,1900.0,90.0,27.859,2026-02-01T09:41:20
FUT-M-01,medium,M,320.0,340.0,1900.0,90.0,27.977,2026-02-01T09:41:30
FUT-M-01,medium,M,320.0,340.0,1900.0,90.0,28.111,2026-02-01T09:41:40
FUT-M-01,medium,M,320.0,340.0,1900.0,90.0,28.19,2026-02-01T09:41:50
FUT-M-01,medium,M,320.0,340.0,1900.0,90.0,28.268,2026-02-01T09:42:00
FUT-M-01,medium,M,320.0,340.0,1900.0,90.0,28.335,2026-02-01T09:42:10
FUT-M-01,medium,M,320.0,340.0,1900.0,90.0,28.435,2026-02-01T09:42:20
FUT-M-01,medium,M,320.0,340.0,1900.0,90.0,28.559,2026-02-01T09:42:30
FUT-M-01,medium,M,320.0,340.0,1900.0,90.0,28.634,2026-02-01T09:42:40
FUT-M-01,medium,M,320.0,340.0,1900.0,90.0,28.76,2026-02-01T09:42:50
FUT-M-01,medium,M,320.0,340.0,1900.0,90.0,28.819,2026-02-01T09:43:00
FUT-M-01,medium,M,320.0,340.0,1900.0,90.0,28.9,2026-02-01T09:43:10
FUT-M-01,medium,M,320.0,340.0,1900.0,90.0,29.006,2026-02-01T09:43:20
FUT-M-01,medium,M,320.0,340.0,1900.0,90.0,29.119,2026-02-01T09:43:30
FUT-M-01,medium,M,320.0,340.0,1900.0,90.0,29.205,2026-02-01T09:43:40
FUT-M-01,medium,M,320.0,340.0,1900.0,90.0,29.331,2026-02-01T09:43:50
FUT-M-01,medium,M,320.0,340.0,1900.0,90.0,29.443,2026-02-01T09:44:00
FUT-M-01,medium,M,320.0,340.0,1900.0,90.0,29.63,2026-02-01T09:44:10
FUT-M-01,medium,M,320.0,340.0,1900.0,90.0,29.766,2026-02-01T09:44:20
FUT-M-01,medium,M,320.0,340.0,1900.0,90.0,29.886,2026-02-01T09:44:30
FUT-M-01,medium,M,320.0,340.0,1900.0,90.0,29.974,2026-02-01T09:44:40
FUT-M-01,medium,M,320.0,340.0,1900.0,90.0,30.068,2026-02-01T09:44:50
FUT-M-01,medium,M,320.0,340.0,1900.0,90.0,30.189,2026-02-01T09:45:00
FUT-M-01,medium,M,320.0,339.76,1900.0,90.0,30.306,2026-02-01T09:45:10
FUT-M-01,medium,M,320.0,339.462,1900.0,90.0,30.434,2026-02-01T09:45:20
FUT-M-01,medium,M,320.0,339.087,1900.0,90.0,30.591,2026-02-01T09:45:30
FUT-M-01,medium,M,320.0,338.642,1900.0,90.0,30.71,2026-02-01T09:45:40
FUT-M-01,medium,M,320.0,338.2,1900.0,90.0,30.822,2026-02-01T09:45:50
FUT-M-01,medium,M,320.0,337.86,1900.0,90.0,30.957,2026-02-01T09:46:00
FUT-M-01,medium,M,320.0,337.625,1900.0,90.0,31.08,2026-02-01T09:46:10
FUT-M-01,medium,M,320.0,337.289,1900.0,90.0,31.174,2026-02-01T09:46:20
FUT-M-01,medium,M,320.0,336.765,1900.0,90.0,31.324,2026-02-01T09:46:30
FUT-M-01,medium,M,320.0,336.349,1900.0,90.0,31.41,2026-02-01T09:46:40
FUT-M-01,medium,M,320.0,335.924,1900.0,90.0,31.506,2026-02-01T09:46:50
FUT-M-01,medium,M,320.0,335.315,1900.0,90.0,31.604,2026-02-01T09:47:00
FUT-M-01,medium,M,320.0,334.854,1900.0,90.0,31.683,2026-02-01T09:47:10
FUT-M-01,medium,M,320.0,334.296,1900.0,90.0,31.805,2026-02-01T09:47:20
FUT-M-01,medium,M,320.0,333.741,1900.0,90.0,31.896,2026-02-01T09:47:30
FUT-M-01,medium,M,320.0,333.196,1900.0,90.0,31.983,2026-02-01T09:47:40
FUT-M-01,medium,M,320.0,332.707,1900.0,90.0,32.073,2026-02-01T09:47:50
FUT-M-01,medium,M,320.0,332.215,1900.0,90.0,32.169,2026-02-01T09:48:00
FUT-M-01,medium,M,320.0,331.659,1900.0,90.0,32.275,2026-02-01T09:48:10
FUT-M-01,medium,M,320.0,331.254,1900.0,90.0,32.372,2026-02-01T09:48:20
FUT-M-01,medium,M,320.0,330.537,1900.0,90.0,32.496,2026-02-01T09:48:30
FUT-M-01,medium,M,320.0,330.108,1900.0,90.0,32.611,2026-02-01T09:48:40
FUT-M-01,medium,M,320.0,331.902,1900.0,90.0,32.713,2026-02-01T09:48:50
FUT-M-01,medium,M,320.0,331.497,1900.0,90.0,32.824,2026-02-01T09:49:00
FUT-M-01,medium,M,320.0,331.036,1900.0,90.0,32.925,2026-02-01T09:49:10
FUT-M-01,medium,M,320.0,330.733,1900.0,90.0,33.035,2026-02-01T09:49:20
FUT-M-01,medium,M,320.0,330.115,1900.0,90.0,33.113,2026-02-01T09:49:30
FUT-M-01,medium,M,320.0,329.717,1900.0,90.0,33.215,2026-02-01T09:49:40
FUT-M-01,medium,M,320.0,329.402,1900.0,90.0,33.334,2026-02-01T09:49:50
FUT-M-01,medium,M,320.0,329.006,1900.0,90.0,33.44,2026-02-01T09:50:00
FUT-M-01,medium,M,320.0,328.472,1900.0,90.0,33.497,2026-02-01T09:50:10
FUT-M-01,medium,M,320.0,327.787,1900.0,90.0,33.596,2026-02-01T09:50:20
FUT-M-01,medium,M,320.0,327.223,1900.0,90.0,33.671,2026-02-01T09:50:30
FUT-M-01,medium,M,320.0,326.823,1900.0,90.0,33.775,2026-02-01T09:50:40
FUT-M-01,medium,M,319.961,329.004,1900.0,90.0,33.912,2026-02-01T09:50:50
FUT-M-01,medium,M,319.55,328.762,1900.0,90.0,34.015,2026-02-01T09:51:00
FUT-M-01,medium,M,318.998,328.468,1900.0,90.0,34.139,2026-02-01T09:51:10
FUT-M-01,medium,M,318.472,327.928,1900.0,90.0,34.23,2026-02-01T09:51:20
FUT-M-01,medium,M,317.98,327.256,1900.0,90.0,34.36,2026-02-01T09:51:30
FUT-M-01,medium,M,317.552,327.152,1900.0,90.0,34.46,2026-02-01T09:51:40
FUT-M-01,medium,M,316.981,326.819,1900.0,90.0,34.564,2026-02-01T09:51:50
FUT-M-01,medium,M,316.565,326.571,1900.0,90.0,34.622,2026-02-01T09:52:00
FUT-M-01,medium,M,316.261,326.216,1900.0,90.0,34.711,2026-02-01T09:52:10
FUT-M-01,medium,M,315.934,325.717,1900.0,90.0,34.833,2026-02-01T09:52:20
FUT-M-01,medium,M,315.542,325.117,1900.0,90.0,34.952,2026-02-01T09:52:30
FUT-M-01,medium,M,315.179,324.745,1900.0,90.0,35.046,2026-02-01T09:52:40
FUT-M-01,medium,M,314.824,324.377,1900.0,90.0,35.141,2026-02-01T09:52:50
FUT-M-01,medium,M,314.45,323.996,1900.0,90.0,35.262,2026-02-01T09:53:00
FUT-M-01,medium,M,314.204,323.834,1900.0,90.0,35.396,2026-02-01T09:53:10
FUT-M-01,medium,M,313.659,323.605,1900.0,90.0,35.519,2026-02-01T09:53:20
FUT-M-01,medium,M,313.108,323.226,1900.0,90.0,35.606,2026-02-01T09:53:30
FUT-M-01,medium,M,312.821,322.944,1900.0,90.0,35.752,2026-02-01T09:53:40
FUT-M-01,medium,M,312.45,322.722,1900.0,90.0,35.895,2026-02-01T09:53:50
FUT-M-01,medium,M,312.253,323.844,1900.0,90.0,36.021,2026-02-01T09:54:00
FUT-M-01,medium,M,311.65,323.573,1900.0,90.0,36.141,2026-02-01T09:54:10
FUT-M-01,medium,M,311.364,323.297,1900.0,90.0,36.233,2026-02-01T09:54:20
FUT-M-01,medium,M,311.102,323.102,1900.0,90.0,36.338,2026-02-01T09:54:30
FUT-M-01,medium,M,310.722,322.96,1900.0,90.0,36.453,2026-02-01T09:54:40
FUT-M-01,medium,M,310.255,322.862,1900.0,90.0,36.592,2026-02-01T09:54:50
FUT-M-01,medium,M,309.998,322.59,1900.0,90.0,36.694,2026-02-01T09:55:00
FUT-M-01,medium,M,309.632,322.367,1900.0,90.0,36.802,2026-02-01T09:55:10
FUT-M-01,medium,M,309.143,322.033,1900.0,90.0,36.89,2026-02-01T09:55:20
FUT-M-01,medium,M,308.809,322.104,1900.0,90.0,37.038,2026-02-01T09:55:30
FUT-M-01,medium,M,308.357,322.122,1900.0,90.0,37.185,2026-02-01T09:55:40
FUT-M-01,medium,M,308.114,322.088,1900.0,90.0,37.316,2026-02-01T09:55:50
FUT-M-01,medium,M,307.658,322.011,1900.0,90.0,37.418,2026-02-01T09:56:00
FUT-M-01,medium,M,307.355,322.136,1900.0,90.0,37.525,2026-02-01T09:56:10
FUT-M-01,medium,M,306.976,321.988,1900.0,90.0,37.584,2026-02-01T09:56:20
FUT-M-01,medium,M,306.637,322.043,1900.0,90.0,37.7,2026-02-01T09:56:30
FUT-M-01,medium,M,306.378,322.053,1900.0,90.0,37.792,2026-02-01T09:56:40
FUT-M-01,medium,M,306.171,322.064,1900.0,90.0,37.89,2026-02-01T09:56:50
FUT-M-01,medium,M,305.989,322.032,1900.0,90.0,37.991,2026-02-01T09:57:00
FUT-M-01,medium,M,305.541,322.111,1900.0,90.0,38.142,2026-02-01T09:57:10
FUT-M-01,medium,M,305.353,322.233,1900.0,90.0,38.243,2026-02-01T09:57:20
FUT-M-01,medium,M,305.097,322.157,1900.0,90.0,38.325,2026-02-01T09:57:30
FUT-M-01,medium,M,304.884,322.011,1900.0,90.0,38.416,2026-02-01T09:57:40
FUT-M-01,medium,M,304.773,322.039,1900.0,90.0,38.502,2026-02-01T09:57:50
FUT-M-01,medium,M,304.484,322.156,1900.0,90.0,38.62,2026-02-01T09:58:00
FUT-M-01,medium,M,304.418,322.126,1900.0,90.0,38.776,2026-02-01T09:58:10
FUT-M-01,medium,M,304.451,322.347,1900.0,90.0,38.897,2026-02-01T09:58:20
FUT-M-01,medium,M,304.202,322.3,1900.0,90.0,39.001,2026-02-01T09:58:30
FUT-M-01,medium,M,304.029,322.432,1900.0,90.0,39.083,2026-02-01T09:58:40
FUT-M-01,medium,M,303.682,322.52,1900.0,90.0,39.158,2026-02-01T09:58:50
FUT-M-01,medium,M,303.549,322.482,1900.0,90.0,39.287,2026-02-01T09:59:00
FUT-M-01,medium,M,303.462,322.608,1900.0,90.0,39.358,2026-02-01T09:59:10
FUT-M-01,medium,M,303.164,322.671,1900.0,90.0,39.463,2026-02-01T09:59:20
FUT-M-01,medium,M,303.012,323.018,1900.0,90.0,39.552,2026-02-01T09:59:30
FUT-M-01,medium,M,302.95,323.255,1900.0,90.0,39.638,2026-02-01T09:59:40
FUT-M-01,medium,M,302.773,323.374,1900.0,90.0,39.697,2026-02-01T09:59:50
FUT-M-01,medium,M,302.499,323.813,1900.0,90.0,39.794,2026-02-01T10:00:00
FUT-M-01,medium,M,302.332,323.89,1900.0,90.0,39.93,2026-02-01T10:00:10
FUT-M-01,medium,M,302.224,324.218,1900.0,90.0,40.068,2026-02-01T10:00:20
FUT-M-01,medium,M,302.084,324.551,1900.0,90.0,40.183,2026-02-01T10:00:30
FUT-M-01,medium,M,301.897,325.049,1900.0,90.0,40.314,2026-02-01T10:00:40
FUT-M-01,medium,M,301.779,325.476,1900.0,90.0,40.415,2026-02-01T10:00:50
FUT-M-01,medium,M,301.947,325.82,1900.0,90.0,40.517,2026-02-01T10:01:00
FUT-M-01,medium,M,301.927,326.247,1900.0,90.0,40.577,2026-02-01T10:01:10
FUT-M-01,medium,M,301.806,326.735,1900.0,90.0,40.694,2026-02-01T10:01:20
FUT-M-01,medium,M,301.721,327.041,1900.0,90.0,40.806,2026-02-01T10:01:30
FUT-M-01,medium,M,301.653,327.398,1900.0,90.0,40.921,2026-02-01T10:01:40
FUT-M-01,medium,M,301.733,327.779,1900.0,90.0,41.012,2026-02-01T10:01:50
FUT-M-01,medium,M,301.796,328.214,1900.0,90.0,41.138,2026-02-01T10:02:00
FUT-M-01,medium,M,302.06,328.698,1900.0,90.0,41.267,2026-02-01T10:02:10
FUT-M-01,medium,M,302.156,329.04,1900.0,90.0,41.415,2026-02-01T10:02:20
FUT-M-01,medium,M,302.068,329.584,1900.0,90.0,41.555,2026-02-01T10:02:30
FUT-M-01,medium,M,302.16,330.103,1900.0,90.0,41.662,2026-02-01T10:02:40
FUT-M-01,medium,M,302.155,330.518,1900.0,90.0,41.773,2026-02-01T10:02:50
FUT-M-01,medium,M,302.195,330.978,1900.0,90.0,41.887,2026-02-01T10:03:00
FUT-M-01,medium,M,302.344,331.454,1900.0,90.0,41.968,2026-02-01T10:03:10
FUT-M-01,medium,M,302.354,331.829,1900.0,90.0,42.071,2026-02-01T10:03:20
FUT-M-01,medium,M,302.478,332.403,1900.0,90.0,42.223,2026-02-01T10:03:30
FUT-M-01,medium,M,302.63,333.061,1900.0,90.0,42.304,2026-02-01T10:03:40
FUT-M-01,medium,M,302.91,333.44,1900.0,90.0,42.437,2026-02-01T10:03:50
FUT-M-01,medium,M,303.069,333.983,1900.0,90.0,42.509,2026-02-01T10:04:00
FUT-M-01,medium,M,303.165,334.415,1900.0,90.0,42.612,2026-02-01T10:04:10
FUT-M-01,medium,M,303.126,334.968,1900.0,90.0,42.697,2026-02-01T10:04:20
FUT-M-01,medium,M,303.417,335.543,1900.0,90.0,42.775,2026-02-01T10:04:30
FUT-M-01,medium,M,303.618,336.138,1900.0,90.0,42.851,2026-02-01T10:04:40
FUT-M-01,medium,M,303.854,336.636,1900.0,90.0,42.928,2026-02-01T10:04:50
FUT-M-01,medium,M,304.124,337.144,1900.0,90.0,43.013,2026-02-01T10:05:00
FUT-M-01,medium,M,304.263,337.733,1900.0,90.0,43.12,2026-02-01T10:05:10
FUT-M-01,medium,M,304.547,338.258,1900.0,90.0,43.229,2026-02-01T10:05:20
FUT-M-01,medium,M,304.66,338.797,1900.0,90.0,43.279,2026-02-01T10:05:30
FUT-M-01,medium,M,304.936,339.586,1900.0,90.0,43.365,2026-02-01T10:05:40
FUT-M-01,medium,M,305.155,340.0,1900.0,90.0,43.462,2026-02-01T10:05:50
FUT-M-01,medium,M,305.285,340.0,1900.0,90.0,43.581,2026-02-01T10:06:00
FUT-M-01,medium,M,305.656,340.0,1900.0,90.0,43.69,2026-02-01T10:06:10
FUT-M-01,medium,M,305.946,340.0,1900.0,90.0,43.837,2026-02-01T10:06:20
FUT-M-01,medium,M,305.982,340.0,1900.0,90.0,43.994,2026-02-01T10:06:30
FUT-M-01,medium,M,306.162,340.0,1900.0,90.0,44.141,2026-02-01T10:06:40
FUT-M-01,medium,M,306.371,340.0,1900.0,90.0,44.244,2026-02-01T10:06:50
FUT-M-01,medium,M,306.649,340.0,1900.0,90.0,44.351,2026-02-01T10:07:00
FUT-M-01,medium,M,306.993,340.0,1900.0,90.0,44.432,2026-02-01T10:07:10
FUT-M-01,medium,M,307.114,340.0,1900.0,90.0,44.581,2026-02-01T10:07:20
FUT-M-01,medium,M,307.308,340.0,1900.0,90.0,44.671,2026-02-01T10:07:30
FUT-M-01,medium,M,307.463,340.0,1900.0,90.0,44.796,2026-02-01T10:07:40
FUT-M-01,medium,M,307.599,340.0,1900.0,90.0,44.945,2026-02-01T10:07:50
FUT-M-01,medium,M,307.989,340.0,1900.0,90.0,45.017,2026-02-01T10:08:00
FUT-M-01,medium,M,308.293,340.0,1900.0,90.0,45.138,2026-02-01T10:08:10
FUT-M-01,medium,M,308.382,340.0,1900.0,90.0,45.213,2026-02-01T10:08:20
FUT-M-01,medium,M,308.578,340.0,1900.0,90.0,45.3,2026-02-01T10:08:30
FUT-M-01,medium,M,308.84,340.0,1900.0,90.0,45.413,2026-02-01T10:08:40
FUT-M-01,medium,M,309.199,340.0,1900.0,90.0,45.562,2026-02-01T10:08:50
FUT-M-01,medium,M,309.211,340.0,1900.0,90.0,45.693,2026-02-01T10:09:00
FUT-M-01,medium,M,309.544,340.0,1900.0,90.0,45.779,2026-02-01T10:09:10
FUT-M-01,medium,M,309.967,340.0,1900.0,90.0,45.885,2026-02-01T10:09:20
FUT-M-01,medium,M,310.179,340.0,1900.0,90.0,45.988,2026-02-01T10:09:30
FUT-M-01,medium,M,310.69,340.0,1900.0,90.0,46.105,2026-02-01T10:09:40
FUT-M-01,medium,M,310.995,340.0,1900.0,90.0,46.19,2026-02-01T10:09:50
FUT-M-01,medium,M,311.201,340.0,1900.0,90.0,46.338,2026-02-01T10:10:00
FUT-M-01,medium,M,311.431,340.0,1900.0,90.0,46.491,2026-02-01T10:10:10
FUT-M-01,medium,M,311.695,340.0,1900.0,90.0,46.61,2026-02-01T10:10:20
FUT-M-01,medium,M,311.958,340.0,1900.0,90.0,46.746,2026-02-01T10:10:30
FUT-M-01,medium,M,312.285,340.0,1900.0,90.0,46.805,2026-02-01T10:10:40
FUT-M-01,medium,M,312.568,340.0,1900.0,90.0,46.902,2026-02-01T10:10:50
FUT-M-01,medium,M,312.692,340.0,1900.0,90.0,47.032,2026-02-01T10:11:00
FUT-M-01,medium,M,313.012,340.0,1900.0,90.0,47.121,2026-02-01T10:11:10
FUT-M-01,medium,M,313.054,340.0,1900.0,90.0,47.196,2026-02-01T10:11:20
FUT-M-01,medium,M,313.435,340.0,1900.0,90.0,47.265,2026-02-01T10:11:30
FUT-M-01,medium,M,313.741,340.0,1900.0,90.0,47.37,2026-02-01T10:11:40
FUT-M-01,medium,M,313.972,340.0,1900.0,90.0,47.475,2026-02-01T10:11:50
FUT-M-01,medium,M,314.073,340.0,1900.0,90.0,47.597,2026-02-01T10:12:00
FUT-M-01,medium,M,314.355,340.0,1900.0,90.0,47.635,2026-02-01T10:12:10
FUT-M-01,medium,M,314.369,340.0,1900.0,90.0,47.717,2026-02-01T10:12:20
FUT-M-01,medium,M,314.378,340.0,1900.0,90.0,47.872,2026-02-01T10:12:30
FUT-M-01,medium,M,314.473,340.0,1900.0,90.0,47.937,2026-02-01T10:12:40
FUT-M-01,medium,M,314.562,340.0,1900.0,90.0,48.069,2026-02-01T10:12:50
FUT-M-01,medium,M,314.762,340.0,1900.0,90.0,48.19,2026-02-01T10:13:00
FUT-M-01,medium,M,314.904,340.0,1900.0,90.0,48.274,2026-02-01T10:13:10
FUT-M-01,medium,M,315.046,340.0,1900.0,90.0,48.37,2026-02-01T10:13:20
FUT-M-01,medium,M,315.255,340.0,1900.0,90.0,48.49,2026-02-01T10:13:30
FUT-M-01,medium,M,315.414,340.0,1900.0,90.0,48.624,2026-02-01T10:13:40
FUT-M-01,medium,M,315.765,340.0,1898.36,90.0,48.72,2026-02-01T10:13:50
FUT-M-01,medium,M,315.927,340.0,1866.593,90.0,48.814,2026-02-01T10:14:00
FUT-M-01,medium,M,316.053,340.0,1839.169,90.0,48.905,2026-02-01T10:14:10
FUT-M-01,medium,M,316.339,340.0,1817.134,90.0,49.04,2026-02-01T10:14:20
FUT-M-01,medium,M,316.496,340.0,1794.821,90.0,49.15,2026-02-01T10:14:30
FUT-M-01,medium,M,316.494,340.0,1772.549,90.0,49.241,2026-02-01T10:14:40
FUT-M-01,medium,M,316.397,340.0,1756.567,90.0,49.334,2026-02-01T10:14:50
FUT-M-01,medium,M,316.339,340.0,1744.619,90.0,49.398,2026-02-01T10:15:00
FUT-M-01,medium,M,316.095,340.0,1718.457,90.0,49.526,2026-02-01T10:15:10
FUT-M-01,medium,M,316.184,340.0,1694.759,90.0,49.602,2026-02-01T10:15:20
FUT-M-01,medium,M,316.536,340.0,1681.668,90.0,49.696,2026-02-01T10:15:30
FUT-M-01,medium,M,316.458,340.0,1676.646,90.0,49.777,2026-02-01T10:15:40
FUT-M-01,medium,M,316.582,340.0,1660.321,90.0,49.89,2026-02-01T10:15:50
FUT-M-01,medium,M,316.906,340.0,1638.612,90.0,50.057,2026-02-01T10:16:00
FUT-M-01,medium,M,316.779,340.0,1615.419,90.0,50.217,2026-02-01T10:16:10
FUT-M-01,medium,M,316.769,340.0,1597.786,90.0,50.281,2026-02-01T10:16:20
FUT-M-01,medium,M,316.763,340.0,1576.111,90.0,50.363,2026-02-01T10:16:30
FUT-M-01,medium,M,316.747,340.0,1561.201,90.0,50.441,2026-02-01T10:16:40
FUT-M-01,medium,M,316.558,340.0,1547.198,90.0,50.551,2026-02-01T10:16:50
FUT-M-01,medium,M,316.474,340.0,1551.661,90.0,50.636,2026-02-01T10:17:00
FUT-M-01,medium,M,316.347,340.0,1534.867,90.0,50.738,2026-02-01T10:17:10
FUT-M-01,medium,M,316.353,340.0,1502.512,90.0,50.822,2026-02-01T10:17:20
FUT-M-01,medium,M,316.39,340.0,1485.493,90.0,50.908,2026-02-01T10:17:30
FUT-M-01,medium,M,316.452,340.0,1473.657,90.0,51.037,2026-02-01T10:17:40
FUT-M-01,medium,M,316.367,340.0,1455.154,90.0,51.131,2026-02-01T10:17:50
FUT-M-01,medium,M,316.265,340.0,1445.399,90.0,51.233,2026-02-01T10:18:00
FUT-M-01,medium,M,316.091,340.0,1426.892,90.0,51.307,2026-02-01T10:18:10
FUT-M-01,medium,M,315.99,340.0,1397.586,90.0,51.432,2026-02-01T10:18:20
FUT-M-01,medium,M,315.856,340.0,1371.266,90.0,51.518,2026-02-01T10:18:30
FUT-M-01,medium,M,315.586,340.0,1392.051,90.0,51.637,2026-02-01T10:18:40
FUT-M-01,medium,M,315.335,340.0,1384.302,90.0,51.745,2026-02-01T10:18:50
FUT-M-01,medium,M,315.243,340.0,1373.243,90.0,51.856,2026-02-01T10:19:00
FUT-M-01,medium,M,315.09,340.0,1377.246,90.0,51.959,2026-02-01T10:19:10
FUT-M-01,medium,M,314.968,340.0,1366.926,90.0,52.099,2026-02-01T10:19:20
FUT-M-01,medium,M,314.834,340.0,1358.835,90.0,52.191,2026-02-01T10:19:30
FUT-M-01,medium,M,314.707,340.0,1361.269,90.0,52.301,2026-02-01T10:19:40
FUT-M-01,medium,M,314.515,340.0,1352.445,90.0,52.411,2026-02-01T10:19:50
FUT-M-01,medium,M,314.313,340.0,1347.071,90.0,52.543,2026-02-01T10:20:00
FUT-M-01,medium,M,314.36,340.0,1345.043,90.0,52.692,2026-02-01T10:20:10
FUT-M-01,medium,M,314.276,340.0,1322.667,90.0,52.822,2026-02-01T10:20:20
FUT-M-01,medium,M,314.113,340.0,1305.413,90.0,52.891,2026-02-01T10:20:30
FUT-M-01,medium,M,313.945,340.0,1307.859,90.0,53.0,2026-02-01T10:20:40
FUT-M-01,medium,M,313.889,340.0,1305.215,90.0,53.088,2026-02-01T10:20:50
FUT-M-01,medium,M,313.639,340.0,1300.842,90.0,53.179,2026-02-01T10:21:00
FUT-M-01,medium,M,313.438,340.0,1274.386,90.0,53.284,2026-02-01T10:21:10
FUT-M-01,medium,M,313.268,340.0,1270.047,90.0,53.394,2026-02-01T10:21:20
FUT-M-01,medium,M,313.085,340.0,1267.828,90.0,53.516,2026-02-01T10:21:30
FUT-M-01,medium,M,313.009,340.0,1273.738,90.0,53.65,2026-02-01T10:21:40
FUT-M-01,medium,M,312.72,340.0,1265.89,90.0,53.748,2026-02-01T10:21:50
FUT-M-01,medium,M,312.368,340.0,1262.645,90.0,53.838,2026-02-01T10:22:00
FUT-M-01,medium,M,312.062,340.0,1259.72,90.0,53.946,2026-02-01T10:22:10
FUT-M-01,medium,M,311.989,340.0,1262.616,90.0,54.055,2026-02-01T10:22:20
FUT-M-01,medium,M,311.828,340.0,1246.96,90.0,54.149,2026-02-01T10:22:30
FUT-M-01,medium,M,311.482,340.0,1267.678,90.0,54.269,2026-02-01T10:22:40
FUT-M-01,medium,M,311.322,339.554,1275.462,90.0,54.359,2026-02-01T10:22:50
FUT-M-01,medium,M,311.165,339.211,1273.113,90.0,54.451,2026-02-01T10:23:00
FUT-M-01,medium,M,311.004,338.873,1277.377,90.0,54.526,2026-02-01T10:23:10
FUT-M-01,medium,M,310.72,338.386,1281.087,90.0,54.665,2026-02-01T10:23:20
FUT-M-01,medium,M,310.457,337.97,1270.275,90.0,54.8,2026-02-01T10:23:30
FUT-M-01,medium,M,310.115,337.669,1276.345,90.0,54.908,2026-02-01T10:23:40
FUT-M-01,medium,M,309.886,337.211,1288.713,90.0,55.015,2026-02-01T10:23:50
FUT-M-01,medium,M,309.864,336.852,1295.999,90.0,55.094,2026-02-01T10:24:00
FUT-M-01,medium,M,309.638,336.273,1300.974,90.0,55.18,2026-02-01T10:24:10
FUT-M-01,medium,M,309.183,335.822,1293.936,90.0,55.254,2026-02-01T10:24:20
FUT-M-01,medium,M,308.778,335.344,1295.168,90.0,55.352,2026-02-01T10:24:30
FUT-M-01,medium,M,308.646,335.001,1302.396,90.0,55.48,2026-02-01T10:24:40
FUT-M-01,medium,M,308.352,334.37,1316.359,90.0,55.571,2026-02-01T10:24:50
FUT-M-01,medium,M,308.165,333.959,1317.236,90.0,55.663,2026-02-01T10:25:00
FUT-M-01,medium,M,308.174,333.756,1327.263,90.0,55.742,2026-02-01T10:25:10
FUT-M-01,medium,M,307.89,333.177,1341.96,90.0,55.877,2026-02-01T10:25:20
FUT-M-01,medium,M,307.655,332.877,1344.922,90.0,55.975,2026-02-01T10:25:30
FUT-M-01,medium,M,307.59,332.581,1348.739,90.0,56.117,2026-02-01T10:25:40
FUT-M-01,medium,M,307.337,332.263,1356.05,90.0,56.173,2026-02-01T10:25:50
FUT-M-01,medium,M,307.047,332.151,1356.757,90.0,56.283,2026-02-01T10:26:00
FUT-M-01,medium,M,306.88,331.607,1360.69,90.0,56.296,2026-02-01T10:26:10
FUT-M-01,medium,M,306.503,331.171,1376.615,90.0,56.437,2026-02-01T10:26:20
FUT-M-01,medium,M,306.404,330.817,1399.444,90.0,56.559,2026-02-01T10:26:30
FUT-M-01,medium,M,306.188,330.419,1405.048,90.0,56.647,2026-02-01T10:26:40
FUT-M-01,medium,M,305.985,330.12,1428.909,90.0,56.779,2026-02-01T10:26:50
FUT-M-01,medium,M,305.631,329.844,1439.88,90.0,56.931,2026-02-01T10:27:00
FUT-M-01,medium,M,305.538,329.543,1461.494,90.0,57.047,2026-02-01T10:27:10
FUT-M-01,medium,M,305.539,329.092,1485.526,90.0,57.17,2026-02-01T10:27:20
FUT-M-01,medium,M,305.369,328.85,1517.993,90.0,57.276,2026-02-01T10:27:30
FUT-M-01,medium,M,305.188,328.521,1526.319,90.0,57.384,2026-02-01T10:27:40
FUT-M-01,medium,M,304.965,328.056,1547.754,90.0,57.496,2026-02-01T10:27:50
FUT-M-01,medium,M,304.812,327.801,1562.291,90.0,57.622,2026-02-01T10:28:00
FUT-M-01,medium,M,304.771,327.527,1571.645,90.0,57.741,2026-02-01T10:28:10
FUT-M-01,medium,M,304.799,327.249,1581.677,90.0,57.836,2026-02-01T10:28:20
FUT-M-01,medium,M,304.77,327.13,1594.504,90.0,57.926,2026-02-01T10:28:30
FUT-M-01,medium,M,304.842,326.969,1619.152,90.0,58.045,2026-02-01T10:28:40
FUT-M-01,medium,M,304.665,326.988,1635.336,90.0,58.168,2026-02-01T10:28:50
FUT-M-01,medium,M,304.605,326.829,1653.089,90.0,58.264,2026-02-01T10:29:00
FUT-M-01,medium,M,304.301,326.784,1663.829,90.0,58.425,2026-02-01T10:29:10
FUT-M-01,medium,M,304.3,326.673,1673.333,90.0,58.566,2026-02-01T10:29:20
FUT-M-01,medium,M,304.121,326.683,1691.703,90.0,58.657,2026-02-01T10:29:30
FUT-M-01,medium,M,304.232,326.815,1713.694,90.0,58.804,2026-02-01T10:29:40
FUT-M-01,medium,M,304.245,326.746,1737.492,90.0,58.891,2026-02-01T10:29:50
FUT-M-01,medium,M,304.056,326.871,1759.003,90.0,59.016,2026-02-01T10:30:00
FUT-M-01,medium,M,304.105,326.955,1772.01,90.0,59.139,2026-02-01T10:30:10
FUT-M-01,medium,M,304.053,326.955,1804.119,90.0,59.262,2026-02-01T10:30:20
FUT-M-01,medium,M,304.192,327.119,1823.963,90.0,59.352,2026-02-01T10:30:30
FUT-M-01,medium,M,304.264,327.238,1841.035,90.0,59.45,2026-02-01T10:30:40
FUT-M-01,medium,M,304.183,327.165,1841.588,90.0,59.515,2026-02-01T10:30:50
FUT-M-01,medium,M,304.278,327.177,1859.346,90.0,59.632,2026-02-01T10:31:00
FUT-M-01,medium,M,304.351,327.241,1882.668,90.0,59.742,2026-02-01T10:31:10
FUT-M-01,medium,M,304.39,327.539,1900.0,90.0,59.901,2026-02-01T10:31:20
FUT-M-01,medium,M,304.529,327.589,1900.0,90.0,59.969,2026-02-01T10:31:30
FUT-M-01,medium,M,304.729,327.724,1900.0,90.0,60.025,2026-02-01T10:31:40
FUT-M-01,medium,M,304.794,327.906,1900.0,90.0,60.133,2026-02-01T10:31:50
FUT-M-01,medium,M,304.915,327.999,1900.0,90.0,60.224,2026-02-01T10:32:00
FUT-M-01,medium,M,304.96,328.209,1900.0,90.0,60.31,2026-02-01T10:32:10
FUT-M-01,medium,M,305.107,328.33,1900.0,90.0,60.399,2026-02-01T10:32:20
FUT-M-01,medium,M,305.309,328.495,1900.0,90.0,60.539,2026-02-01T10:32:30
FUT-M-01,medium,M,305.504,328.864,1900.0,90.0,60.658,2026-02-01T10:32:40
FUT-M-01,medium,M,305.691,328.997,1900.0,90.0,60.754,2026-02-01T10:32:50
FUT-M-01,medium,M,305.901,329.474,1900.0,90.0,60.858,2026-02-01T10:33:00
FUT-M-01,medium,M,306.079,329.705,1900.0,90.0,60.958,2026-02-01T10:33:10
FUT-M-01,medium,M,306.22,329.972,1900.0,90.0,61.077,2026-02-01T10:33:20
FUT-M-01,medium,M,306.519,330.197,1900.0,90.0,61.163,2026-02-01T10:33:30
FUT-M-01,medium,M,306.889,330.452,1900.0,90.0,61.244,2026-02-01T10:33:40
FUT-M-01,medium,M,307.117,330.583,1900.0,90.0,61.337,2026-02-01T10:33:50
FUT-M-01,medium,M,307.389,330.99,1900.0,90.0,61.426,2026-02-01T10:34:00
FUT-M-01,medium,M,307.609,331.317,1900.0,90.0,61.55,2026-02-01T10:34:10
FUT-M-01,medium,M,307.956,331.728,1900.0,90.0,61.686,2026-02-01T10:34:20
FUT-M-01,medium,M,308.223,331.821,1900.0,90.0,61.829,2026-02-01T10:34:30
FUT-M-01,medium,M,308.471,332.275,1900.0,90.0,61.927,2026-02-01T10:34:40
FUT-M-01,medium,M,308.598,332.629,1900.0,90.0,62.106,2026-02-01T10:34:50
FUT-M-01,medium,M,308.873,333.294,1900.0,90.0,62.239,2026-02-01T10:35:00
FUT-M-01,medium,M,309.237,333.614,1900.0,90.0,62.295,2026-02-01T10:35:10
FUT-M-01,medium,M,309.565,333.992,1900.0,90.0,62.407,2026-02-01T10:35:20
FUT-M-01,medium,M,309.778,334.381,1900.0,90.0,62.538,2026-02-01T10:35:30
FUT-M-01,medium,M,310.296,334.812,1900.0,90.0,62.657,2026-02-01T10:35:40
FUT-M-01,medium,M,310.643,335.146,1900.0,90.0,62.757,2026-02-01T10:35:50
FUT-M-01,medium,M,310.963,335.592,1900.0,90.0,62.878,2026-02-01T10:36:00
FUT-M-01,medium,M,311.227,335.972,1900.0,90.0,62.987,2026-02-01T10:36:10
FUT-M-01,medium,M,311.548,336.383,1900.0,90.0,63.103,2026-02-01T10:36:20
FUT-M-01,medium,M,311.96,336.785,1900.0,90.0,63.236,2026-02-01T10:36:30
FUT-M-01,medium,M,312.29,337.528,1900.0,90.0,63.38,2026-02-01T10:36:40
FUT-M-01,medium,M,312.872,338.037,1900.0,90.0,63.474,2026-02-01T10:36:50
FUT-M-01,medium,M,313.126,338.39,1900.0,90.0,63.574,2026-02-01T10:37:00
FUT-M-01,medium,M,313.517,338.748,1900.0,90.0,63.702,2026-02-01T10:37:10
FUT-M-01,medium,M,313.97,339.286,1900.0,90.0,63.761,2026-02-01T10:37:20
FUT-M-01,medium,M,314.421,339.922,1900.0,90.0,63.891,2026-02-01T10:37:30
FUT-M-01,medium,M,314.782,340.0,1900.0,89.203,64.037,2026-02-01T10:37:40
FUT-M-01,medium,M,315.168,340.0,1900.0,88.442,64.159,2026-02-01T10:37:50
FUT-M-01,medium,M,315.619,340.0,1900.0,87.397,64.3,2026-02-01T10:38:00
FUT-M-01,medium,M,316.018,340.0,1900.0,87.293,64.443,2026-02-01T10:38:10
FUT-M-01,medium,M,316.327,340.0,1900.0,88.219,64.573,2026-02-01T10:38:20
FUT-M-01,medium,M,316.751,340.0,1900.0,87.309,64.678,2026-02-01T10:38:30
FUT-M-01,medium,M,317.147,340.0,1900.0,86.217,64.716,2026-02-01T10:38:40
FUT-M-01,medium,M,317.533,340.0,1900.0,85.372,64.829,2026-02-01T10:38:50
FUT-M-01,medium,M,317.915,340.0,1900.0,85.237,64.97,2026-02-01T10:39:00
FUT-M-01,medium,M,318.413,340.0,1900.0,84.354,65.109,2026-02-01T10:39:10
FUT-M-01,medium,M,318.878,340.0,1900.0,84.138,65.218,2026-02-01T10:39:20
FUT-M-01,medium,M,319.371,340.0,1900.0,83.495,65.267,2026-02-01T10:39:30
FUT-M-01,medium,M,319.938,340.0,1900.0,82.797,65.357,2026-02-01T10:39:40
FUT-M-01,medium,M,320.0,340.0,1900.0,82.377,65.472,2026-02-01T10:39:50
FUT-M-01,medium,M,320.0,340.0,1900.0,81.986,65.534,2026-02-01T10:40:00
FUT-M-01,medium,M,320.0,340.0,1900.0,81.494,65.663,2026-02-01T10:40:10
FUT-M-01,medium,M,320.0,340.0,1900.0,85.466,65.712,2026-02-01T10:40:20
FUT-M-01,medium,M,320.0,340.0,1900.0,84.569,65.794,2026-02-01T10:40:30
FUT-M-01,medium,M,320.0,340.0,1900.0,84.161,65.93,2026-02-01T10:40:40
FUT-M-01,medium,M,320.0,340.0,1900.0,83.739,66.01,2026-02-01T10:40:50
FUT-M-01,medium,M,320.0,340.0,1900.0,83.555,66.1,2026-02-01T10:41:00
FUT-M-01,medium,M,320.0,340.0,1900.0,83.056,66.198,2026-02-01T10:41:10
FUT-M-01,medium,M,320.0,340.0,1900.0,81.96,66.291,2026-02-01T10:41:20
FUT-M-01,medium,M,320.0,340.0,1900.0,81.515,66.378,2026-02-01T10:41:30
FUT-M-01,medium,M,320.0,340.0,1900.0,80.824,66.525,2026-02-01T10:41:40
FUT-M-01,medium,M,320.0,340.0,1900.0,80.031,66.615,2026-02-01T10:41:50
FUT-M-01,medium,M,320.0,340.0,1900.0,79.446,66.669,2026-02-01T10:42:00
FUT-M-01,medium,M,320.0,340.0,1900.0,79.169,66.753,2026-02-01T10:42:10
FUT-M-01,medium,M,320.0,340.0,1900.0,78.716,66.946,2026-02-01T10:42:20
FUT-M-01,medium,M,320.0,340.0,1900.0,78.135,67.03,2026-02-01T10:42:30
FUT-M-01,medium,M,320.0,340.0,1900.0,77.948,67.147,2026-02-01T10:42:40
FUT-M-01,medium,M,320.0,340.0,1900.0,77.564,67.242,2026-02-01T10:42:50
FUT-M-01,medium,M,320.0,340.0,1900.0,77.438,67.343,2026-02-01T10:43:00
FUT-M-01,medium,M,320.0,340.0,1900.0,76.971,67.437,2026-02-01T10:43:10
FUT-M-01,medium,M,320.0,340.0,1900.0,77.013,67.554,2026-02-01T10:43:20
FUT-M-01,medium,M,320.0,340.0,1900.0,76.809,67.617,2026-02-01T10:43:30
FUT-M-01,medium,M,320.0,340.0,1900.0,77.006,67.717,2026-02-01T10:43:40
FUT-M-01,medium,M,320.0,340.0,1900.0,77.186,67.846,2026-02-01T10:43:50
FUT-M-01,medium,M,320.0,340.0,1900.0,77.11,67.964,2026-02-01T10:44:00
FUT-M-01,medium,M,320.0,340.0,1900.0,76.918,68.026,2026-02-01T10:44:10
FUT-M-01,medium,M,320.0,340.0,1900.0,76.965,68.134,2026-02-01T10:44:20
FUT-M-01,medium,M,320.0,340.0,1900.0,76.904,68.199,2026-02-01T10:44:30
FUT-M-01,medium,M,320.0,340.0,1900.0,76.889,68.259,2026-02-01T10:44:40
FUT-M-01,medium,M,320.0,340.0,1900.0,76.995,68.411,2026-02-01T10:44:50
FUT-M-01,medium,M,320.0,340.0,1900.0,76.927,68.513,2026-02-01T10:45:00
FUT-M-01,medium,M,320.0,340.0,1900.0,76.997,68.644,2026-02-01T10:45:10
FUT-M-01,medium,M,320.0,340.0,1900.0,77.005,68.763,2026-02-01T10:45:20
FUT-M-01,medium,M,320.0,340.0,1900.0,76.752,68.854,2026-02-01T10:45:30
FUT-M-01,medium,M,320.0,340.0,1900.0,76.816,68.952,2026-02-01T10:45:40
FUT-M-01,medium,M,320.0,340.0,1900.0,76.823,69.071,2026-02-01T10:45:50
FUT-M-01,medium,M,320.0,340.0,1900.0,76.972,69.182,2026-02-01T10:46:00
FUT-M-01,medium,M,320.0,340.0,1900.0,77.002,69.283,2026-02-01T10:46:10
FUT-M-01,medium,M,320.0,340.0,1900.0,77.289,69.415,2026-02-01T10:46:20
FUT-M-01,medium,M,320.0,340.0,1900.0,77.416,69.546,2026-02-01T10:46:30
FUT-M-01,medium,M,320.0,340.0,1900.0,77.306,69.687,2026-02-01T10:46:40
FUT-M-01,medium,M,320.0,340.0,1900.0,77.765,69.798,2026-02-01T10:46:50
FUT-M-01,medium,M,320.0,340.0,1900.0,77.769,69.924,2026-02-01T10:47:00
FUT-M-01,medium,M,320.0,340.0,1900.0,78.162,70.005,2026-02-01T10:47:10
FUT-M-01,medium,M,320.0,340.0,1900.0,78.673,70.135,2026-02-01T10:47:20
FUT-M-01,medium,M,320.0,340.0,1900.0,79.326,70.258,2026-02-01T10:47:30
FUT-M-01,medium,M,320.0,340.0,1900.0,79.4,70.343,2026-02-01T10:47:40
FUT-M-01,medium,M,320.0,340.0,1900.0,79.429,70.438,2026-02-01T10:47:50
FUT-M-01,medium,M,320.0,340.0,1900.0,79.589,70.55,2026-02-01T10:48:00
FUT-M-01,medium,M,320.0,340.0,1900.0,80.157,70.612,2026-02-01T10:48:10
FUT-M-01,medium,M,320.0,340.0,1900.0,79.995,70.742,2026-02-01T10:48:20
FUT-M-01,medium,M,320.0,340.0,1900.0,79.981,70.832,2026-02-01T10:48:30
FUT-M-01,medium,M,320.0,340.0,1900.0,80.528,70.931,2026-02-01T10:48:40
FUT-M-01,medium,M,320.0,340.0,1900.0,80.679,71.052,2026-02-01T10:48:50
FUT-M-01,medium,M,320.0,340.0,1900.0,81.31,71.191,2026-02-01T10:49:00
FUT-M-01,medium,M,320.0,340.0,1900.0,81.305,71.305,2026-02-01T10:49:10
FUT-M-01,medium,M,320.0,340.0,1900.0,81.418,71.419,2026-02-01T10:49:20
FUT-M-01,medium,M,320.0,340.0,1900.0,81.568,71.523,2026-02-01T10:49:30
FUT-M-01,medium,M,320.0,340.0,1900.0,81.657,71.667,2026-02-01T10:49:40
FUT-M-01,medium,M,320.0,340.0,1900.0,82.047,71.818,2026-02-01T10:49:50
FUT-M-01,medium,M,320.0,340.0,1900.0,83.022,71.964,2026-02-01T10:50:00
FUT-M-01,medium,M,320.0,340.0,1900.0,83.355,72.049,2026-02-01T10:50:10
FUT-M-01,medium,M,320.0,340.0,1900.0,83.739,72.203,2026-02-01T10:50:20
FUT-M-01,medium,M,320.0,340.0,1900.0,83.545,72.304,2026-02-01T10:50:30
FUT-M-01,medium,M,320.0,340.0,1900.0,83.868,72.463,2026-02-01T10:50:40
FUT-M-01,medium,M,320.0,340.0,1900.0,84.354,72.583,2026-02-01T10:50:50
FUT-M-01,medium,M,320.0,340.0,1900.0,85.063,72.724,2026-02-01T10:51:00
FUT-M-01,medium,M,320.0,340.0,1900.0,85.33,72.803,2026-02-01T10:51:10
FUT-M-01,medium,M,320.0,340.0,1900.0,85.691,72.906,2026-02-01T10:51:20
FUT-M-01,medium,M,320.0,340.0,1900.0,86.076,73.014,2026-02-01T10:51:30
FUT-M-01,medium,M,320.0,340.0,1900.0,86.94,73.097,2026-02-01T10:51:40
FUT-M-01,medium,M,320.0,340.0,1900.0,87.32,73.226,2026-02-01T10:51:50
FUT-M-01,medium,M,320.0,340.0,1900.0,87.942,73.329,2026-02-01T10:52:00
FUT-M-01,medium,M,320.0,340.0,1900.0,88.723,73.45,2026-02-01T10:52:10
FUT-M-01,medium,M,320.0,340.0,1900.0,90.0,73.576,2026-02-01T10:52:20
FUT-M-01,medium,M,320.0,340.0,1900.0,90.0,73.669,2026-02-01T10:52:30
FUT-M-01,medium,M,320.0,340.0,1900.0,90.0,73.788,2026-02-01T10:52:40
FUT-M-01,medium,M,320.0,340.0,1900.0,90.0,73.916,2026-02-01T10:52:50
FUT-M-01,medium,M,320.0,340.0,1900.0,90.0,74.029,2026-02-01T10:53:00
FUT-M-01,medium,M,320.0,340.0,1900.0,90.0,74.159,2026-02-01T10:53:10
FUT-M-01,medium,M,320.0,340.0,1900.0,90.0,74.277,2026-02-01T10:53:20
FUT-M-01,medium,M,320.0,340.0,1900.0,90.0,74.379,2026-02-01T10:53:30
FUT-M-01,medium,M,320.0,340.0,1900.0,90.0,74.471,2026-02-01T10:53:40
FUT-M-01,medium,M,320.0,340.0,1900.0,90.0,74.577,2026-02-01T10:53:50
FUT-M-01,medium,M,320.0,340.0,1900.0,90.0,74.63,2026-02-01T10:54:00
FUT-M-01,medium,M,320.0,340.0,1900.0,90.0,74.723,2026-02-01T10:54:10
FUT-M-01,medium,M,320.0,340.0,1900.0,90.0,74.829,2026-02-01T10:54:20
FUT-M-01,medium,M,320.0,340.0,1900.0,90.0,74.919,2026-02-01T10:54:30
FUT-M-01,medium,M,320.0,340.0,1900.0,90.0,75.025,2026-02-01T10:54:40
FUT-M-01,medium,M,320.0,340.0,1900.0,90.0,75.135,2026-02-01T10:54:50
FUT-M-01,medium,M,320.0,340.0,1900.0,90.0,75.238,2026-02-01T10:55:00
FUT-M-01,medium,M,320.0,340.0,1900.0,90.0,75.337,2026-02-01T10:55:10
FUT-M-01,medium,M,320.0,340.0,1900.0,90.0,75.414,2026-02-01T10:55:20
FUT-M-01,medium,M,320.0,340.0,1900.0,90.0,75.514,2026-02-01T10:55:30
FUT-M-01,medium,M,320.0,340.0,1900.0,90.0,75.617,2026-02-01T10:55:40
FUT-M-01,medium,M,320.0,340.0,1900.0,90.0,75.69,2026-02-01T10:55:50
FUT-M-01,medium,M,320.0,340.0,1900.0,90.0,75.795,2026-02-01T10:56:00
FUT-M-01,medium,M,320.0,340.0,1900.0,90.0,75.939,2026-02-01T10:56:10
FUT-M-01,medium,M,320.0,340.0,1900.0,90.0,76.032,2026-02-01T10:56:20
FUT-M-01,medium,M,320.0,340.0,1900.0,90.0,76.142,2026-02-01T10:56:30
FUT-M-01,medium,M,320.0,340.0,1900.0,90.0,76.264,2026-02-01T10:56:40
FUT-M-01,medium,M,320.0,340.0,1900.0,90.0,76.364,2026-02-01T10:56:50
FUT-M-01,medium,M,320.0,340.0,1900.0,90.0,76.45,2026-02-01T10:57:00
FUT-M-01,medium,M,320.0,340.0,1900.0,90.0,76.564,2026-02-01T10:57:10
FUT-M-01,medium,M,320.0,340.0,1900.0,90.0,76.674,2026-02-01T10:57:20
FUT-M-01,medium,M,320.0,340.0,1900.0,90.0,76.76,2026-02-01T10:57:30
FUT-M-01,medium,M,320.0,340.0,1900.0,90.0,76.923,2026-02-01T10:57:40
FUT-M-01,medium,M,320.0,340.0,1900.0,90.0,77.04,2026-02-01T10:57:50
FUT-M-01,medium,M,320.0,340.0,1900.0,90.0,77.182,2026-02-01T10:58:00
FUT-M-01,medium,M,320.0,340.0,1900.0,90.0,77.262,2026-02-01T10:58:10
FUT-M-01,medium,M,320.0,340.0,1900.0,90.0,77.38,2026-02-01T10:58:20
FUT-M-01,medium,M,320.0,340.0,1900.0,90.0,77.491,2026-02-01T10:58:30
FUT-M-01,medium,M,320.0,340.0,1900.0,90.0,77.6,2026-02-01T10:58:40
FUT-M-01,medium,M,320.0,340.0,1900.0,90.0,77.711,2026-02-01T10:58:50
FUT-M-01,medium,M,320.0,340.0,1900.0,90.0,77.847,2026-02-01T10:59:00
FUT-M-01,medium,M,320.0,339.957,1900.0,90.0,77.961,2026-02-01T10:59:10
FUT-M-01,medium,M,320.0,339.49,1900.0,90.0,78.058,2026-02-01T10:59:20
FUT-M-01,medium,M,319.625,339.095,1900.0,90.0,78.162,2026-02-01T10:59:30
FUT-M-01,medium,M,319.257,338.969,1900.0,90.0,78.271,2026-02-01T10:59:40
FUT-M-01,medium,M,318.722,338.609,1900.0,90.0,78.327,2026-02-01T10:59:50
FUT-M-01,medium,M,318.26,338.335,1900.0,90.0,78.445,2026-02-01T11:00:00
FUT-M-01,medium,M,317.701,338.203,1900.0,90.0,78.565,2026-02-01T11:00:10
FUT-M-01,medium,M,317.303,337.965,1900.0,90.0,78.66,2026-02-01T11:00:20
FUT-M-01,medium,M,316.85,337.673,1900.0,90.0,78.754,2026-02-01T11:00:30
FUT-M-01,medium,M,316.471,337.374,1900.0,90.0,78.849,2026-02-01T11:00:40
FUT-M-01,medium,M,316.119,336.922,1900.0,90.0,78.953,2026-02-01T11:00:50
FUT-M-01,medium,M,315.787,336.663,1900.0,90.0,79.11,2026-02-01T11:01:00
FUT-M-01,medium,M,315.326,336.384,1900.0,90.0,79.243,2026-02-01T11:01:10
FUT-M-01,medium,M,314.989,336.154,1900.0,90.0,79.324,2026-02-01T11:01:20
FUT-M-01,medium,M,314.536,336.091,1900.0,90.0,79.425,2026-02-01T11:01:30
FUT-M-01,medium,M,314.11,335.933,1900.0,90.0,79.537,2026-02-01T11:01:40
FUT-M-01,medium,M,313.691,335.774,1900.0,90.0,79.666,2026-02-01T11:01:50
FUT-M-01,medium,M,313.265,335.543,1900.0,90.0,79.764,2026-02-01T11:02:00
FUT-M-01,medium,M,313.027,335.527,1900.0,90.0,79.848,2026-02-01T11:02:10
FUT-M-01,medium,M,312.683,335.144,1900.0,90.0,79.97,2026-02-01T11:02:20
FUT-M-01,medium,M,312.427,334.883,1900.0,90.0,80.093,2026-02-01T11:02:30
FUT-M-01,medium,M,311.957,334.586,1900.0,90.0,80.214,2026-02-01T11:02:40
FUT-M-01,medium,M,311.623,334.451,1900.0,90.0,80.289,2026-02-01T11:02:50
FUT-M-01,medium,M,311.155,334.429,1900.0,90.0,80.391,2026-02-01T11:03:00
FUT-M-01,medium,M,310.717,334.471,1900.0,90.0,80.487,2026-02-01T11:03:10
FUT-M-01,medium,M,310.554,334.343,1900.0,90.0,80.582,2026-02-01T11:03:20
FUT-M-01,medium,M,310.13,334.178,1900.0,90.0,80.686,2026-02-01T11:03:30
FUT-M-01,medium,M,309.924,334.252,1900.0,90.0,80.818,2026-02-01T11:03:40
FUT-M-01,medium,M,309.594,334.185,1900.0,90.0,80.859,2026-02-01T11:03:50
FUT-M-01,medium,M,309.251,334.136,1900.0,90.0,81.012,2026-02-01T11:04:00
FUT-M-01,medium,M,308.846,334.227,1900.0,90.0,81.163,2026-02-01T11:04:10
FUT-M-01,medium,M,308.525,334.193,1900.0,90.0,81.265,2026-02-01T11:04:20
FUT-M-01,medium,M,308.385,334.448,1900.0,90.0,81.384,2026-02-01T11:04:30
FUT-M-01,medium,M,308.268,334.664,1900.0,90.0,81.476,2026-02-01T11:04:40
FUT-M-01,medium,M,308.025,334.794,1900.0,90.0,81.613,2026-02-01T11:04:50
FUT-M-01,medium,M,307.881,334.764,1900.0,90.0,81.747,2026-02-01T11:05:00
FUT-M-01,medium,M,307.615,334.876,1900.0,90.0,81.842,2026-02-01T11:05:10
FUT-M-01,medium,M,307.402,334.862,1900.0,90.0,81.913,2026-02-01T11:05:20
FUT-M-01,medium,M,307.188,334.982,1900.0,90.0,82.063,2026-02-01T11:05:30
FUT-M-01,medium,M,307.005,335.007,1900.0,90.0,82.136,2026-02-01T11:05:40
FUT-M-01,medium,M,306.862,335.162,1900.0,90.0,82.222,2026-02-01T11:05:50
FUT-M-01,medium,M,306.864,335.376,1900.0,90.0,82.314,2026-02-01T11:06:00
FUT-M-01,medium,M,306.825,335.525,1900.0,90.0,82.372,2026-02-01T11:06:10
FUT-M-01,medium,M,306.697,335.717,1900.0,90.0,82.464,2026-02-01T11:06:20
FUT-M-01,medium,M,306.549,336.072,1900.0,90.0,82.573,2026-02-01T11:06:30
FUT-M-01,medium,M,306.467,336.456,1900.0,90.0,82.644,2026-02-01T11:06:40
FUT-M-01,medium,M,306.348,336.599,1900.0,90.0,82.834,2026-02-01T11:06:50
FUT-M-01,medium,M,306.243,336.842,1900.0,90.0,82.949,2026-02-01T11:07:00
FUT-M-01,medium,M,306.261,337.167,1900.0,90.0,83.028,2026-02-01T11:07:10
FUT-M-01,medium,M,306.39,337.463,1900.0,90.0,83.184,2026-02-01T11:07:20
FUT-M-01,medium,M,306.228,337.97,1900.0,90.0,83.281,2026-02-01T11:07:30
FUT-M-01,medium,M,306.27,338.194,1900.0,90.0,83.377,2026-02-01T11:07:40
FUT-M-01,medium,M,306.28,338.582,1900.0,90.0,83.542,2026-02-01T11:07:50
FUT-M-01,medium,M,306.238,338.891,1900.0,90.0,83.645,2026-02-01T11:08:00
FUT-M-01,medium,M,306.064,339.166,1900.0,90.0,83.715,2026-02-01T11:08:10
FUT-M-01,medium,M,306.057,339.289,1900.0,90.0,83.835,2026-02-01T11:08:20
FUT-M-01,medium,M,306.084,339.669,1900.0,90.0,83.982,2026-02-01T11:08:30
FUT-M-01,medium,M,306.118,339.938,1900.0,90.0,84.145,2026-02-01T11:08:40
FUT-M-01,medium,M,306.1,340.0,1900.0,90.0,84.243,2026-02-01T11:08:50
FUT-M-01,medium,M,306.2,340.0,1900.0,90.0,84.405,2026-02-01T11:09:00
FUT-M-01,medium,M,306.288,340.0,1900.0,90.0,84.532,2026-02-01T11:09:10
FUT-M-01,medium,M,306.531,340.0,1900.0,90.0,84.686,2026-02-01T11:09:20
FUT-M-01,medium,M,306.602,340.0,1900.0,90.0,84.777,2026-02-01T11:09:30
FUT-M-01,medium,M,306.519,340.0,1900.0,90.0,84.885,2026-02-01T11:09:40
FUT-M-01,medium,M,306.588,340.0,1900.0,90.0,84.951,2026-02-01T11:09:50
FUT-M-01,medium,M,306.685,340.0,1900.0,90.0,85.047,2026-02-01T11:10:00
FUT-M-01,medium,M,306.699,340.0,1900.0,90.0,85.119,2026-02-01T11:10:10
FUT-M-01,medium,M,306.753,340.0,1900.0,90.0,85.234,2026-02-01T11:10:20
FUT-M-01,medium,M,306.85,340.0,1900.0,90.0,85.384,2026-02-01T11:10:30
FUT-M-01,medium,M,307.02,340.0,1900.0,90.0,85.508,2026-02-01T11:10:40
FUT-M-01,medium,M,307.198,340.0,1900.0,90.0,85.585,2026-02-01T11:10:50
FUT-M-01,medium,M,307.463,340.0,1900.0,90.0,85.688,2026-02-01T11:11:00
FUT-M-01,medium,M,307.421,340.0,1900.0,90.0,85.77,2026-02-01T11:11:10
FUT-M-01,medium,M,307.634,340.0,1900.0,90.0,85.881,2026-02-01T11:11:20
FUT-M-01,medium,M,307.822,340.0,1900.0,90.0,86.036,2026-02-01T11:11:30
FUT-M-01,medium,M,308.132,340.0,1900.0,90.0,86.166,2026-02-01T11:11:40
FUT-M-01,medium,M,308.338,340.0,1900.0,90.0,86.297,2026-02-01T11:11:50
FUT-M-01,medium,M,308.566,340.0,1900.0,90.0,86.376,2026-02-01T11:12:00
FUT-M-01,medium,M,308.734,340.0,1900.0,90.0,86.527,2026-02-01T11:12:10
FUT-M-01,medium,M,308.92,340.0,1900.0,90.0,86.625,2026-02-01T11:12:20
FUT-M-01,medium,M,309.201,340.0,1885.854,90.0,86.726,2026-02-01T11:12:30
FUT-M-01,medium,M,309.415,340.0,1855.745,90.0,86.843,2026-02-01T11:12:40
FUT-M-01,medium,M,309.719,340.0,1837.624,90.0,86.958,2026-02-01T11:12:50
FUT-M-01,medium,M,309.915,340.0,1833.495,90.0,87.016,2026-02-01T11:13:00
FUT-M-01,medium,M,310.283,340.0,1810.588,90.0,87.13,2026-02-01T11:13:10
FUT-M-01,medium,M,310.588,340.0,1798.874,90.0,87.207,2026-02-01T11:13:20
FUT-M-01,medium,M,310.752,340.0,1766.73,90.0,87.332,2026-02-01T11:13:30
FUT-M-01,medium,M,311.039,340.0,1753.054,90.0,87.392,2026-02-01T11:13:40
FUT-M-01,medium,M,311.227,340.0,1736.253,90.0,87.487,2026-02-01T11:13:50
FUT-M-01,medium,M,311.506,340.0,1716.495,90.0,87.638,2026-02-01T11:14:00
FUT-M-01,medium,M,311.746,340.0,1693.721,90.0,87.731,2026-02-01T11:14:10
FUT-M-01,medium,M,312.117,340.0,1686.088,90.0,87.824,2026-02-01T11:14:20
FUT-M-01,medium,M,312.39,340.0,1664.096,90.0,87.968,2026-02-01T11:14:30
FUT-M-01,medium,M,312.89,340.0,1653.258,90.0,88.091,2026-02-01T11:14:40
FUT-M-01,medium,M,312.994,340.0,1637.291,90.0,88.226,2026-02-01T11:14:50
FUT-M-01,medium,M,313.101,340.0,1636.697,90.0,88.328,2026-02-01T11:15:00
FUT-M-01,medium,M,313.396,340.0,1619.628,90.0,88.435,2026-02-01T11:15:10
FUT-M-01,medium,M,313.676,340.0,1621.251,90.0,88.506,2026-02-01T11:15:20
FUT-M-01,medium,M,313.928,340.0,1608.036,90.0,88.59,2026-02-01T11:15:30
FUT-M-01,medium,M,314.132,340.0,1600.869,90.0,88.672,2026-02-01T11:15:40
FUT-M-01,medium,M,314.258,340.0,1589.633,90.0,88.818,2026-02-01T11:15:50
FUT-M-01,medium,M,314.475,340.0,1587.291,90.0,88.934,2026-02-01T11:16:00
FUT-M-01,medium,M,314.705,340.0,1576.578,90.0,89.029,2026-02-01T11:16:10
FUT-M-01,medium,M,314.974,340.0,1557.94,90.0,89.093,2026-02-01T11:16:20
FUT-M-01,medium,M,315.298,340.0,1538.274,90.0,89.206,2026-02-01T11:16:30
FUT-M-01,medium,M,315.45,340.0,1526.737,90.0,89.315,2026-02-01T11:16:40
FUT-M-01,medium,M,315.648,340.0,1532.548,90.0,89.413,2026-02-01T11:16:50
FUT-M-01,medium,M,315.641,340.0,1520.608,90.0,89.535,2026-02-01T11:17:00
FUT-M-01,medium,M,315.94,340.0,1523.17,90.0,89.63,2026-02-01T11:17:10
FUT-M-01,medium,M,316.024,340.0,1511.021,90.0,89.715,2026-02-01T11:17:20
FUT-M-01,medium,M,316.323,340.0,1492.554,90.0,89.801,2026-02-01T11:17:30
FUT-M-01,medium,M,316.559,340.0,1422.723,90.0,89.891,2026-02-01T11:17:40
FUT-M-01,medium,M,316.872,340.0,1375.613,90.0,90.015,2026-02-01T11:17:50
FUT-M-01,medium,M,317.044,340.0,1377.399,90.0,90.124,2026-02-01T11:18:00
FUT-M-01,medium,M,317.2,340.0,1378.209,90.0,90.217,2026-02-01T11:18:10
FUT-M-01,medium,M,317.356,340.0,1378.314,90.0,90.334,2026-02-01T11:18:20
FUT-M-01,medium,M,317.666,340.0,1371.421,90.0,90.462,2026-02-01T11:18:30
FUT-M-01,medium,M,317.976,340.0,1363.439,90.0,90.59,2026-02-01T11:18:40
FUT-M-01,medium,M,318.2,340.0,1358.37,90.0,90.677,2026-02-01T11:18:50
FUT-M-01,medium,M,318.333,340.0,1368.672,90.0,90.798,2026-02-01T11:19:00
FUT-M-01,medium,M,318.413,340.0,1368.809,90.0,90.91,2026-02-01T11:19:10
FUT-M-01,medium,M,318.616,340.0,1368.016,90.0,90.99,2026-02-01T11:19:20
FUT-M-01,medium,M,318.691,340.0,1365.153,90.0,91.137,2026-02-01T11:19:30
FUT-M-01,medium,M,318.892,340.0,1364.924,90.0,91.262,2026-02-01T11:19:40
FUT-M-01,medium,M,319.072,340.0,1368.783,90.0,91.393,2026-02-01T11:19:50
FUT-M-01,medium,M,319.227,340.0,1369.791,90.0,91.487,2026-02-01T11:20:00
FUT-M-01,medium,M,319.281,340.0,1379.113,90.0,91.607,2026-02-01T11:20:10
FUT-M-01,medium,M,319.296,340.0,1375.33,90.0,91.745,2026-02-01T11:20:20
FUT-M-01,medium,M,319.239,340.0,1370.802,90.0,91.905,2026-02-01T11:20:30
FUT-M-01,medium,M,319.285,340.0,1367.57,90.0,92.028,2026-02-01T11:20:40
FUT-M-01,medium,M,319.282,340.0,1376.986,90.0,92.13,2026-02-01T11:20:50
FUT-M-01,medium,M,319.366,340.0,1392.381,90.0,92.211,2026-02-01T11:21:00
FUT-M-01,medium,M,319.56,340.0,1394.768,90.0,92.328,2026-02-01T11:21:10
FUT-M-01,medium,M,319.638,340.0,1393.956,90.0,92.443,2026-02-01T11:21:20
FUT-M-01,medium,M,319.887,340.0,1402.052,90.0,92.548,2026-02-01T11:21:30
FUT-M-01,medium,M,319.977,340.0,1410.752,90.0,92.606,2026-02-01T11:21:40
FUT-M-01,medium,M,320.0,340.0,1417.217,90.0,92.701,2026-02-01T11:21:50
FUT-M-01,medium,M,320.0,340.0,1418.768,90.0,92.801,2026-02-01T11:22:00
FUT-M-01,medium,M,320.0,340.0,1440.414,90.0,92.863,2026-02-01T11:22:10
FUT-M-01,medium,M,320.0,340.0,1442.722,90.0,92.951,2026-02-01T11:22:20
FUT-M-01,medium,M,320.0,340.0,1443.929,90.0,93.057,2026-02-01T11:22:30
FUT-M-01,medium,M,320.0,340.0,1449.127,90.0,93.174,2026-02-01T11:22:40
FUT-M-01,medium,M,320.0,340.0,1458.524,90.0,93.26,2026-02-01T11:22:50
FUT-M-01,medium,M,320.0,340.0,1474.14,90.0,93.324,2026-02-01T11:23:00
FUT-M-01,medium,M,320.0,340.0,1485.344,90.0,93.403,2026-02-01T11:23:10
FUT-M-01,medium,M,320.0,340.0,1492.875,90.0,93.453,2026-02-01T11:23:20
FUT-M-01,medium,M,319.924,340.0,1498.395,90.0,93.57,2026-02-01T11:23:30
FUT-M-01,medium,M,319.889,340.0,1515.413,90.0,93.621,2026-02-01T11:23:40
FUT-M-01,medium,M,319.593,340.0,1534.492,90.0,93.702,2026-02-01T11:23:50
FUT-M-01,medium,M,319.669,340.0,1551.288,90.0,93.743,2026-02-01T11:24:00
FUT-M-01,medium,M,319.597,340.0,1574.945,90.0,93.861,2026-02-01T11:24:10
FUT-M-01,medium,M,319.525,340.0,1590.793,90.0,93.997,2026-02-01T11:24:20
FUT-M-01,medium,M,319.428,340.0,1595.134,90.0,94.133,2026-02-01T11:24:30
FUT-M-01,medium,M,319.35,340.0,1614.723,90.0,94.193,2026-02-01T11:24:40
FUT-M-01,medium,M,319.119,340.0,1620.186,90.0,94.328,2026-02-01T11:24:50
FUT-M-01,medium,M,318.831,340.0,1629.863,90.0,94.442,2026-02-01T11:25:00
FUT-M-01,medium,M,318.689,340.0,1647.551,90.0,94.551,2026-02-01T11:25:10
FUT-M-01,medium,M,318.676,340.0,1654.383,90.0,94.651,2026-02-01T11:25:20
FUT-M-01,medium,M,318.735,340.0,1676.961,90.0,94.755,2026-02-01T11:25:30
FUT-M-01,medium,M,318.491,340.0,1698.329,90.0,94.872,2026-02-01T11:25:40
FUT-M-01,medium,M,318.344,340.0,1718.316,90.0,94.986,2026-02-01T11:25:50
FUT-M-01,medium,M,318.249,340.0,1736.106,90.0,95.06,2026-02-01T11:26:00
FUT-M-01,medium,M,318.086,340.0,1753.05,90.0,95.152,2026-02-01T11:26:10
FUT-M-01,medium,M,317.978,340.0,1761.239,90.0,95.269,2026-02-01T11:26:20
FUT-M-01,medium,M,317.764,340.0,1727.637,90.0,95.407,2026-02-01T11:26:30
FUT-M-01,medium,M,317.411,340.0,1737.252,90.0,95.532,2026-02-01T11:26:40
FUT-M-01,medium,M,317.137,340.0,1752.254,90.0,95.678,2026-02-01T11:26:50
FUT-M-01,medium,M,317.017,340.0,1761.408,90.0,95.732,2026-02-01T11:27:00
FUT-M-01,medium,M,317.019,340.0,1798.422,90.0,95.761,2026-02-01T11:27:10
FUT-M-01,medium,M,316.679,340.0,1809.056,90.0,95.844,2026-02-01T11:27:20
FUT-M-01,medium,M,316.625,340.0,1820.113,90.0,95.939,2026-02-01T11:27:30
FUT-M-01,medium,M,316.549,340.0,1838.358,90.0,96.057,2026-02-01T11:27:40
FUT-M-01,medium,M,316.319,340.0,1854.515,90.0,96.183,2026-02-01T11:27:50
FUT-M-01,medium,M,316.204,340.0,1861.69,90.0,96.281,2026-02-01T11:28:00
FUT-M-01,medium,M,316.088,340.0,1875.488,90.0,96.415,2026-02-01T11:28:10
FUT-M-01,medium,M,315.888,340.0,1892.493,90.0,96.571,2026-02-01T11:28:20
FUT-M-01,medium,M,315.526,340.0,1900.0,90.0,96.642,2026-02-01T11:28:30
FUT-M-01,medium,M,315.153,340.0,1900.0,90.0,96.742,2026-02-01T11:28:40
FUT-M-01,medium,M,314.967,340.0,1900.0,90.0,96.837,2026-02-01T11:28:50
FUT-M-01,medium,M,314.713,340.0,1900.0,90.0,96.94,2026-02-01T11:29:00
FUT-M-01,medium,M,314.488,340.0,1900.0,90.0,97.05,2026-02-01T11:29:10
FUT-M-01,medium,M,314.292,340.0,1900.0,90.0,97.139,2026-02-01T11:29:20
FUT-M-01,medium,M,314.182,340.0,1900.0,90.0,97.171,2026-02-01T11:29:30
FUT-M-01,medium,M,313.997,340.0,1900.0,90.0,97.252,2026-02-01T11:29:40
FUT-M-01,medium,M,313.845,340.0,1900.0,90.0,97.392,2026-02-01T11:29:50
FUT-M-01,medium,M,313.596,340.0,1900.0,90.0,97.48,2026-02-01T11:30:00
FUT-M-01,medium,M,313.396,340.0,1900.0,90.0,97.535,2026-02-01T11:30:10
FUT-M-01,medium,M,313.1,340.0,1900.0,90.0,97.698,2026-02-01T11:30:20
FUT-M-01,medium,M,313.013,340.0,1900.0,90.0,97.817,2026-02-01T11:30:30
FUT-M-01,medium,M,312.791,340.0,1900.0,90.0,97.924,2026-02-01T11:30:40
FUT-M-01,medium,M,312.61,340.0,1900.0,90.0,98.015,2026-02-01T11:30:50
FUT-M-01,medium,M,312.379,340.0,1900.0,90.0,98.123,2026-02-01T11:31:00
FUT-M-01,medium,M,312.248,340.0,1900.0,90.0,98.191,2026-02-01T11:31:10
FUT-M-01,medium,M,311.96,340.0,1900.0,90.0,98.361,2026-02-01T11:31:20
FUT-M-01,medium,M,311.7,340.0,1900.0,90.0,98.489,2026-02-01T11:31:30
FUT-M-01,medium,M,311.4,340.0,1900.0,90.0,98.634,2026-02-01T11:31:40
FUT-M-01,medium,M,311.082,340.0,1900.0,90.0,98.748,2026-02-01T11:31:50
FUT-M-01,medium,M,310.897,340.0,1900.0,90.0,98.816,2026-02-01T11:32:00
FUT-M-01,medium,M,310.706,340.0,1900.0,90.0,98.912,2026-02-01T11:32:10
FUT-M-01,medium,M,310.516,340.0,1900.0,90.0,99.006,2026-02-01T11:32:20
FUT-M-01,medium,M,310.334,340.0,1900.0,90.0,99.112,2026-02-01T11:32:30
FUT-M-01,medium,M,310.213,340.0,1900.0,90.0,99.212,2026-02-01T11:32:40
FUT-M-01,medium,M,309.985,340.0,1900.0,90.0,99.266,2026-02-01T11:32:50
FUT-M-01,medium,M,309.821,340.0,1900.0,90.0,99.324,2026-02-01T11:33:00
FUT-M-01,medium,M,309.762,340.0,1900.0,90.0,99.408,2026-02-01T11:33:10
FUT-M-01,medium,M,309.341,340.0,1900.0,90.0,99.522,2026-02-01T11:33:20
FUT-M-01,medium,M,309.135,340.0,1900.0,90.0,99.659,2026-02-01T11:33:30
FUT-M-01,medium,M,308.908,340.0,1900.0,90.0,99.795,2026-02-01T11:33:40
FUT-M-01,medium,M,308.758,340.0,1900.0,90.0,99.902,2026-02-01T11:33:50
FUT-M-01,medium,M,308.659,340.0,1900.0,90.0,100.02,2026-02-01T11:34:00
FUT-M-01,medium,M,308.405,340.0,1900.0,90.0,100.108,2026-02-01T11:34:10
FUT-M-01,medium,M,308.242,340.0,1900.0,90.0,100.263,2026-02-01T11:34:20
FUT-M-01,medium,M,308.131,340.0,1900.0,90.0,100.363,2026-02-01T11:34:30
FUT-M-01,medium,M,308.227,340.0,1900.0,90.0,100.498,2026-02-01T11:34:40
FUT-M-01,medium,M,308.046,340.0,1900.0,90.0,100.656,2026-02-01T11:34:50
FUT-M-01,medium,M,307.862,340.0,1900.0,90.0,100.761,2026-02-01T11:35:00
FUT-M-01,medium,M,307.748,340.0,1900.0,90.0,100.9,2026-02-01T11:35:10
FUT-M-01,medium,M,307.531,340.0,1900.0,90.0,101.041,2026-02-01T11:35:20
FUT-M-01,medium,M,307.436,340.0,1900.0,90.0,101.106,2026-02-01T11:35:30
FUT-M-01,medium,M,307.293,340.0,1900.0,90.0,101.262,2026-02-01T11:35:40
FUT-M-01,medium,M,307.391,340.0,1900.0,90.0,101.322,2026-02-01T11:35:50
FUT-M-01,medium,M,307.361,340.0,1900.0,90.0,101.42,2026-02-01T11:36:00
FUT-M-01,medium,M,307.44,340.0,1900.0,90.0,101.516,2026-02-01T11:36:10
FUT-M-01,medium,M,307.421,340.0,1900.0,90.0,101.675,2026-02-01T11:36:20
FUT-M-01,medium,M,307.362,340.0,1900.0,90.0,101.771,2026-02-01T11:36:30
FUT-M-01,medium,M,307.503,340.0,1900.0,90.0,101.907,2026-02-01T11:36:40
FUT-M-01,medium,M,307.331,340.0,1900.0,90.0,102.051,2026-02-01T11:36:50
FUT-M-01,medium,M,307.404,340.0,1900.0,90.0,102.169,2026-02-01T11:37:00
FUT-M-01,medium,M,307.364,340.0,1900.0,90.0,102.253,2026-02-01T11:37:10
FUT-M-01,medium,M,307.33,340.0,1900.0,90.0,102.378,2026-02-01T11:37:20
FUT-M-01,medium,M,307.281,340.0,1900.0,90.0,102.457,2026-02-01T11:37:30
FUT-M-01,medium,M,307.424,340.0,1900.0,90.0,102.601,2026-02-01T11:37:40
FUT-M-01,medium,M,307.459,340.0,1900.0,90.0,102.711,2026-02-01T11:37:50
FUT-M-01,medium,M,307.667,340.0,1900.0,90.0,102.807,2026-02-01T11:38:00
FUT-M-01,medium,M,307.797,340.0,1900.0,90.0,102.88,2026-02-01T11:38:10
FUT-M-01,medium,M,307.828,340.0,1900.0,90.0,102.985,2026-02-01T11:38:20
FUT-M-01,medium,M,308.012,340.0,1900.0,90.0,103.096,2026-02-01T11:38:30
FUT-M-01,medium,M,307.977,340.0,1900.0,90.0,103.184,2026-02-01T11:38:40
FUT-M-01,medium,M,308.344,340.0,1900.0,90.0,103.28,2026-02-01T11:38:50
FUT-M-01,medium,M,308.477,340.0,1900.0,90.0,103.399,2026-02-01T11:39:00
FUT-M-01,medium,M,308.792,340.0,1900.0,90.0,103.491,2026-02-01T11:39:10
FUT-M-01,medium,M,309.184,340.0,1900.0,90.0,103.599,2026-02-01T11:39:20
FUT-M-01,medium,M,309.457,340.0,1900.0,90.0,103.734,2026-02-01T11:39:30
FUT-M-01,medium,M,309.477,340.0,1900.0,90.0,103.808,2026-02-01T11:39:40
FUT-M-01,medium,M,309.674,340.0,1900.0,90.0,103.95,2026-02-01T11:39:50
FUT-M-01,medium,M,309.858,340.0,1900.0,90.0,104.08,2026-02-01T11:40:00
FUT-M-01,medium,M,310.021,340.0,1900.0,90.0,104.132,2026-02-01T11:40:10
FUT-M-01,medium,M,310.276,340.0,1900.0,90.0,104.218,2026-02-01T11:40:20
FUT-M-01,medium,M,310.62,340.0,1900.0,90.0,104.326,2026-02-01T11:40:30
FUT-M-01,medium,M,310.944,340.0,1900.0,90.0,104.411,2026-02-01T11:40:40
FUT-M-01,medium,M,311.174,340.0,1900.0,90.0,104.411,2026-02-01T11:40:50
FUT-M-01,medium,M,311.59,340.0,1900.0,90.0,104.581,2026-02-01T11:41:00
FUT-M-01,medium,M,311.922,340.0,1900.0,90.0,104.644,2026-02-01T11:41:10
FUT-M-01,medium,M,312.449,340.0,1900.0,90.0,104.739,2026-02-01T11:41:20
FUT-M-01,medium,M,312.772,340.0,1900.0,90.0,104.876,2026-02-01T11:41:30
FUT-M-01,medium,M,313.04,340.0,1900.0,90.0,104.975,2026-02-01T11:41:40
FUT-M-01,medium,M,313.408,340.0,1900.0,90.0,105.098,2026-02-01T11:41:50
FUT-M-01,medium,M,313.786,340.0,1900.0,90.0,105.212,2026-02-01T11:42:00
FUT-M-01,medium,M,314.284,340.0,1900.0,90.0,105.308,2026-02-01T11:42:10
FUT-M-01,medium,M,314.497,340.0,1900.0,90.0,105.408,2026-02-01T11:42:20
FUT-M-01,medium,M,314.631,340.0,1900.0,90.0,105.477,2026-02-01T11:42:30
FUT-M-01,medium,M,315.019,340.0,1900.0,90.0,105.603,2026-02-01T11:42:40
FUT-M-01,medium,M,315.463,340.0,1900.0,90.0,105.689,2026-02-01T11:42:50
FUT-M-01,medium,M,315.943,340.0,1900.0,90.0,105.765,2026-02-01T11:43:00
FUT-M-01,medium,M,316.232,340.0,1900.0,90.0,105.849,2026-02-01T11:43:10
FUT-M-01,medium,M,316.375,340.0,1900.0,90.0,105.969,2026-02-01T11:43:20
FUT-M-01,medium,M,316.868,340.0,1900.0,90.0,106.074,2026-02-01T11:43:30
FUT-M-01,medium,M,317.343,340.0,1900.0,90.0,106.157,2026-02-01T11:43:40
FUT-M-01,medium,M,317.66,340.0,1900.0,90.0,106.233,2026-02-01T11:43:50
FUT-M-01,medium,M,318.165,340.0,1900.0,90.0,106.38,2026-02-01T11:44:00
FUT-M-01,medium,M,318.653,340.0,1900.0,90.0,106.46,2026-02-01T11:44:10
FUT-M-01,medium,M,319.014,340.0,1900.0,90.0,106.545,2026-02-01T11:44:20
FUT-M-01,medium,M,319.644,340.0,1900.0,90.0,106.642,2026-02-01T11:44:30
FUT-M-01,medium,M,320.0,340.0,1900.0,90.0,106.775,2026-02-01T11:44:40
FUT-M-01,medium,M,320.0,340.0,1900.0,90.0,106.849,2026-02-01T11:44:50
FUT-M-01,medium,M,320.0,340.0,1900.0,90.0,106.995,2026-02-01T11:45:00
FUT-M-01,medium,M,320.0,340.0,1900.0,90.0,107.13,2026-02-01T11:45:10
FUT-M-01,medium,M,320.0,340.0,1900.0,90.0,107.243,2026-02-01T11:45:20
FUT-M-01,medium,M,320.0,340.0,1900.0,90.0,107.369,2026-02-01T11:45:30
FUT-M-01,medium,M,320.0,340.0,1900.0,90.0,107.486,2026-02-01T11:45:40
FUT-M-01,medium,M,320.0,340.0,1900.0,90.0,107.606,2026-02-01T11:45:50
FUT-M-01,medium,M,320.0,340.0,1900.0,90.0,107.748,2026-02-01T11:46:00
FUT-M-01,medium,M,320.0,340.0,1900.0,90.0,107.822,2026-02-01T11:46:10
FUT-M-01,medium,M,320.0,340.0,1900.0,90.0,107.934,2026-02-01T11:46:20
FUT-M-01,medium,M,320.0,340.0,1900.0,90.0,108.026,2026-02-01T11:46:30
FUT-M-01,medium,M,320.0,340.0,1900.0,90.0,108.115,2026-02-01T11:46:40
FUT-M-01,medium,M,320.0,340.0,1900.0,90.0,108.237,2026-02-01T11:46:50
FUT-M-01,medium,M,320.0,340.0,1900.0,90.0,108.308,2026-02-01T11:47:00
FUT-M-01,medium,M,320.0,340.0,1900.0,90.0,108.346,2026-02-01T11:47:10
FUT-M-01,medium,M,320.0,340.0,1900.0,90.0,108.426,2026-02-01T11:47:20
FUT-M-01,medium,M,320.0,340.0,1900.0,90.0,108.544,2026-02-01T11:47:30
FUT-M-01,medium,M,320.0,340.0,1900.0,90.0,108.691,2026-02-01T11:47:40
FUT-M-01,medium,M,320.0,340.0,1900.0,90.0,108.725,2026-02-01T11:47:50
FUT-M-01,medium,M,320.0,340.0,1900.0,90.0,108.824,2026-02-01T11:48:00
FUT-M-01,medium,M,320.0,340.0,1900.0,90.0,108.912,2026-02-01T11:48:10
FUT-M-01,medium,M,320.0,340.0,1900.0,90.0,108.984,2026-02-01T11:48:20
FUT-M-01,medium,M,320.0,340.0,1900.0,90.0,109.109,2026-02-01T11:48:30
FUT-M-01,medium,M,320.0,340.0,1900.0,90.0,109.225,2026-02-01T11:48:40
FUT-M-01,medium,M,320.0,340.0,1900.0,90.0,109.392,2026-02-01T11:48:50
FUT-M-01,medium,M,320.0,340.0,1900.0,90.0,109.513,2026-02-01T11:49:00
FUT-M-01,medium,M,320.0,340.0,1900.0,90.0,109.612,2026-02-01T11:49:10
FUT-M-01,medium,M,320.0,340.0,1900.0,90.0,109.732,2026-02-01T11:49:20
FUT-M-01,medium,M,320.0,340.0,1900.0,90.0,109.837,2026-02-01T11:49:30
FUT-M-01,medium,M,320.0,340.0,1900.0,90.0,109.966,2026-02-01T11:49:40
FUT-M-01,medium,M,320.0,340.0,1900.0,90.0,110.047,2026-02-01T11:49:50
FUT-M-01,medium,M,320.0,340.0,1900.0,90.0,110.184,2026-02-01T11:50:00
FUT-M-01,medium,M,320.0,340.0,1900.0,90.0,110.318,2026-02-01T11:50:10
FUT-M-01,medium,M,320.0,340.0,1900.0,90.0,110.456,2026-02-01T11:50:20
FUT-M-01,medium,M,320.0,340.0,1900.0,90.0,110.55,2026-02-01T11:50:30
FUT-M-01,medium,M,320.0,340.0,1900.0,90.0,110.651,2026-02-01T11:50:40
FUT-M-01,medium,M,320.0,340.0,1900.0,90.0,110.709,2026-02-01T11:50:50
FUT-M-01,medium,M,320.0,340.0,1900.0,90.0,110.856,2026-02-01T11:51:00
FUT-M-01,medium,M,320.0,340.0,1900.0,90.0,110.988,2026-02-01T11:51:10
FUT-M-01,medium,M,320.0,340.0,1900.0,90.0,111.085,2026-02-01T11:51:20
FUT-M-01,medium,M,320.0,340.0,1900.0,90.0,111.206,2026-02-01T11:51:30
FUT-M-01,medium,M,320.0,340.0,1900.0,90.0,111.333,2026-02-01T11:51:40
FUT-M-01,medium,M,320.0,340.0,1900.0,90.0,111.425,2026-02-01T11:51:50
FUT-M-01,medium,M,320.0,340.0,1900.0,90.0,111.517,2026-02-01T11:52:00
FUT-M-01,medium,M,320.0,340.0,1900.0,90.0,111.626,2026-02-01T11:52:10
FUT-M-01,medium,M,320.0,340.0,1900.0,90.0,111.717,2026-02-01T11:52:20
FUT-M-01,medium,M,320.0,340.0,1900.0,90.0,111.798,2026-02-01T11:52:30
FUT-M-01,medium,M,320.0,340.0,1900.0,90.0,111.914,2026-02-01T11:52:40
FUT-M-01,medium,M,320.0,340.0,1900.0,90.0,112.034,2026-02-01T11:52:50
FUT-M-01,medium,M,320.0,340.0,1900.0,90.0,112.138,2026-02-01T11:53:00
FUT-M-01,medium,M,320.0,340.0,1900.0,90.0,112.258,2026-02-01T11:53:10
FUT-M-01,medium,M,320.0,340.0,1900.0,90.0,112.398,2026-02-01T11:53:20
FUT-M-01,medium,M,320.0,340.0,1900.0,90.0,112.507,2026-02-01T11:53:30
FUT-M-01,medium,M,320.0,340.0,1900.0,90.0,112.601,2026-02-01T11:53:40
FUT-M-01,medium,M,320.0,340.0,1900.0,90.0,112.741,2026-02-01T11:53:50
FUT-M-01,medium,M,320.0,340.0,1900.0,90.0,112.825,2026-02-01T11:54:00
FUT-M-01,medium,M,320.0,340.0,1900.0,90.0,112.942,2026-02-01T11:54:10
FUT-M-01,medium,M,320.0,340.0,1900.0,90.0,113.017,2026-02-01T11:54:20
FUT-M-01,medium,M,320.0,340.0,1900.0,90.0,113.144,2026-02-01T11:54:30
FUT-M-01,medium,M,320.0,340.0,1900.0,90.0,113.276,2026-02-01T11:54:40
FUT-M-01,medium,M,320.0,340.0,1900.0,90.0,113.381,2026-02-01T11:54:50
FUT-M-01,medium,M,320.0,340.0,1900.0,90.0,113.488,2026-02-01T11:55:00
FUT-M-01,medium,M,320.0,340.0,1900.0,90.0,113.602,2026-02-01T11:55:10
FUT-M-01,medium,M,320.0,340.0,1900.0,90.0,113.678,2026-02-01T11:55:20
FUT-M-01,medium,M,320.0,340.0,1900.0,90.0,113.794,2026-02-01T11:55:30
FUT-M-01,medium,M,320.0,340.0,1900.0,90.0,113.882,2026-02-01T11:55:40
FUT-M-01,medium,M,320.0,340.0,1900.0,90.0,113.965,2026-02-01T11:55:50
FUT-M-01,medium,M,320.0,340.0,1900.0,90.0,114.08,2026-02-01T11:56:00
FUT-M-01,medium,M,320.0,340.0,1900.0,90.0,114.231,2026-02-01T11:56:10
FUT-M-01,medium,M,320.0,340.0,1900.0,90.0,114.339,2026-02-01T11:56:20
FUT-M-01,medium,M,320.0,340.0,1900.0,90.0,114.419,2026-02-01T11:56:30
FUT-M-01,medium,M,320.0,340.0,1900.0,90.0,114.504,2026-02-01T11:56:40
FUT-M-01,medium,M,320.0,340.0,1900.0,90.0,114.595,2026-02-01T11:56:50
FUT-M-01,medium,M,320.0,340.0,1900.0,90.0,114.711,2026-02-01T11:57:00
FUT-M-01,medium,M,320.0,340.0,1900.0,90.0,114.825,2026-02-01T11:57:10
FUT-M-01,medium,M,320.0,340.0,1900.0,90.0,114.96,2026-02-01T11:57:20
FUT-M-01,medium,M,320.0,340.0,1900.0,90.0,115.036,2026-02-01T11:57:30
FUT-M-01,medium,M,320.0,340.0,1900.0,90.0,115.109,2026-02-01T11:57:40
FUT-M-01,medium,M,320.0,340.0,1900.0,90.0,115.256,2026-02-01T11:57:50
FUT-M-01,medium,M,320.0,340.0,1900.0,90.0,115.339,2026-02-01T11:58:00
FUT-M-01,medium,M,320.0,340.0,1900.0,90.0,115.473,2026-02-01T11:58:10
FUT-M-01,medium,M,320.0,340.0,1900.0,90.0,115.585,2026-02-01T11:58:20
FUT-M-01,medium,M,320.0,340.0,1900.0,90.0,115.732,2026-02-01T11:58:30
FUT-M-01,medium,M,320.0,340.0,1900.0,90.0,115.843,2026-02-01T11:58:40
FUT-M-01,medium,M,320.0,340.0,1900.0,90.0,115.975,2026-02-01T11:58:50
FUT-M-01,medium,M,320.0,340.0,1900.0,90.0,116.048,2026-02-01T11:59:00
FUT-M-01,medium,M,320.0,340.0,1900.0,90.0,116.152,2026-02-01T11:59:10
FUT-M-01,medium,M,320.0,340.0,1900.0,90.0,116.323,2026-02-01T11:59:20
FUT-M-01,medium,M,320.0,340.0,1900.0,90.0,116.448,2026-02-01T11:59:30
FUT-M-01,medium,M,320.0,340.0,1900.0,90.0,116.492,2026-02-01T11:59:40
FUT-M-01,medium,M,320.0,340.0,1900.0,90.0,116.588,2026-02-01T11:59:50
FUT-M-01,medium,M,320.0,340.0,1900.0,90.0,116.763,2026-02-01T12:00:00
FUT-M-01,medium,M,320.0,340.0,1900.0,90.0,116.874,2026-02-01T12:00:10
FUT-M-01,medium,M,320.0,340.0,1900.0,90.0,117.061,2026-02-01T12:00:20
FUT-M-01,medium,M,320.0,340.0,1900.0,90.0,117.16,2026-02-01T12:00:30
FUT-M-01,medium,M,320.0,340.0,1900.0,90.0,117.272,2026-02-01T12:00:40
FUT-M-01,medium,M,320.0,340.0,1900.0,90.0,117.367,2026-02-01T12:00:50
FUT-M-01,medium,M,320.0,340.0,1900.0,90.0,117.489,2026-02-01T12:01:00
FUT-M-01,medium,M,320.0,340.0,1900.0,90.0,117.617,2026-02-01T12:01:10
FUT-M-01,medium,M,320.0,340.0,1900.0,90.0,117.719,2026-02-01T12:01:20
FUT-M-01,medium,M,320.0,340.0,1900.0,90.0,117.816,2026-02-01T12:01:30
FUT-M-01,medium,M,320.0,340.0,1900.0,90.0,117.88,2026-02-01T12:01:40
FUT-M-01,medium,M,320.0,340.0,1900.0,90.0,117.983,2026-02-01T12:01:50
FUT-M-01,medium,M,320.0,340.0,1900.0,90.0,118.092,2026-02-01T12:02:00
FUT-M-01,medium,M,320.0,340.0,1900.0,90.0,118.189,2026-02-01T12:02:10
FUT-M-01,medium,M,320.0,340.0,1900.0,90.0,118.316,2026-02-01T12:02:20
FUT-M-01,medium,M,320.0,340.0,1900.0,90.0,118.451,2026-02-01T12:02:30
FUT-M-01,medium,M,320.0,340.0,1900.0,90.0,118.554,2026-02-01T12:02:40
FUT-M-01,medium,M,320.0,340.0,1900.0,90.0,118.674,2026-02-01T12:02:50
FUT-M-01,medium,M,320.0,340.0,1900.0,90.0,118.816,2026-02-01T12:03:00
FUT-M-01,medium,M,320.0,340.0,1900.0,90.0,118.871,2026-02-01T12:03:10
FUT-M-01,medium,M,320.0,340.0,1900.0,90.0,119.035,2026-02-01T12:03:20
FUT-M-01,medium,M,320.0,340.0,1900.0,90.0,119.133,2026-02-01T12:03:30
FUT-M-01,medium,M,320.0,340.0,1900.0,90.0,119.238,2026-02-01T12:03:40
FUT-M-01,medium,M,320.0,340.0,1900.0,90.0,119.291,2026-02-01T12:03:50
FUT-M-01,medium,M,320.0,340.0,1900.0,90.0,119.446,2026-02-01T12:04:00
FUT-M-01,medium,M,320.0,340.0,1900.0,90.0,119.53,2026-02-01T12:04:10
FUT-M-01,medium,M,320.0,340.0,1900.0,90.0,119.606,2026-02-01T12:04:20
FUT-M-01,medium,M,320.0,340.0,1887.419,90.0,119.731,2026-02-01T12:04:30
FUT-M-01,medium,M,320.0,340.0,1846.305,90.0,119.87,2026-02-01T12:04:40
FUT-M-01,medium,M,320.0,340.0,1819.816,90.0,119.985,2026-02-01T12:04:50
FUT-M-01,medium,M,320.0,340.0,1803.936,90.0,120.086,2026-02-01T12:05:00
FUT-M-01,medium,M,320.0,340.0,1780.226,90.0,120.211,2026-02-01T12:05:10
FUT-M-01,medium,M,320.0,340.0,1751.973,90.0,120.35,2026-02-01T12:05:20
FUT-M-01,medium,M,320.0,340.0,1719.231,90.0,120.468,2026-02-01T12:05:30
FUT-M-01,medium,M,320.0,340.0,1685.173,90.0,120.619,2026-02-01T12:05:40
FUT-M-01,medium,M,320.0,340.0,1663.25,90.0,120.749,2026-02-01T12:05:50
FUT-M-01,medium,M,320.0,340.0,1650.295,90.0,120.823,2026-02-01T12:06:00
FUT-M-01,medium,M,320.0,340.0,1621.525,90.0,120.92,2026-02-01T12:06:10
FUT-M-01,medium,M,320.0,340.0,1603.086,90.0,121.01,2026-02-01T12:06:20
FUT-M-01,medium,M,320.0,340.0,1587.648,90.0,121.113,2026-02-01T12:06:30
FUT-M-01,medium,M,320.0,340.0,1567.341,90.0,121.229,2026-02-01T12:06:40
FUT-M-01,medium,M,320.0,340.0,1527.716,90.0,121.303,2026-02-01T12:06:50
FUT-M-01,medium,M,320.0,340.0,1514.168,90.0,121.433,2026-02-01T12:07:00
FUT-M-01,medium,M,320.0,340.0,1484.556,90.0,121.56,2026-02-01T12:07:10
FUT-M-01,medium,M,320.0,340.0,1466.235,90.0,121.714,2026-02-01T12:07:20
FUT-M-01,medium,M,320.0,340.0,1449.396,90.0,121.813,2026-02-01T12:07:30
FUT-M-01,medium,M,320.0,340.0,1425.713,90.0,121.909,2026-02-01T12:07:40
FUT-M-01,medium,M,320.0,340.0,1405.136,90.0,122.053,2026-02-01T12:07:50
FUT-M-01,medium,M,320.0,340.0,1386.42,90.0,122.2,2026-02-01T12:08:00
FUT-M-01,medium,M,319.678,340.0,1365.038,90.0,122.305,2026-02-01T12:08:10
FUT-M-01,medium,M,319.125,340.0,1336.704,90.0,122.389,2026-02-01T12:08:20
FUT-M-01,medium,M,318.868,340.0,1326.85,90.0,122.48,2026-02-01T12:08:30
FUT-M-01,medium,M,318.441,340.0,1322.601,90.0,122.599,2026-02-01T12:08:40
FUT-M-01,medium,M,318.263,340.0,1296.13,90.0,122.69,2026-02-01T12:08:50
FUT-M-01,medium,M,317.987,340.0,1283.911,90.0,122.806,2026-02-01T12:09:00
FUT-M-01,medium,M,317.592,340.0,1262.637,90.0,122.885,2026-02-01T12:09:10
FUT-M-01,medium,M,317.256,340.0,1244.619,90.0,122.965,2026-02-01T12:09:20
FUT-M-01,medium,M,317.006,340.0,1236.639,90.0,123.064,2026-02-01T12:09:30
FUT-M-01,medium,M,316.734,340.0,1223.946,90.0,123.139,2026-02-01T12:09:40
FUT-M-01,medium,M,316.432,340.0,1204.518,90.0,123.271,2026-02-01T12:09:50
FUT-M-01,medium,M,315.928,340.0,1191.969,90.0,123.366,2026-02-01T12:10:00
FUT-M-01,medium,M,315.696,340.0,1190.82,90.0,123.477,2026-02-01T12:10:10
FUT-M-01,medium,M,315.609,340.0,1183.54,90.0,123.579,2026-02-01T12:10:20
FUT-M-01,medium,M,315.286,340.0,1158.081,90.0,123.673,2026-02-01T12:10:30
FUT-M-01,medium,M,315.197,340.0,1133.639,90.0,123.785,2026-02-01T12:10:40
FUT-M-01,medium,M,314.904,340.0,1124.106,90.0,123.87,2026-02-01T12:10:50
FUT-M-01,medium,M,314.723,340.0,1112.451,90.0,123.956,2026-02-01T12:11:00
FUT-M-01,medium,M,314.553,340.0,1100.0,90.0,124.036,2026-02-01T12:11:10
FUT-M-01,medium,M,314.421,340.0,1100.0,90.0,124.083,2026-02-01T12:11:20
FUT-M-01,medium,M,314.2,340.0,1100.0,90.0,124.191,2026-02-01T12:11:30
FUT-M-01,medium,M,313.955,340.0,1100.0,90.0,124.343,2026-02-01T12:11:40
FUT-M-01,medium,M,313.826,340.0,1100.0,90.0,124.455,2026-02-01T12:11:50
FUT-M-01,medium,M,313.684,340.0,1100.0,90.0,124.625,2026-02-01T12:12:00
FUT-M-01,medium,M,313.586,340.0,1100.0,90.0,124.744,2026-02-01T12:12:10
FUT-M-01,medium,M,313.435,340.0,1100.0,90.0,124.859,2026-02-01T12:12:20
FUT-M-01,medium,M,313.314,340.0,1100.0,90.0,124.979,2026-02-01T12:12:30
FUT-L-01,long,H,299.902,311.432,1592.29,52.332,1.695,2026-02-01T09:27:00
FUT-L-01,long,H,300.219,311.591,1597.683,52.834,1.754,2026-02-01T09:27:10
FUT-L-01,long,H,300.34,311.782,1588.101,52.511,1.832,2026-02-01T09:27:20
FUT-L-01,long,H,300.476,311.959,1581.628,52.616,1.887,2026-02-01T09:27:30
FUT-L-01,long,H,300.69,312.156,1588.515,52.611,1.96,2026-02-01T09:27:40
FUT-L-01,long,H,300.919,312.407,1585.276,52.808,2.054,2026-02-01T09:27:50
FUT-L-01,long,H,301.254,312.677,1580.332,52.837,2.125,2026-02-01T09:28:00
FUT-L-01,long,H,301.543,312.867,1584.785,53.427,2.207,2026-02-01T09:28:10
FUT-L-01,long,H,301.801,313.156,1590.186,53.652,2.252,2026-02-01T09:28:20
FUT-L-01,long,H,302.24,313.522,1589.17,54.308,2.333,2026-02-01T09:28:30
FUT-L-01,long,H,302.377,314.062,1599.19,54.735,2.397,2026-02-01T09:28:40
FUT-L-01,long,H,302.618,314.499,1598.549,54.781,2.444,2026-02-01T09:28:50
FUT-L-01,long,H,302.806,314.685,1597.735,55.022,2.506,2026-02-01T09:29:00
FUT-L-01,long,H,303.066,314.981,1602.159,55.299,2.573,2026-02-01T09:29:10
FUT-L-01,long,H,303.493,315.554,1613.97,55.493,2.648,2026-02-01T09:29:20
FUT-L-01,long,H,304.038,315.773,1614.78,55.944,2.687,2026-02-01T09:29:30
FUT-L-01,long,H,304.27,316.23,1632.462,55.959,2.778,2026-02-01T09:29:40
FUT-L-01,long,H,304.576,316.602,1639.344,55.987,2.832,2026-02-01T09:29:50
FUT-L-01,long,H,304.941,317.011,1650.782,56.386,2.866,2026-02-01T09:30:00
FUT-L-01,long,H,305.364,317.335,1646.685,57.053,2.962,2026-02-01T09:30:10
FUT-L-01,long,H,305.649,317.815,1635.987,57.219,3.025,2026-02-01T09:30:20
FUT-L-01,long,H,306.088,318.611,1635.83,57.467,3.082,2026-02-01T09:30:30
FUT-L-01,long,H,306.392,319.223,1643.201,57.931,3.131,2026-02-01T09:30:40
FUT-L-01,long,H,306.556,319.69,1648.236,58.669,3.229,2026-02-01T09:30:50
FUT-L-01,long,H,306.986,320.041,1668.572,58.986,3.315,2026-02-01T09:31:00
FUT-L-01,long,H,307.304,320.503,1662.829,59.242,3.375,2026-02-01T09:31:10
FUT-L-01,long,H,307.776,321.089,1682.303,59.711,3.474,2026-02-01T09:31:20
FUT-L-01,long,H,308.014,321.56,1683.823,59.599,3.538,2026-02-01T09:31:30
FUT-L-01,long,H,308.463,322.003,1689.055,60.278,3.609,2026-02-01T09:31:40
FUT-L-01,long,H,308.851,322.436,1701.118,60.329,3.665,2026-02-01T09:31:50
FUT-L-01,long,H,309.247,322.997,1707.803,61.162,3.727,2026-02-01T09:32:00
FUT-L-01,long,H,309.675,323.516,1725.612,61.883,3.825,2026-02-01T09:32:10
FUT-L-01,long,H,310.113,324.155,1740.009,62.851,3.874,2026-02-01T09:32:20
FUT-L-01,long,H,310.5,324.748,1738.148,63.067,3.987,2026-02-01T09:32:30
FUT-L-01,long,H,310.908,325.444,1764.469,63.592,4.061,2026-02-01T09:32:40
FUT-L-01,long,H,311.309,326.059,1783.632,63.734,4.129,2026-02-01T09:32:50
FUT-L-01,long,H,311.682,326.708,1807.13,64.269,4.19,2026-02-01T09:33:00
FUT-L-01,long,H,312.102,327.37,1826.679,65.128,4.247,2026-02-01T09:33:10
FUT-L-01,long,H,312.663,327.963,1856.677,65.68,4.309,2026-02-01T09:33:20
FUT-L-01,long,H,313.083,328.516,1872.189,66.518,4.394,2026-02-01T09:33:30
FUT-L-01,long,H,313.422,328.962,1900.0,67.531,4.46,2026-02-01T09:33:40
FUT-L-01,long,H,314.115,329.921,1900.0,68.056,4.535,2026-02-01T09:33:50
FUT-L-01,long,H,314.698,330.388,1900.0,68.535,4.63,2026-02-01T09:34:00
FUT-L-01,long,H,315.089,331.058,1900.0,69.271,4.695,2026-02-01T09:34:10
FUT-L-01,long,H,315.664,331.601,1900.0,70.063,4.744,2026-02-01T09:34:20
FUT-L-01,long,H,316.04,332.027,1900.0,70.339,4.766,2026-02-01T09:34:30
FUT-L-01,long,H,316.649,332.587,1900.0,71.002,4.87,2026-02-01T09:34:40
FUT-L-01,long,H,317.231,333.142,1900.0,71.706,4.943,2026-02-01T09:34:50
FUT-L-01,long,H,317.462,333.56,1900.0,72.65,4.993,2026-02-01T09:35:00
FUT-L-01,long,H,317.747,334.078,1900.0,73.079,5.074,2026-02-01T09:35:10
FUT-L-01,long,H,318.221,334.589,1900.0,73.75,5.141,2026-02-01T09:35:20
FUT-L-01,long,H,318.572,335.204,1900.0,74.821,5.233,2026-02-01T09:35:30
FUT-L-01,long,H,318.885,335.598,1900.0,75.998,5.302,2026-02-01T09:35:40
FUT-L-01,long,H,319.462,335.993,1900.0,76.438,5.35,2026-02-01T09:35:50
FUT-L-01,long,H,319.93,336.394,1900.0,77.091,5.408,2026-02-01T09:36:00
FUT-L-01,long,H,320.0,336.905,1900.0,77.642,0.0,2026-02-01T09:36:10
FUT-L-01,long,H,320.0,337.568,1900.0,78.088,0.066,2026-02-01T09:36:20
FUT-L-01,long,H,320.0,338.026,1900.0,78.957,0.124,2026-02-01T09:36:30
FUT-L-01,long,H,320.0,338.378,1900.0,79.685,0.23,2026-02-01T09:36:40
FUT-L-01,long,H,320.0,338.816,1900.0,80.166,0.312,2026-02-01T09:36:50
FUT-L-01,long,H,320.0,339.282,1900.0,80.813,0.377,2026-02-01T09:37:00
FUT-L-01,long,H,320.0,339.665,1900.0,81.394,0.456,2026-02-01T09:37:10
FUT-L-01,long,H,320.0,340.0,1900.0,82.56,0.476,2026-02-01T09:37:20
FUT-L-01,long,H,320.0,340.0,1900.0,83.565,0.583,2026-02-01T09:37:30
FUT-L-01,long,H,320.0,340.0,1900.0,84.735,0.603,2026-02-01T09:37:40
FUT-L-01,long,H,320.0,340.0,1900.0,85.42,0.672,2026-02-01T09:37:50
FUT-L-01,long,H,320.0,340.0,1900.0,86.263,0.746,2026-02-01T09:38:00
FUT-L-01,long,H,320.0,340.0,1900.0,86.909,0.82,2026-02-01T09:38:10
FUT-L-01,long,H,320.0,340.0,1900.0,87.718,0.904,2026-02-01T09:38:20
FUT-L-01,long,H,320.0,340.0,1900.0,88.389,0.993,2026-02-01T09:38:30
FUT-L-01,long,H,320.0,340.0,1900.0,89.261,1.029,2026-02-01T09:38:40
FUT-L-01,long,H,320.0,340.0,1900.0,89.894,1.102,2026-02-01T09:38:50
FUT-L-01,long,H,320.0,340.0,1900.0,90.0,1.191,2026-02-01T09:39:00
FUT-L-01,long,H,320.0,340.0,1900.0,90.0,1.265,2026-02-01T09:39:10
FUT-L-01,long,H,320.0,340.0,1900.0,90.0,1.345,2026-02-01T09:39:20
FUT-L-01,long,H,320.0,340.0,1900.0,90.0,1.421,2026-02-01T09:39:30
FUT-L-01,long,H,320.0,340.0,1900.0,90.0,1.483,2026-02-01T09:39:40
FUT-L-01,long,H,320.0,340.0,1900.0,90.0,1.6,2026-02-01T09:39:50
FUT-L-01,long,H,320.0,340.0,1900.0,90.0,1.67,2026-02-01T09:40:00
FUT-L-01,long,H,320.0,340.0,1900.0,90.0,1.754,2026-02-01T09:40:10
FUT-L-01,long,H,320.0,340.0,1900.0,90.0,1.849,2026-02-01T09:40:20
FUT-L-01,long,H,320.0,340.0,1900.0,90.0,1.922,2026-02-01T09:40:30
FUT-L-01,long,H,320.0,340.0,1900.0,90.0,2.005,2026-02-01T09:40:40
FUT-L-01,long,H,320.0,340.0,1900.0,90.0,2.072,2026-02-01T09:40:50
FUT-L-01,long,H,320.0,340.0,1900.0,90.0,2.129,2026-02-01T09:41:00
FUT-L-01,long,H,320.0,340.0,1900.0,90.0,2.211,2026-02-01T09:41:10
FUT-L-01,long,H,320.0,340.0,1900.0,90.0,2.29,2026-02-01T09:41:20
FUT-L-01,long,H,320.0,340.0,1900.0,90.0,2.357,2026-02-01T09:41:30
FUT-L-01,long,H,320.0,340.0,1900.0,90.0,2.438,2026-02-01T09:41:40
FUT-L-01,long,H,320.0,340.0,1900.0,90.0,2.474,2026-02-01T09:41:50
FUT-L-01,long,H,320.0,340.0,1900.0,90.0,2.552,2026-02-01T09:42:00
FUT-L-01,long,H,320.0,340.0,1900.0,90.0,2.614,2026-02-01T09:42:10
FUT-L-01,long,H,320.0,340.0,1900.0,90.0,2.699,2026-02-01T09:42:20
FUT-L-01,long,H,320.0,340.0,1900.0,90.0,2.75,2026-02-01T09:42:30
FUT-L-01,long,H,320.0,340.0,1900.0,90.0,2.825,2026-02-01T09:42:40
FUT-L-01,long,H,320.0,340.0,1900.0,90.0,2.899,2026-02-01T09:42:50
FUT-L-01,long,H,320.0,340.0,1900.0,90.0,2.948,2026-02-01T09:43:00
FUT-L-01,long,H,320.0,340.0,1900.0,90.0,2.997,2026-02-01T09:43:10
FUT-L-01,long,H,320.0,340.0,1900.0,90.0,3.05,2026-02-01T09:43:20
FUT-L-01,long,H,320.0,340.0,1900.0,90.0,3.113,2026-02-01T09:43:30
FUT-L-01,long,H,320.0,340.0,1900.0,90.0,3.189,2026-02-01T09:43:40
FUT-L-01,long,H,320.0,340.0,1900.0,90.0,3.271,2026-02-01T09:43:50
FUT-L-01,long,H,320.0,340.0,1900.0,90.0,3.348,2026-02-01T09:44:00
FUT-L-01,long,H,320.0,340.0,1900.0,90.0,3.397,2026-02-01T09:44:10
FUT-L-01,long,H,320.0,340.0,1900.0,90.0,3.486,2026-02-01T09:44:20
FUT-L-01,long,H,320.0,340.0,1900.0,90.0,3.578,2026-02-01T09:44:30
FUT-L-01,long,H,320.0,340.0,1900.0,90.0,3.656,2026-02-01T09:44:40
FUT-L-01,long,H,320.0,340.0,1900.0,90.0,3.722,2026-02-01T09:44:50
FUT-L-01,long,H,320.0,340.0,1900.0,90.0,3.789,2026-02-01T09:45:00
FUT-L-01,long,H,320.0,340.0,1900.0,90.0,3.865,2026-02-01T09:45:10
FUT-L-01,long,H,320.0,340.0,1900.0,90.0,3.966,2026-02-01T09:45:20
FUT-L-01,long,H,320.0,339.969,1900.0,90.0,4.065,2026-02-01T09:45:30
FUT-L-01,long,H,320.0,339.65,1900.0,90.0,4.155,2026-02-01T09:45:40
FUT-L-01,long,H,320.0,339.314,1900.0,90.0,4.235,2026-02-01T09:45:50
FUT-L-01,long,H,320.0,338.801,1900.0,90.0,4.331,2026-02-01T09:46:00
FUT-L-01,long,H,320.0,338.381,1900.0,90.0,4.409,2026-02-01T09:46:10
FUT-L-01,long,H,320.0,338.059,1900.0,90.0,4.462,2026-02-01T09:46:20
FUT-L-01,long,H,320.0,337.676,1900.0,90.0,4.53,2026-02-01T09:46:30
FUT-L-01,long,H,320.0,336.892,1900.0,90.0,4.612,2026-02-01T09:46:40
FUT-L-01,long,H,320.0,336.318,1900.0,90.0,4.671,2026-02-01T09:46:50
FUT-L-01,long,H,320.0,335.879,1900.0,90.0,4.729,2026-02-01T09:47:00
FUT-L-01,long,H,320.0,335.6,1900.0,90.0,4.791,2026-02-01T09:47:10
FUT-L-01,long,H,320.0,334.988,1900.0,90.0,4.868,2026-02-01T09:47:20
FUT-L-01,long,H,320.0,334.525,1900.0,90.0,4.943,2026-02-01T09:47:30
FUT-L-01,long,H,320.0,334.334,1900.0,90.0,5.037,2026-02-01T09:47:40
FUT-L-01,long,H,320.0,333.732,1900.0,90.0,5.117,2026-02-01T09:47:50
FUT-L-01,long,H,320.0,333.226,1900.0,90.0,5.185,2026-02-01T09:48:00
FUT-L-01,long,H,320.0,332.802,1900.0,90.0,5.275,2026-02-01T09:48:10
FUT-L-01,long,H,320.0,332.353,1900.0,90.0,5.359,2026-02-01T09:48:20
FUT-L-01,long,H,320.0,331.83,1900.0,90.0,5.396,2026-02-01T09:48:30
FUT-L-01,long,H,320.0,331.295,1900.0,90.0,5.48,2026-02-01T09:48:40
FUT-L-01,long,H,320.0,331.042,1900.0,90.0,5.547,2026-02-01T09:48:50
FUT-L-01,long,H,320.0,330.636,1900.0,90.0,5.586,2026-02-01T09:49:00
FUT-L-01,long,H,320.0,329.892,1900.0,90.0,5.625,2026-02-01T09:49:10
FUT-L-01,long,H,320.0,329.504,1900.0,90.0,5.682,2026-02-01T09:49:20
FUT-L-01,long,H,320.0,329.052,1900.0,90.0,5.752,2026-02-01T09:49:30
FUT-L-01,long,H,320.0,328.603,1900.0,90.0,5.802,2026-02-01T09:49:40
FUT-L-01,long,H,320.0,328.214,1900.0,90.0,5.857,2026-02-01T09:49:50
FUT-L-01,long,H,320.0,327.587,1900.0,90.0,5.904,2026-02-01T09:50:00
FUT-L-01,long,H,320.0,327.243,1900.0,90.0,5.961,2026-02-01T09:50:10
FUT-L-01,long,H,320.0,326.607,1900.0,90.0,6.031,2026-02-01T09:50:20
FUT-L-01,long,H,320.0,326.216,1900.0,90.0,6.09,2026-02-01T09:50:30
FUT-L-01,long,H,320.0,325.712,1900.0,90.0,6.184,2026-02-01T09:50:40
FUT-L-01,long,H,320.0,325.004,1900.0,90.0,6.274,2026-02-01T09:50:50
FUT-L-01,long,H,320.0,324.664,1900.0,90.0,6.341,2026-02-01T09:51:00
FUT-L-01,long,H,320.0,324.089,1900.0,90.0,6.423,2026-02-01T09:51:10
FUT-L-01,long,H,320.0,323.519,1900.0,90.0,6.508,2026-02-01T09:51:20
FUT-L-01,long,H,320.0,322.922,1900.0,90.0,6.587,2026-02-01T09:51:30
FUT-L-01,long,H,320.0,322.631,1900.0,90.0,6.668,2026-02-01T09:51:40
FUT-L-01,long,H,320.0,322.112,1900.0,90.0,6.765,2026-02-01T09:51:50
FUT-L-01,long,H,319.978,321.75,1900.0,90.0,6.834,2026-02-01T09:52:00
FUT-L-01,long,H,319.452,321.468,1900.0,90.0,6.935,2026-02-01T09:52:10
FUT-L-01,long,H,319.023,320.882,1900.0,90.0,7.022,2026-02-01T09:52:20
FUT-L-01,long,H,318.595,320.455,1900.0,90.0,7.083,2026-02-01T09:52:30
FUT-L-01,long,H,318.211,320.126,1900.0,90.0,7.134,2026-02-01T09:52:40
FUT-L-01,long,H,317.745,319.769,1900.0,90.0,7.221,2026-02-01T09:52:50
FUT-L-01,long,H,317.355,319.342,1900.0,90.0,7.269,2026-02-01T09:53:00
FUT-L-01,long,H,317.055,319.27,1900.0,90.0,7.314,2026-02-01T09:53:10
FUT-L-01,long,H,316.635,318.804,1900.0,90.0,7.414,2026-02-01T09:53:20
FUT-L-01,long,H,316.204,318.682,1900.0,90.0,7.487,2026-02-01T09:53:30
FUT-L-01,long,H,315.59,318.327,1900.0,90.0,7.569,2026-02-01T09:53:40
FUT-L-01,long,H,315.13,317.908,1900.0,90.0,7.623,2026-02-01T09:53:50
FUT-L-01,long,H,314.802,317.394,1900.0,90.0,7.7,2026-02-01T09:54:00
FUT-L-01,long,H,314.509,317.042,1900.0,90.0,7.76,2026-02-01T09:54:10
FUT-L-01,long,H,314.215,316.852,1900.0,90.0,7.805,2026-02-01T09:54:20
FUT-L-01,long,H,313.769,316.62,1900.0,90.0,7.864,2026-02-01T09:54:30
FUT-L-01,long,H,313.389,318.347,1900.0,90.0,7.925,2026-02-01T09:54:40
FUT-L-01,long,H,313.009,318.201,1900.0,90.0,7.997,2026-02-01T09:54:50
FUT-L-01,long,H,312.665,317.892,1900.0,90.0,8.062,2026-02-01T09:55:00
FUT-L-01,long,H,312.239,317.802,1900.0,90.0,8.151,2026-02-01T09:55:10
FUT-L-01,long,H,311.918,317.442,1900.0,90.0,8.218,2026-02-01T09:55:20
FUT-L-01,long,H,311.554,317.511,1900.0,90.0,8.304,2026-02-01T09:55:30
FUT-L-01,long,H,311.118,317.152,1900.0,90.0,8.396,2026-02-01T09:55:40
FUT-L-01,long,H,310.649,316.824,1900.0,90.0,8.467,2026-02-01T09:55:50
FUT-L-01,long,H,310.248,316.689,1900.0,90.0,8.539,2026-02-01T09:56:00
FUT-L-01,long,H,309.8,316.714,1900.0,90.0,8.605,2026-02-01T09:56:10
FUT-L-01,long,H,309.392,316.598,1900.0,90.0,8.678,2026-02-01T09:56:20
FUT-L-01,long,H,309.034,316.42,1900.0,90.0,8.759,2026-02-01T09:56:30
FUT-L-01,long,H,308.541,316.072,1900.0,90.0,8.81,2026-02-01T09:56:40
FUT-L-01,long,H,308.198,315.947,1900.0,90.0,8.863,2026-02-01T09:56:50
FUT-L-01,long,H,307.825,315.707,1900.0,90.0,8.967,2026-02-01T09:57:00
FUT-L-01,long,H,307.516,315.83,1900.0,90.0,9.023,2026-02-01T09:57:10
FUT-L-01,long,H,307.315,315.695,1900.0,90.0,9.062,2026-02-01T09:57:20
FUT-L-01,long,H,307.049,315.715,1900.0,90.0,9.143,2026-02-01T09:57:30
FUT-L-01,long,H,306.721,315.55,1900.0,90.0,9.21,2026-02-01T09:57:40
FUT-L-01,long,H,306.501,315.688,1900.0,90.0,9.266,2026-02-01T09:57:50
FUT-L-01,long,H,306.211,315.559,1900.0,90.0,9.349,2026-02-01T09:58:00
FUT-L-01,long,H,305.875,315.433,1900.0,90.0,9.401,2026-02-01T09:58:10
FUT-L-01,long,H,305.816,315.441,1900.0,90.0,9.46,2026-02-01T09:58:20
FUT-L-01,long,H,305.377,315.314,1900.0,90.0,9.544,2026-02-01T09:58:30
FUT-L-01,long,H,305.111,315.733,1900.0,90.0,9.647,2026-02-01T09:58:40
FUT-L-01,long,H,305.111,315.667,1900.0,90.0,9.718,2026-02-01T09:58:50
FUT-L-01,long,H,304.913,315.818,1900.0,90.0,9.774,2026-02-01T09:59:00
FUT-L-01,long,H,304.802,316.012,1900.0,90.0,9.845,2026-02-01T09:59:10
FUT-L-01,long,H,304.421,316.208,1900.0,90.0,9.931,2026-02-01T09:59:20
FUT-L-01,long,H,304.384,316.341,1900.0,90.0,10.017,2026-02-01T09:59:30
FUT-L-01,long,H,304.125,316.6,1900.0,90.0,10.058,2026-02-01T09:59:40
FUT-L-01,long,H,304.023,316.732,1900.0,90.0,10.132,2026-02-01T09:59:50
FUT-L-01,long,H,303.82,316.97,1900.0,90.0,10.226,2026-02-01T10:00:00
FUT-L-01,long,H,303.696,316.915,1900.0,90.0,10.299,2026-02-01T10:00:10
FUT-L-01,long,H,303.497,317.245,1900.0,90.0,10.354,2026-02-01T10:00:20
FUT-L-01,long,H,303.403,317.337,1900.0,90.0,10.41,2026-02-01T10:00:30
FUT-L-01,long,H,303.388,317.802,1900.0,90.0,10.476,2026-02-01T10:00:40
FUT-L-01,long,H,303.37,317.961,1900.0,90.0,10.523,2026-02-01T10:00:50
FUT-L-01,long,H,303.314,318.282,1900.0,90.0,10.602,2026-02-01T10:01:00
FUT-L-01,long,H,303.303,318.45,1900.0,90.0,10.678,2026-02-01T10:01:10
FUT-L-01,long,H,303.089,318.698,1900.0,90.0,10.757,2026-02-01T10:01:20
FUT-L-01,long,H,302.996,319.071,1900.0,90.0,10.786,2026-02-01T10:01:30
FUT-L-01,long,H,302.817,319.222,1900.0,90.0,10.843,2026-02-01T10:01:40
FUT-L-01,long,H,302.729,319.317,1900.0,90.0,10.914,2026-02-01T10:01:50
FUT-L-01,long,H,302.625,319.75,1900.0,90.0,10.999,2026-02-01T10:02:00
FUT-L-01,long,H,302.659,320.117,1900.0,90.0,11.082,2026-02-01T10:02:10
FUT-L-01,long,H,302.697,320.468,1900.0,90.0,11.151,2026-02-01T10:02:20
FUT-L-01,long,H,302.705,320.809,1900.0,90.0,11.212,2026-02-01T10:02:30
FUT-L-01,long,H,302.743,322.998,1900.0,90.0,11.278,2026-02-01T10:02:40
FUT-L-01,long,H,302.806,323.415,1900.0,90.0,11.357,2026-02-01T10:02:50
FUT-L-01,long,H,302.823,323.778,1900.0,90.0,11.434,2026-02-01T10:03:00
FUT-L-01,long,H,302.766,324.271,1900.0,90.0,11.522,2026-02-01T10:03:10
FUT-L-01,long,H,302.838,324.66,1900.0,90.0,11.586,2026-02-01T10:03:20
FUT-L-01,long,H,302.743,324.968,1900.0,90.0,11.644,2026-02-01T10:03:30
FUT-L-01,long,H,302.804,325.449,1900.0,90.0,11.725,2026-02-01T10:03:40
FUT-L-01,long,H,302.995,325.84,1900.0,90.0,11.78,2026-02-01T10:03:50
FUT-L-01,long,H,303.185,326.275,1900.0,90.0,11.831,2026-02-01T10:04:00
FUT-L-01,long,H,303.391,326.947,1900.0,90.0,11.893,2026-02-01T10:04:10
FUT-L-01,long,H,303.513,327.592,1900.0,90.0,11.968,2026-02-01T10:04:20
FUT-L-01,long,H,303.638,328.136,1900.0,90.0,12.034,2026-02-01T10:04:30
FUT-L-01,long,H,303.797,328.545,1900.0,90.0,12.102,2026-02-01T10:04:40
FUT-L-01,long,H,303.963,328.958,1900.0,90.0,12.151,2026-02-01T10:04:50
FUT-L-01,long,H,304.211,329.281,1900.0,90.0,12.208,2026-02-01T10:05:00
FUT-L-01,long,H,304.228,329.572,1900.0,90.0,12.267,2026-02-01T10:05:10
FUT-L-01,long,H,304.342,330.104,1900.0,90.0,12.341,2026-02-01T10:05:20
FUT-L-01,long,H,304.559,330.636,1900.0,90.0,12.437,2026-02-01T10:05:30
FUT-L-01,long,H,304.689,331.17,1900.0,90.0,12.493,2026-02-01T10:05:40
FUT-L-01,long,H,304.79,331.694,1900.0,90.0,12.572,2026-02-01T10:05:50
FUT-L-01,long,H,305.132,332.423,1900.0,90.0,12.644,2026-02-01T10:06:00
FUT-L-01,long,H,305.49,332.843,1900.0,90.0,12.74,2026-02-01T10:06:10
FUT-L-01,long,H,305.787,333.286,1900.0,90.0,12.81,2026-02-01T10:06:20
FUT-L-01,long,H,306.046,333.881,1900.0,90.0,12.865,2026-02-01T10:06:30
FUT-L-01,long,H,306.279,334.338,1900.0,90.0,12.937,2026-02-01T10:06:40
FUT-L-01,long,H,306.476,334.88,1900.0,90.0,12.991,2026-02-01T10:06:50
FUT-L-01,long,H,306.848,335.471,1900.0,90.0,13.063,2026-02-01T10:07:00
FUT-L-01,long,H,306.919,336.251,1900.0,90.0,13.135,2026-02-01T10:07:10
FUT-L-01,long,H,307.319,336.78,1900.0,90.0,13.202,2026-02-01T10:07:20
FUT-L-01,long,H,307.662,337.468,1900.0,90.0,13.279,2026-02-01T10:07:30
FUT-L-01,long,H,307.962,338.028,1900.0,90.0,13.359,2026-02-01T10:07:40
FUT-L-01,long,H,308.218,338.394,1900.0,90.0,13.419,2026-02-01T10:07:50
FUT-L-01,long,H,308.424,339.004,1900.0,90.0,13.503,2026-02-01T10:08:00
FUT-L-01,long,H,308.691,339.665,1900.0,90.0,13.567,2026-02-01T10:08:10
FUT-L-01,long,H,308.96,340.0,1900.0,90.0,13.609,2026-02-01T10:08:20
FUT-L-01,long,H,309.128,340.0,1900.0,90.0,13.638,2026-02-01T10:08:30
FUT-L-01,long,H,309.383,340.0,1900.0,90.0,13.71,2026-02-01T10:08:40
FUT-L-01,long,H,309.754,340.0,1900.0,90.0,13.761,2026-02-01T10:08:50
FUT-L-01,long,H,310.03,340.0,1900.0,90.0,13.827,2026-02-01T10:09:00
FUT-L-01,long,H,310.222,340.0,1900.0,90.0,13.891,2026-02-01T10:09:10
FUT-L-01,long,H,310.353,340.0,1900.0,90.0,13.931,2026-02-01T10:09:20
FUT-L-01,long,H,310.612,340.0,1900.0,90.0,14.017,2026-02-01T10:09:30
FUT-L-01,long,H,310.948,340.0,1900.0,90.0,14.072,2026-02-01T10:09:40
FUT-L-01,long,H,311.317,340.0,1900.0,90.0,14.136,2026-02-01T10:09:50
FUT-L-01,long,H,311.377,340.0,1900.0,90.0,14.216,2026-02-01T10:10:00
FUT-L-01,long,H,311.782,340.0,1900.0,90.0,14.268,2026-02-01T10:10:10
FUT-L-01,long,H,311.971,340.0,1900.0,90.0,14.324,2026-02-01T10:10:20
FUT-L-01,long,H,312.27,340.0,1900.0,90.0,14.379,2026-02-01T10:10:30
FUT-L-01,long,H,312.601,340.0,1900.0,90.0,14.451,2026-02-01T10:10:40
FUT-L-01,long,H,313.004,340.0,1900.0,90.0,14.516,2026-02-01T10:10:50
FUT-L-01,long,H,313.056,340.0,1900.0,90.0,14.591,2026-02-01T10:11:00
FUT-L-01,long,H,313.114,340.0,1900.0,90.0,14.666,2026-02-01T10:11:10
FUT-L-01,long,H,313.23,340.0,1900.0,90.0,14.729,2026-02-01T10:11:20
FUT-L-01,long,H,313.286,340.0,1900.0,90.0,14.814,2026-02-01T10:11:30
FUT-L-01,long,H,313.489,340.0,1900.0,90.0,14.866,2026-02-01T10:11:40
FUT-L-01,long,H,313.847,340.0,1900.0,90.0,14.877,2026-02-01T10:11:50
FUT-L-01,long,H,313.959,340.0,1900.0,90.0,14.938,2026-02-01T10:12:00
FUT-L-01,long,H,314.191,340.0,1900.0,90.0,15.024,2026-02-01T10:12:10
FUT-L-01,long,H,314.432,340.0,1900.0,90.0,15.059,2026-02-01T10:12:20
FUT-L-01,long,H,314.623,340.0,1900.0,90.0,15.127,2026-02-01T10:12:30
FUT-L-01,long,H,314.791,340.0,1900.0,90.0,15.213,2026-02-01T10:12:40
FUT-L-01,long,H,314.869,340.0,1900.0,90.0,15.257,2026-02-01T10:12:50
FUT-L-01,long,H,315.019,340.0,1900.0,90.0,15.331,2026-02-01T10:13:00
FUT-L-01,long,H,315.325,340.0,1900.0,90.0,15.368,2026-02-01T10:13:10
FUT-L-01,long,H,315.372,340.0,1900.0,90.0,15.433,2026-02-01T10:13:20
FUT-L-01,long,H,315.407,340.0,1900.0,90.0,15.501,2026-02-01T10:13:30
FUT-L-01,long,H,315.435,340.0,1900.0,90.0,15.577,2026-02-01T10:13:40
FUT-L-01,long,H,315.642,340.0,1900.0,90.0,15.654,2026-02-01T10:13:50
FUT-L-01,long,H,315.725,340.0,1900.0,90.0,15.696,2026-02-01T10:14:00
FUT-L-01,long,H,315.837,340.0,1900.0,90.0,15.781,2026-02-01T10:14:10
FUT-L-01,long,H,315.864,340.0,1900.0,90.0,15.846,2026-02-01T10:14:20
FUT-L-01,long,H,315.96,340.0,1900.0,90.0,15.943,2026-02-01T10:14:30
FUT-L-01,long,H,316.017,340.0,1900.0,90.0,15.984,2026-02-01T10:14:40
FUT-L-01,long,H,316.018,340.0,1900.0,90.0,16.018,2026-02-01T10:14:50
FUT-L-01,long,H,316.121,340.0,1900.0,90.0,16.083,2026-02-01T10:15:00
FUT-L-01,long,H,316.238,340.0,1900.0,90.0,16.16,2026-02-01T10:15:10
FUT-L-01,long,H,316.347,340.0,1900.0,90.0,16.199,2026-02-01T10:15:20
FUT-L-01,long,H,316.404,340.0,1900.0,90.0,16.306,2026-02-01T10:15:30
FUT-L-01,long,H,316.399,340.0,1900.0,90.0,16.356,2026-02-01T10:15:40
FUT-L-01,long,H,316.545,340.0,1900.0,90.0,16.46,2026-02-01T10:15:50
FUT-L-01,long,H,316.618,340.0,1900.0,90.0,16.564,2026-02-01T10:16:00
FUT-L-01,long,H,316.74,340.0,1900.0,90.0,16.635,2026-02-01T10:16:10
FUT-L-01,long,H,316.822,340.0,1900.0,90.0,16.714,2026-02-01T10:16:20
FUT-L-01,long,H,316.946,340.0,1893.981,90.0,16.766,2026-02-01T10:16:30
FUT-L-01,long,H,317.31,340.0,1879.487,90.0,16.848,2026-02-01T10:16:40
FUT-L-01,long,H,317.583,340.0,1858.087,90.0,16.929,2026-02-01T10:16:50
FUT-L-01,long,H,317.684,340.0,1838.294,90.0,16.978,2026-02-01T10:17:00
FUT-L-01,long,H,317.618,340.0,1825.691,90.0,17.045,2026-02-01T10:17:10
FUT-L-01,long,H,317.601,340.0,1822.441,90.0,17.138,2026-02-01T10:17:20
FUT-L-01,long,H,317.672,340.0,1811.818,90.0,17.229,2026-02-01T10:17:30
FUT-L-01,long,H,317.772,340.0,1802.752,90.0,17.303,2026-02-01T10:17:40
FUT-L-01,long,H,317.771,340.0,1794.461,90.0,17.382,2026-02-01T10:17:50
FUT-L-01,long,H,317.715,340.0,1792.032,90.0,17.443,2026-02-01T10:18:00
FUT-L-01,long,H,317.484,340.0,1789.994,90.0,17.521,2026-02-01T10:18:10
FUT-L-01,long,H,317.53,340.0,1778.553,90.0,17.575,2026-02-01T10:18:20
FUT-L-01,long,H,317.506,340.0,1762.516,90.0,17.67,2026-02-01T10:18:30
FUT-L-01,long,H,317.437,340.0,1737.152,90.0,17.7,2026-02-01T10:18:40
FUT-L-01,long,H,317.339,340.0,1726.836,90.0,17.791,2026-02-01T10:18:50
FUT-L-01,long,H,317.338,340.0,1720.136,90.0,17.86,2026-02-01T10:19:00
FUT-L-01,long,H,317.321,340.0,1700.048,90.0,17.956,2026-02-01T10:19:10
FUT-L-01,long,H,317.179,340.0,1701.343,90.0,17.996,2026-02-01T10:19:20
FUT-L-01,long,H,317.063,340.0,1678.239,90.0,18.034,2026-02-01T10:19:30
FUT-L-01,long,H,317.04,340.0,1668.958,90.0,18.106,2026-02-01T10:19:40
FUT-L-01,long,H,317.001,340.0,1664.868,90.0,18.196,2026-02-01T10:19:50
FUT-L-01,long,H,316.964,340.0,1677.142,90.0,18.272,2026-02-01T10:20:00
FUT-L-01,long,H,316.881,340.0,1667.492,90.0,18.332,2026-02-01T10:20:10
FUT-L-01,long,H,316.778,340.0,1663.395,90.0,18.431,2026-02-01T10:20:20
FUT-L-01,long,H,316.749,340.0,1659.215,90.0,18.486,2026-02-01T10:20:30
FUT-L-01,long,H,316.742,340.0,1636.552,90.0,18.531,2026-02-01T10:20:40
FUT-L-01,long,H,316.557,340.0,1628.711,90.0,18.589,2026-02-01T10:20:50
FUT-L-01,long,H,316.443,340.0,1608.22,90.0,18.655,2026-02-01T10:21:00
FUT-L-01,long,H,316.22,340.0,1585.711,90.0,18.781,2026-02-01T10:21:10
FUT-L-01,long,H,316.04,340.0,1701.88,90.0,18.831,2026-02-01T10:21:20
FUT-L-01,long,H,315.778,340.0,1696.965,90.0,18.903,2026-02-01T10:21:30
FUT-L-01,long,H,315.653,340.0,1685.609,90.0,18.963,2026-02-01T10:21:40
FUT-L-01,long,H,315.265,340.0,1695.545,90.0,19.038,2026-02-01T10:21:50
FUT-L-01,long,H,315.06,340.0,1694.03,90.0,19.098,2026-02-01T10:22:00
FUT-L-01,long,H,314.682,340.0,1697.105,90.0,19.16,2026-02-01T10:22:10
FUT-L-01,long,H,314.492,340.0,1682.129,90.0,19.225,2026-02-01T10:22:20
FUT-L-01,long,H,314.265,340.0,1681.106,90.0,19.281,2026-02-01T10:22:30
FUT-L-01,long,H,313.994,340.0,1692.174,90.0,19.348,2026-02-01T10:22:40
FUT-L-01,long,H,313.881,340.0,1692.514,90.0,19.428,2026-02-01T10:22:50
FUT-L-01,long,H,313.67,340.0,1691.266,90.0,19.477,2026-02-01T10:23:00
FUT-L-01,long,H,313.461,340.0,1699.633,90.0,19.557,2026-02-01T10:23:10
FUT-L-01,long,H,313.207,340.0,1691.499,90.0,19.626,2026-02-01T10:23:20
FUT-L-01,long,H,312.887,339.791,1683.268,90.0,19.715,2026-02-01T10:23:30
FUT-L-01,long,H,312.75,339.352,1691.535,90.0,19.787,2026-02-01T10:23:40
FUT-L-01,long,H,312.435,338.62,1710.245,90.0,19.825,2026-02-01T10:23:50
FUT-L-01,long,H,312.195,338.107,1725.396,90.0,19.88,2026-02-01T10:24:00
FUT-L-01,long,H,311.857,337.576,1734.01,90.0,19.964,2026-02-01T10:24:10
FUT-L-01,long,H,311.766,337.035,1731.479,90.0,19.999,2026-02-01T10:24:20
FUT-L-01,long,H,311.524,336.514,1729.71,90.0,20.076,2026-02-01T10:24:30
FUT-L-01,long,H,311.46,336.155,1746.393,90.0,20.153,2026-02-01T10:24:40
FUT-L-01,long,H,311.164,335.667,1746.32,90.0,20.199,2026-02-01T10:24:50
FUT-L-01,long,H,310.886,335.338,1758.54,90.0,20.248,2026-02-01T10:25:00
FUT-L-01,long,H,310.695,334.96,1755.998,90.0,20.317,2026-02-01T10:25:10
FUT-L-01,long,H,310.325,334.656,1758.596,90.0,20.383,2026-02-01T10:25:20
FUT-L-01,long,H,310.33,334.176,1768.791,90.0,20.479,2026-02-01T10:25:30
FUT-L-01,long,H,310.207,333.739,1764.932,90.0,20.537,2026-02-01T10:25:40
FUT-L-01,long,H,309.966,333.449,1772.518,90.0,20.622,2026-02-01T10:25:50
FUT-L-01,long,H,309.63,332.99,1775.75,90.0,20.684,2026-02-01T10:26:00
FUT-L-01,long,H,309.367,332.487,1783.276,90.0,20.769,2026-02-01T10:26:10
FUT-L-01,long,H,309.111,331.859,1788.59,90.0,20.861,2026-02-01T10:26:20
FUT-L-01,long,H,308.86,331.53,1786.697,90.0,20.955,2026-02-01T10:26:30
FUT-L-01,long,H,308.475,330.987,1798.941,90.0,21.014,2026-02-01T10:26:40
FUT-L-01,long,H,308.415,330.496,1813.611,90.0,21.092,2026-02-01T10:26:50
FUT-L-01,long,H,308.192,330.17,1823.217,90.0,21.138,2026-02-01T10:27:00
FUT-L-01,long,H,308.047,329.739,1817.878,90.0,21.197,2026-02-01T10:27:10
FUT-L-01,long,H,307.943,329.824,1828.829,90.0,21.267,2026-02-01T10:27:20
FUT-L-01,long,H,307.772,329.596,1828.626,90.0,21.32,2026-02-01T10:27:30
FUT-L-01,long,H,307.52,329.144,1836.233,90.0,21.37,2026-02-01T10:27:40
FUT-L-01,long,H,307.513,329.034,1855.678,90.0,21.472,2026-02-01T10:27:50
FUT-L-01,long,H,307.231,328.845,1866.982,90.0,21.524,2026-02-01T10:28:00
FUT-L-01,long,H,307.11,328.395,1872.818,90.0,21.608,2026-02-01T10:28:10
FUT-L-01,long,H,306.95,328.411,1875.926,90.0,21.701,2026-02-01T10:28:20
FUT-L-01,long,H,306.71,328.129,1883.23,90.0,21.762,2026-02-01T10:28:30
FUT-L-01,long,H,306.554,327.773,1888.221,90.0,21.824,2026-02-01T10:28:40
FUT-L-01,long,H,306.612,327.7,1896.282,90.0,21.908,2026-02-01T10:28:50
FUT-L-01,long,H,306.434,327.538,1897.556,90.0,21.971,2026-02-01T10:29:00
FUT-L-01,long,H,306.326,327.208,1900.0,90.0,22.05,2026-02-01T10:29:10
FUT-L-01,long,H,306.374,326.956,1900.0,90.0,22.11,2026-02-01T10:29:20
FUT-L-01,long,H,306.21,326.748,1900.0,90.0,22.178,2026-02-01T10:29:30
FUT-L-01,long,H,306.145,326.509,1900.0,90.0,22.228,2026-02-01T10:29:40
FUT-L-01,long,H,305.943,326.47,1900.0,90.0,22.316,2026-02-01T10:29:50
FUT-L-01,long,H,305.71,326.558,1900.0,90.0,22.384,2026-02-01T10:30:00
FUT-L-01,long,H,305.688,326.577,1900.0,90.0,22.448,2026-02-01T10:30:10
FUT-L-01,long,H,305.681,326.484,1900.0,90.0,22.523,2026-02-01T10:30:20
FUT-L-01,long,H,305.569,326.254,1900.0,90.0,22.587,2026-02-01T10:30:30
FUT-L-01,long,H,305.528,326.248,1900.0,90.0,22.669,2026-02-01T10:30:40
FUT-L-01,long,H,305.463,326.149,1900.0,90.0,22.681,2026-02-01T10:30:50
FUT-L-01,long,H,305.652,326.192,1900.0,90.0,22.769,2026-02-01T10:31:00
FUT-L-01,long,H,305.642,326.247,1900.0,90.0,22.863,2026-02-01T10:31:10
FUT-L-01,long,H,305.549,326.361,1900.0,90.0,22.931,2026-02-01T10:31:20
FUT-L-01,long,H,305.548,326.478,1900.0,90.0,23.0,2026-02-01T10:31:30
FUT-L-01,long,H,305.681,326.386,1900.0,90.0,23.102,2026-02-01T10:31:40
FUT-L-01,long,H,305.718,326.425,1900.0,90.0,23.141,2026-02-01T10:31:50
FUT-L-01,long,H,305.685,326.239,1900.0,90.0,23.193,2026-02-01T10:32:00
FUT-L-01,long,H,305.819,326.27,1900.0,90.0,23.261,2026-02-01T10:32:10
FUT-L-01,long,H,305.792,326.635,1900.0,90.0,23.341,2026-02-01T10:32:20
FUT-L-01,long,H,305.923,326.672,1900.0,90.0,23.409,2026-02-01T10:32:30
FUT-L-01,long,H,306.179,326.921,1900.0,90.0,23.482,2026-02-01T10:32:40
FUT-L-01,long,H,306.128,327.12,1900.0,90.0,23.541,2026-02-01T10:32:50
FUT-L-01,long,H,306.084,327.388,1900.0,90.0,23.639,2026-02-01T10:33:00
FUT-L-01,long,H,306.263,327.556,1900.0,90.0,23.706,2026-02-01T10:33:10
FUT-L-01,long,H,306.549,327.668,1900.0,90.0,23.785,2026-02-01T10:33:20
FUT-L-01,long,H,306.603,327.941,1900.0,90.0,23.856,2026-02-01T10:33:30
FUT-L-01,long,H,306.749,328.229,1900.0,90.0,23.915,2026-02-01T10:33:40
FUT-L-01,long,H,306.932,328.527,1900.0,90.0,23.979,2026-02-01T10:33:50
FUT-L-01,long,H,306.939,328.759,1900.0,90.0,24.055,2026-02-01T10:34:00
FUT-L-01,long,H,307.233,329.0,1900.0,90.0,24.122,2026-02-01T10:34:10
FUT-L-01,long,H,307.495,329.129,1900.0,90.0,24.186,2026-02-01T10:34:20
FUT-L-01,long,H,307.777,329.527,1900.0,90.0,24.281,2026-02-01T10:34:30
FUT-L-01,long,H,308.037,329.874,1900.0,90.0,24.342,2026-02-01T10:34:40
FUT-L-01,long,H,308.156,329.92,1900.0,90.0,24.404,2026-02-01T10:34:50
FUT-L-01,long,H,308.47,330.261,1900.0,90.0,24.48,2026-02-01T10:35:00
FUT-L-01,long,H,308.63,332.035,1900.0,90.0,24.556,2026-02-01T10:35:10
FUT-L-01,long,H,308.912,332.35,1900.0,90.0,24.599,2026-02-01T10:35:20
FUT-L-01,long,H,309.32,332.869,1900.0,90.0,24.678,2026-02-01T10:35:30
FUT-L-01,long,H,309.639,333.001,1900.0,90.0,24.745,2026-02-01T10:35:40
FUT-L-01,long,H,309.978,333.393,1900.0,90.0,24.832,2026-02-01T10:35:50
FUT-L-01,long,H,310.322,333.647,1900.0,90.0,24.88,2026-02-01T10:36:00
FUT-L-01,long,H,310.784,334.13,1900.0,90.0,24.937,2026-02-01T10:36:10
FUT-L-01,long,H,311.019,334.497,1900.0,90.0,25.014,2026-02-01T10:36:20
FUT-L-01,long,H,311.358,334.991,1900.0,90.0,25.063,2026-02-01T10:36:30
FUT-L-01,long,H,311.764,336.899,1900.0,90.0,25.115,2026-02-01T10:36:40
FUT-L-01,long,H,312.157,337.248,1900.0,90.0,25.203,2026-02-01T10:36:50
FUT-L-01,long,H,312.336,337.519,1900.0,90.0,25.274,2026-02-01T10:37:00
FUT-L-01,long,H,312.756,338.028,1900.0,90.0,25.379,2026-02-01T10:37:10
FUT-L-01,long,H,313.169,338.446,1900.0,90.0,25.482,2026-02-01T10:37:20
FUT-L-01,long,H,313.539,338.849,1900.0,90.0,25.569,2026-02-01T10:37:30
FUT-L-01,long,H,313.926,339.386,1900.0,90.0,25.638,2026-02-01T10:37:40
FUT-L-01,long,H,314.455,340.0,1900.0,90.0,25.723,2026-02-01T10:37:50
FUT-L-01,long,H,315.091,340.0,1900.0,90.0,25.787,2026-02-01T10:38:00
FUT-L-01,long,H,315.581,340.0,1900.0,90.0,25.868,2026-02-01T10:38:10
FUT-L-01,long,H,316.047,340.0,1900.0,90.0,25.948,2026-02-01T10:38:20
FUT-L-01,long,H,316.516,340.0,1900.0,90.0,26.019,2026-02-01T10:38:30
FUT-L-01,long,H,316.89,340.0,1900.0,90.0,26.067,2026-02-01T10:38:40
FUT-L-01,long,H,317.343,340.0,1900.0,90.0,26.136,2026-02-01T10:38:50
FUT-L-01,long,H,317.789,340.0,1900.0,89.697,26.211,2026-02-01T10:39:00
FUT-L-01,long,H,318.204,340.0,1900.0,89.108,26.289,2026-02-01T10:39:10
FUT-L-01,long,H,318.535,340.0,1900.0,88.219,26.367,2026-02-01T10:39:20
FUT-L-01,long,H,319.051,340.0,1900.0,87.661,26.426,2026-02-01T10:39:30
FUT-L-01,long,H,319.6,340.0,1900.0,87.212,26.527,2026-02-01T10:39:40
FUT-L-01,long,H,320.0,340.0,1900.0,86.798,26.613,2026-02-01T10:39:50
FUT-L-01,long,H,320.0,340.0,1900.0,86.588,26.683,2026-02-01T10:40:00
FUT-L-01,long,H,320.0,340.0,1900.0,86.316,26.787,2026-02-01T10:40:10
FUT-L-01,long,H,320.0,340.0,1900.0,85.545,26.879,2026-02-01T10:40:20
FUT-L-01,long,H,320.0,340.0,1900.0,84.503,26.956,2026-02-01T10:40:30
FUT-L-01,long,H,320.0,340.0,1900.0,84.643,27.037,2026-02-01T10:40:40
FUT-L-01,long,H,320.0,340.0,1900.0,83.888,27.106,2026-02-01T10:40:50
FUT-L-01,long,H,320.0,340.0,1900.0,83.039,27.209,2026-02-01T10:41:00
FUT-L-01,long,H,320.0,340.0,1900.0,82.458,27.224,2026-02-01T10:41:10
FUT-L-01,long,H,320.0,340.0,1900.0,81.94,27.29,2026-02-01T10:41:20
FUT-L-01,long,H,320.0,340.0,1900.0,81.453,27.365,2026-02-01T10:41:30
FUT-L-01,long,H,320.0,340.0,1900.0,81.323,27.435,2026-02-01T10:41:40
FUT-L-01,long,H,320.0,340.0,1900.0,80.485,27.468,2026-02-01T10:41:50
FUT-L-01,long,H,320.0,340.0,1900.0,79.513,27.519,2026-02-01T10:42:00
FUT-L-01,long,H,320.0,340.0,1900.0,79.274,27.614,2026-02-01T10:42:10
FUT-L-01,long,H,320.0,340.0,1900.0,79.31,27.684,2026-02-01T10:42:20
FUT-L-01,long,H,320.0,340.0,1900.0,79.146,27.766,2026-02-01T10:42:30
FUT-L-01,long,H,320.0,340.0,1900.0,78.277,27.853,2026-02-01T10:42:40
FUT-L-01,long,H,320.0,340.0,1900.0,77.682,27.936,2026-02-01T10:42:50
FUT-L-01,long,H,320.0,340.0,1900.0,77.372,28.042,2026-02-01T10:43:00
FUT-L-01,long,H,320.0,340.0,1900.0,77.138,28.115,2026-02-01T10:43:10
FUT-L-01,long,H,320.0,340.0,1900.0,77.695,28.181,2026-02-01T10:43:20
FUT-L-01,long,H,320.0,340.0,1900.0,77.555,28.266,2026-02-01T10:43:30
FUT-L-01,long,H,320.0,340.0,1900.0,77.417,28.342,2026-02-01T10:43:40
FUT-L-01,long,H,320.0,340.0,1900.0,77.538,28.41,2026-02-01T10:43:50
FUT-L-01,long,H,320.0,340.0,1900.0,77.629,28.465,2026-02-01T10:44:00
FUT-L-01,long,H,320.0,340.0,1900.0,77.474,28.558,2026-02-01T10:44:10
FUT-L-01,long,H,320.0,340.0,1900.0,77.45,28.602,2026-02-01T10:44:20
FUT-L-01,long,H,320.0,340.0,1900.0,76.937,28.683,2026-02-01T10:44:30
FUT-L-01,long,H,320.0,340.0,1900.0,76.844,28.773,2026-02-01T10:44:40
FUT-L-01,long,H,320.0,340.0,1900.0,76.82,28.842,2026-02-01T10:44:50
FUT-L-01,long,H,320.0,340.0,1900.0,76.867,28.895,2026-02-01T10:45:00
FUT-L-01,long,H,320.0,340.0,1900.0,76.629,28.977,2026-02-01T10:45:10
FUT-L-01,long,H,320.0,340.0,1900.0,76.171,29.027,2026-02-01T10:45:20
FUT-L-01,long,H,320.0,340.0,1900.0,76.267,29.085,2026-02-01T10:45:30
FUT-L-01,long,H,320.0,340.0,1900.0,75.677,29.117,2026-02-01T10:45:40
FUT-L-01,long,H,320.0,340.0,1900.0,75.47,29.181,2026-02-01T10:45:50
FUT-L-01,long,H,320.0,340.0,1900.0,75.385,29.215,2026-02-01T10:46:00
FUT-L-01,long,H,320.0,340.0,1900.0,78.56,29.283,2026-02-01T10:46:10
FUT-L-01,long,H,320.0,340.0,1900.0,78.488,29.322,2026-02-01T10:46:20
FUT-L-01,long,H,320.0,340.0,1900.0,78.782,29.419,2026-02-01T10:46:30
FUT-L-01,long,H,320.0,340.0,1900.0,79.242,29.489,2026-02-01T10:46:40
FUT-L-01,long,H,320.0,340.0,1900.0,79.027,29.573,2026-02-01T10:46:50
FUT-L-01,long,H,320.0,340.0,1900.0,79.044,29.634,2026-02-01T10:47:00
FUT-L-01,long,H,320.0,340.0,1900.0,79.17,29.708,2026-02-01T10:47:10
FUT-L-01,long,H,320.0,340.0,1900.0,79.269,29.785,2026-02-01T10:47:20
FUT-L-01,long,H,320.0,340.0,1900.0,79.236,29.851,2026-02-01T10:47:30
FUT-L-01,long,H,320.0,340.0,1900.0,79.561,29.948,2026-02-01T10:47:40
FUT-L-01,long,H,320.0,340.0,1900.0,79.917,30.024,2026-02-01T10:47:50
FUT-L-01,long,H,320.0,340.0,1900.0,80.194,30.158,2026-02-01T10:48:00
FUT-L-01,long,H,320.0,340.0,1900.0,80.784,30.234,2026-02-01T10:48:10
FUT-L-01,long,H,320.0,340.0,1900.0,80.669,30.302,2026-02-01T10:48:20
FUT-L-01,long,H,320.0,340.0,1900.0,80.85,30.353,2026-02-01T10:48:30
FUT-L-01,long,H,320.0,340.0,1900.0,81.211,30.415,2026-02-01T10:48:40
FUT-L-01,long,H,320.0,340.0,1900.0,81.75,30.479,2026-02-01T10:48:50
FUT-L-01,long,H,320.0,340.0,1900.0,81.77,30.537,2026-02-01T10:49:00
FUT-L-01,long,H,320.0,340.0,1900.0,81.924,30.602,2026-02-01T10:49:10
FUT-L-01,long,H,320.0,340.0,1900.0,82.422,30.641,2026-02-01T10:49:20
FUT-L-01,long,H,320.0,340.0,1900.0,82.706,30.696,2026-02-01T10:49:30
FUT-L-01,long,H,320.0,340.0,1900.0,82.593,30.744,2026-02-01T10:49:40
FUT-L-01,long,H,320.0,340.0,1900.0,83.19,30.786,2026-02-01T10:49:50
FUT-L-01,long,H,320.0,340.0,1900.0,82.839,30.862,2026-02-01T10:50:00
FUT-L-01,long,H,320.0,340.0,1900.0,83.458,30.937,2026-02-01T10:50:10
FUT-L-01,long,H,320.0,340.0,1900.0,83.794,31.018,2026-02-01T10:50:20
FUT-L-01,long,H,320.0,340.0,1900.0,84.358,31.105,2026-02-01T10:50:30
FUT-L-01,long,H,320.0,340.0,1900.0,84.738,31.168,2026-02-01T10:50:40
FUT-L-01,long,H,320.0,340.0,1900.0,85.041,31.239,2026-02-01T10:50:50
FUT-L-01,long,H,320.0,340.0,1900.0,85.332,31.309,2026-02-01T10:51:00
FUT-L-01,long,H,320.0,340.0,1900.0,85.377,31.376,2026-02-01T10:51:10
FUT-L-01,long,H,320.0,340.0,1900.0,85.772,31.423,2026-02-01T10:51:20
FUT-L-01,long,H,320.0,340.0,1900.0,86.015,31.496,2026-02-01T10:51:30
FUT-L-01,long,H,320.0,340.0,1900.0,86.263,31.576,2026-02-01T10:51:40
FUT-L-01,long,H,320.0,340.0,1900.0,86.866,31.643,2026-02-01T10:51:50
FUT-L-01,long,H,320.0,340.0,1900.0,87.7,31.726,2026-02-01T10:52:00
FUT-L-01,long,H,320.0,340.0,1900.0,88.8,31.796,2026-02-01T10:52:10
FUT-L-01,long,H,320.0,340.0,1900.0,89.194,31.854,2026-02-01T10:52:20
FUT-L-01,long,H,320.0,340.0,1900.0,89.559,31.891,2026-02-01T10:52:30
FUT-L-01,long,H,320.0,340.0,1900.0,90.0,31.988,2026-02-01T10:52:40
FUT-L-01,long,H,320.0,340.0,1900.0,90.0,32.062,2026-02-01T10:52:50
FUT-L-01,long,H,320.0,340.0,1900.0,90.0,32.141,2026-02-01T10:53:00
FUT-L-01,long,H,320.0,340.0,1900.0,90.0,32.183,2026-02-01T10:53:10
FUT-L-01,long,H,320.0,340.0,1900.0,90.0,32.269,2026-02-01T10:53:20
FUT-L-01,long,H,320.0,340.0,1900.0,90.0,32.333,2026-02-01T10:53:30
FUT-L-01,long,H,320.0,340.0,1900.0,90.0,32.408,2026-02-01T10:53:40
FUT-L-01,long,H,320.0,340.0,1900.0,90.0,32.471,2026-02-01T10:53:50
FUT-L-01,long,H,320.0,340.0,1900.0,90.0,32.562,2026-02-01T10:54:00
FUT-L-01,long,H,320.0,340.0,1900.0,90.0,32.63,2026-02-01T10:54:10
FUT-L-01,long,H,320.0,340.0,1900.0,90.0,32.704,2026-02-01T10:54:20
FUT-L-01,long,H,320.0,340.0,1900.0,90.0,32.746,2026-02-01T10:54:30
FUT-L-01,long,H,320.0,340.0,1900.0,90.0,32.8,2026-02-01T10:54:40
FUT-L-01,long,H,320.0,340.0,1900.0,90.0,32.861,2026-02-01T10:54:50
FUT-L-01,long,H,320.0,340.0,1900.0,90.0,32.916,2026-02-01T10:55:00
FUT-L-01,long,H,320.0,340.0,1900.0,90.0,32.99,2026-02-01T10:55:10
FUT-L-01,long,H,320.0,340.0,1900.0,90.0,33.059,2026-02-01T10:55:20
FUT-L-01,long,H,320.0,340.0,1900.0,90.0,33.116,2026-02-01T10:55:30
FUT-L-01,long,H,320.0,340.0,1900.0,90.0,33.156,2026-02-01T10:55:40
FUT-L-01,long,H,320.0,340.0,1900.0,90.0,33.221,2026-02-01T10:55:50
FUT-L-01,long,H,320.0,340.0,1900.0,90.0,33.289,2026-02-01T10:56:00
FUT-L-01,long,H,320.0,340.0,1900.0,90.0,33.345,2026-02-01T10:56:10
FUT-L-01,long,H,320.0,340.0,1900.0,90.0,33.403,2026-02-01T10:56:20
FUT-L-01,long,H,320.0,340.0,1900.0,90.0,33.432,2026-02-01T10:56:30
FUT-L-01,long,H,320.0,340.0,1900.0,90.0,33.521,2026-02-01T10:56:40
FUT-L-01,long,H,320.0,340.0,1900.0,90.0,33.603,2026-02-01T10:56:50
FUT-L-01,long,H,320.0,340.0,1900.0,90.0,33.683,2026-02-01T10:57:00
FUT-L-01,long,H,320.0,340.0,1900.0,90.0,33.773,2026-02-01T10:57:10
FUT-L-01,long,H,320.0,340.0,1900.0,90.0,33.828,2026-02-01T10:57:20
FUT-L-01,long,H,320.0,340.0,1900.0,90.0,33.89,2026-02-01T10:57:30
FUT-L-01,long,H,320.0,340.0,1900.0,90.0,33.954,2026-02-01T10:57:40
FUT-L-01,long,H,320.0,340.0,1900.0,90.0,34.06,2026-02-01T10:57:50
FUT-L-01,long,H,320.0,340.0,1900.0,90.0,34.15,2026-02-01T10:58:00
FUT-L-01,long,H,320.0,340.0,1900.0,90.0,34.208,2026-02-01T10:58:10
FUT-L-01,long,H,320.0,340.0,1900.0,90.0,34.272,2026-02-01T10:58:20
FUT-L-01,long,H,320.0,340.0,1900.0,90.0,34.364,2026-02-01T10:58:30
FUT-L-01,long,H,320.0,340.0,1900.0,90.0,34.444,2026-02-01T10:58:40
FUT-L-01,long,H,320.0,340.0,1900.0,90.0,34.523,2026-02-01T10:58:50
FUT-L-01,long,H,320.0,340.0,1900.0,90.0,34.589,2026-02-01T10:59:00
FUT-L-01,long,H,320.0,340.0,1900.0,90.0,34.654,2026-02-01T10:59:10
FUT-L-01,long,H,320.0,340.0,1900.0,90.0,34.709,2026-02-01T10:59:20
FUT-L-01,long,H,320.0,340.0,1900.0,90.0,34.766,2026-02-01T10:59:30
FUT-L-01,long,H,320.0,339.899,1900.0,90.0,34.844,2026-02-01T10:59:40
FUT-L-01,long,H,320.0,339.629,1900.0,90.0,34.929,2026-02-01T10:59:50
FUT-L-01,long,H,320.0,339.23,1900.0,90.0,34.992,2026-02-01T11:00:00
FUT-L-01,long,H,320.0,338.873,1900.0,90.0,35.04,2026-02-01T11:00:10
FUT-L-01,long,H,320.0,338.533,1900.0,90.0,35.114,2026-02-01T11:00:20
FUT-L-01,long,H,320.0,337.969,1900.0,90.0,35.176,2026-02-01T11:00:30
FUT-L-01,long,H,320.0,337.689,1900.0,90.0,35.199,2026-02-01T11:00:40
FUT-L-01,long,H,320.0,337.496,1900.0,90.0,35.294,2026-02-01T11:00:50
FUT-L-01,long,H,320.0,337.202,1900.0,90.0,35.373,2026-02-01T11:01:00
FUT-L-01,long,H,319.372,336.993,1900.0,90.0,35.458,2026-02-01T11:01:10
FUT-L-01,long,H,318.979,336.66,1900.0,90.0,35.535,2026-02-01T11:01:20
FUT-L-01,long,H,318.331,336.444,1900.0,90.0,35.621,2026-02-01T11:01:30
FUT-L-01,long,H,317.954,336.14,1900.0,90.0,35.715,2026-02-01T11:01:40
FUT-L-01,long,H,317.513,335.722,1900.0,90.0,35.757,2026-02-01T11:01:50
FUT-L-01,long,H,317.084,335.428,1900.0,90.0,35.83,2026-02-01T11:02:00
FUT-L-01,long,H,316.878,335.333,1900.0,90.0,35.904,2026-02-01T11:02:10
FUT-L-01,long,H,316.484,334.943,1900.0,90.0,35.98,2026-02-01T11:02:20
FUT-L-01,long,H,316.258,334.739,1900.0,90.0,36.037,2026-02-01T11:02:30
FUT-L-01,long,H,315.838,334.464,1900.0,90.0,36.11,2026-02-01T11:02:40
FUT-L-01,long,H,315.229,334.376,1900.0,90.0,36.181,2026-02-01T11:02:50
FUT-L-01,long,H,314.77,334.207,1900.0,90.0,36.273,2026-02-01T11:03:00
FUT-L-01,long,H,314.357,334.132,1900.0,90.0,36.36,2026-02-01T11:03:10
FUT-L-01,long,H,314.054,333.948,1900.0,90.0,36.416,2026-02-01T11:03:20
FUT-L-01,long,H,313.8,333.982,1900.0,90.0,36.45,2026-02-01T11:03:30
FUT-L-01,long,H,313.491,333.976,1900.0,90.0,36.534,2026-02-01T11:03:40
FUT-L-01,long,H,313.096,333.893,1900.0,90.0,36.603,2026-02-01T11:03:50
FUT-L-01,long,H,312.769,333.828,1900.0,90.0,36.686,2026-02-01T11:04:00
FUT-L-01,long,H,312.452,333.889,1900.0,90.0,36.74,2026-02-01T11:04:10
FUT-L-01,long,H,312.063,333.708,1900.0,90.0,36.812,2026-02-01T11:04:20
FUT-L-01,long,H,311.865,333.751,1900.0,90.0,36.897,2026-02-01T11:04:30
FUT-L-01,long,H,311.75,333.672,1900.0,90.0,36.956,2026-02-01T11:04:40
FUT-L-01,long,H,311.385,333.73,1900.0,90.0,37.026,2026-02-01T11:04:50
FUT-L-01,long,H,311.14,333.775,1900.0,90.0,37.078,2026-02-01T11:05:00
FUT-L-01,long,H,311.065,333.64,1900.0,90.0,37.156,2026-02-01T11:05:10
FUT-L-01,long,H,310.773,333.709,1900.0,90.0,37.185,2026-02-01T11:05:20
FUT-L-01,long,H,310.385,333.823,1900.0,90.0,37.248,2026-02-01T11:05:30
FUT-L-01,long,H,310.249,334.007,1900.0,90.0,37.305,2026-02-01T11:05:40
FUT-L-01,long,H,310.113,334.257,1900.0,90.0,37.392,2026-02-01T11:05:50
FUT-L-01,long,H,309.803,334.205,1900.0,90.0,37.441,2026-02-01T11:06:00
FUT-L-01,long,H,309.448,334.035,1900.0,90.0,37.542,2026-02-01T11:06:10
FUT-L-01,long,H,309.379,334.296,1900.0,90.0,37.615,2026-02-01T11:06:20
FUT-L-01,long,H,309.234,334.523,1900.0,90.0,37.692,2026-02-01T11:06:30
FUT-L-01,long,H,308.936,334.585,1900.0,90.0,37.743,2026-02-01T11:06:40
FUT-L-01,long,H,308.766,334.885,1900.0,90.0,37.816,2026-02-01T11:06:50
FUT-L-01,long,H,308.617,335.248,1900.0,90.0,37.875,2026-02-01T11:07:00
FUT-L-01,long,H,308.543,335.509,1900.0,90.0,37.967,2026-02-01T11:07:10
FUT-L-01,long,H,308.338,335.784,1900.0,90.0,38.054,2026-02-01T11:07:20
FUT-L-01,long,H,308.087,336.06,1900.0,90.0,38.095,2026-02-01T11:07:30
FUT-L-01,long,H,307.994,336.176,1900.0,90.0,38.18,2026-02-01T11:07:40
FUT-L-01,long,H,307.956,336.285,1900.0,90.0,38.243,2026-02-01T11:07:50
FUT-L-01,long,H,307.85,336.6,1900.0,90.0,38.295,2026-02-01T11:08:00
FUT-L-01,long,H,307.778,336.701,1900.0,90.0,38.354,2026-02-01T11:08:10
FUT-L-01,long,H,307.698,336.955,1900.0,90.0,38.425,2026-02-01T11:08:20
FUT-L-01,long,H,307.89,337.14,1900.0,90.0,38.471,2026-02-01T11:08:30
FUT-L-01,long,H,307.979,337.405,1900.0,90.0,38.528,2026-02-01T11:08:40
FUT-L-01,long,H,307.821,337.929,1900.0,90.0,38.617,2026-02-01T11:08:50
FUT-L-01,long,H,307.691,338.435,1900.0,90.0,38.698,2026-02-01T11:09:00
FUT-L-01,long,H,307.578,338.764,1900.0,90.0,38.773,2026-02-01T11:09:10
FUT-L-01,long,H,307.588,338.929,1900.0,90.0,38.837,2026-02-01T11:09:20
FUT-L-01,long,H,307.608,339.172,1900.0,90.0,38.913,2026-02-01T11:09:30
FUT-L-01,long,H,307.583,339.703,1900.0,90.0,38.964,2026-02-01T11:09:40
FUT-L-01,long,H,307.604,339.937,1900.0,90.0,39.044,2026-02-01T11:09:50
FUT-L-01,long,H,307.678,340.0,1900.0,90.0,39.136,2026-02-01T11:10:00
FUT-L-01,long,H,307.657,340.0,1900.0,90.0,39.21,2026-02-01T11:10:10
FUT-L-01,long,H,307.832,340.0,1900.0,90.0,39.298,2026-02-01T11:10:20
FUT-L-01,long,H,308.039,340.0,1900.0,90.0,39.371,2026-02-01T11:10:30
FUT-L-01,long,H,308.231,340.0,1900.0,90.0,39.451,2026-02-01T11:10:40
FUT-L-01,long,H,308.584,340.0,1900.0,90.0,39.521,2026-02-01T11:10:50
FUT-L-01,long,H,308.727,340.0,1900.0,90.0,39.606,2026-02-01T11:11:00
FUT-L-01,long,H,308.876,340.0,1900.0,90.0,39.672,2026-02-01T11:11:10
FUT-L-01,long,H,309.28,340.0,1900.0,90.0,39.754,2026-02-01T11:11:20
FUT-L-01,long,H,309.504,340.0,1900.0,90.0,39.851,2026-02-01T11:11:30
FUT-L-01,long,H,309.732,340.0,1900.0,90.0,39.923,2026-02-01T11:11:40
FUT-L-01,long,H,309.857,340.0,1900.0,90.0,40.008,2026-02-01T11:11:50
FUT-L-01,long,H,309.905,340.0,1900.0,90.0,40.087,2026-02-01T11:12:00
FUT-L-01,long,H,310.089,340.0,1900.0,90.0,40.183,2026-02-01T11:12:10
FUT-L-01,long,H,310.185,340.0,1900.0,90.0,40.249,2026-02-01T11:12:20
FUT-L-01,long,H,310.386,340.0,1900.0,90.0,40.326,2026-02-01T11:12:30
FUT-L-01,long,H,310.534,340.0,1900.0,90.0,40.384,2026-02-01T11:12:40
FUT-L-01,long,H,310.62,340.0,1900.0,90.0,40.463,2026-02-01T11:12:50
FUT-L-01,long,H,310.69,340.0,1900.0,90.0,40.551,2026-02-01T11:13:00
FUT-L-01,long,H,311.043,340.0,1900.0,90.0,40.589,2026-02-01T11:13:10
FUT-L-01,long,H,311.198,340.0,1900.0,90.0,40.646,2026-02-01T11:13:20
FUT-L-01,long,H,311.438,340.0,1900.0,90.0,40.731,2026-02-01T11:13:30
FUT-L-01,long,H,311.671,340.0,1900.0,90.0,40.826,2026-02-01T11:13:40
FUT-L-01,long,H,311.943,340.0,1900.0,90.0,40.92,2026-02-01T11:13:50
FUT-L-01,long,H,312.171,340.0,1900.0,90.0,40.997,2026-02-01T11:14:00
FUT-L-01,long,H,312.423,340.0,1900.0,90.0,41.074,2026-02-01T11:14:10
FUT-L-01,long,H,312.524,340.0,1900.0,90.0,41.131,2026-02-01T11:14:20
FUT-L-01,long,H,312.889,340.0,1900.0,90.0,41.195,2026-02-01T11:14:30
FUT-L-01,long,H,313.087,340.0,1900.0,90.0,41.273,2026-02-01T11:14:40
FUT-L-01,long,H,313.195,340.0,1900.0,90.0,41.346,2026-02-01T11:14:50
FUT-L-01,long,H,313.488,340.0,1891.283,90.0,41.406,2026-02-01T11:15:00
FUT-L-01,long,H,313.809,340.0,1878.89,90.0,41.446,2026-02-01T11:15:10
FUT-L-01,long,H,313.885,340.0,1873.587,90.0,41.496,2026-02-01T11:15:20
FUT-L-01,long,H,314.149,340.0,1863.507,90.0,41.578,2026-02-01T11:15:30
FUT-L-01,long,H,314.425,340.0,1852.965,90.0,41.66,2026-02-01T11:15:40
FUT-L-01,long,H,314.629,340.0,1835.199,90.0,41.714,2026-02-01T11:15:50
FUT-L-01,long,H,314.819,340.0,1819.47,90.0,41.756,2026-02-01T11:16:00
FUT-L-01,long,H,315.117,340.0,1814.336,90.0,41.828,2026-02-01T11:16:10
FUT-L-01,long,H,315.462,340.0,1796.621,90.0,41.916,2026-02-01T11:16:20
FUT-L-01,long,H,315.69,340.0,1776.528,90.0,41.984,2026-02-01T11:16:30
FUT-L-01,long,H,315.949,340.0,1759.215,90.0,42.062,2026-02-01T11:16:40
FUT-L-01,long,H,316.217,340.0,1753.123,90.0,42.131,2026-02-01T11:16:50
FUT-L-01,long,H,316.439,340.0,1742.664,90.0,42.193,2026-02-01T11:17:00
FUT-L-01,long,H,316.624,340.0,1739.78,90.0,42.248,2026-02-01T11:17:10
FUT-L-01,long,H,316.924,340.0,1727.099,90.0,42.319,2026-02-01T11:17:20
FUT-L-01,long,H,317.239,340.0,1711.605,90.0,42.398,2026-02-01T11:17:30
FUT-L-01,long,H,317.54,340.0,1702.001,90.0,42.469,2026-02-01T11:17:40
FUT-L-01,long,H,317.771,340.0,1692.398,90.0,42.524,2026-02-01T11:17:50
FUT-L-01,long,H,318.064,340.0,1682.302,90.0,42.587,2026-02-01T11:18:00
FUT-L-01,long,H,318.321,340.0,1659.574,90.0,42.634,2026-02-01T11:18:10
FUT-L-01,long,H,318.652,340.0,1656.345,90.0,42.708,2026-02-01T11:18:20
FUT-L-01,long,H,318.877,340.0,1652.896,90.0,42.805,2026-02-01T11:18:30
FUT-L-01,long,H,319.138,340.0,1652.4,90.0,42.865,2026-02-01T11:18:40
FUT-L-01,long,H,319.318,340.0,1652.156,90.0,42.939,2026-02-01T11:18:50
FUT-L-01,long,H,319.55,340.0,1639.967,90.0,43.029,2026-02-01T11:19:00
FUT-L-01,long,H,319.743,340.0,1643.032,90.0,43.092,2026-02-01T11:19:10
FUT-L-01,long,H,320.0,340.0,1649.535,90.0,43.163,2026-02-01T11:19:20
FUT-L-01,long,H,320.0,340.0,1633.101,90.0,43.228,2026-02-01T11:19:30
FUT-L-01,long,H,320.0,340.0,1622.824,90.0,43.288,2026-02-01T11:19:40
FUT-L-01,long,H,320.0,340.0,1624.385,90.0,43.372,2026-02-01T11:19:50
FUT-L-01,long,H,320.0,340.0,1626.154,90.0,43.434,2026-02-01T11:20:00
FUT-L-01,long,H,320.0,340.0,1618.523,90.0,43.508,2026-02-01T11:20:10
FUT-L-01,long,H,320.0,340.0,1602.811,90.0,43.582,2026-02-01T11:20:20
FUT-L-01,long,H,320.0,340.0,1604.448,90.0,43.646,2026-02-01T11:20:30
FUT-L-01,long,H,320.0,340.0,1602.191,90.0,43.722,2026-02-01T11:20:40
FUT-L-01,long,H,320.0,340.0,1599.742,90.0,43.794,2026-02-01T11:20:50
FUT-L-01,long,H,320.0,340.0,1592.393,90.0,43.873,2026-02-01T11:21:00
FUT-L-01,long,H,320.0,340.0,1583.213,90.0,43.924,2026-02-01T11:21:10
FUT-L-01,long,H,320.0,340.0,1601.209,90.0,44.027,2026-02-01T11:21:20
FUT-L-01,long,H,320.0,340.0,1600.52,90.0,44.1,2026-02-01T11:21:30
FUT-L-01,long,H,320.0,340.0,1609.6,90.0,44.172,2026-02-01T11:21:40
FUT-L-01,long,H,320.0,340.0,1621.557,90.0,44.251,2026-02-01T11:21:50
FUT-L-01,long,H,320.0,340.0,1622.36,90.0,44.307,2026-02-01T11:22:00
FUT-L-01,long,H,320.0,340.0,1637.293,90.0,44.386,2026-02-01T11:22:10
FUT-L-01,long,H,320.0,340.0,1646.52,90.0,44.428,2026-02-01T11:22:20
FUT-L-01,long,H,320.0,340.0,1648.505,90.0,44.474,2026-02-01T11:22:30
FUT-L-01,long,H,320.0,340.0,1644.348,90.0,44.552,2026-02-01T11:22:40
FUT-L-01,long,H,320.0,340.0,1648.784,90.0,44.636,2026-02-01T11:22:50
FUT-L-01,long,H,320.0,340.0,1650.668,90.0,44.706,2026-02-01T11:23:00
FUT-L-01,long,H,320.0,340.0,1668.288,90.0,44.752,2026-02-01T11:23:10
FUT-L-01,long,H,320.0,340.0,1676.133,90.0,44.836,2026-02-01T11:23:20
FUT-L-01,long,H,320.0,340.0,1672.821,90.0,44.939,2026-02-01T11:23:30
FUT-L-01,long,H,320.0,340.0,1687.879,90.0,45.035,2026-02-01T11:23:40
FUT-L-01,long,H,320.0,340.0,1695.709,90.0,45.118,2026-02-01T11:23:50
FUT-L-01,long,H,320.0,340.0,1701.43,90.0,45.178,2026-02-01T11:24:00
FUT-L-01,long,H,320.0,340.0,1699.095,90.0,45.248,2026-02-01T11:24:10
FUT-L-01,long,H,320.0,340.0,1682.117,90.0,45.335,2026-02-01T11:24:20
FUT-L-01,long,H,320.0,340.0,1697.787,90.0,45.364,2026-02-01T11:24:30
FUT-L-01,long,H,320.0,340.0,1704.71,90.0,45.425,2026-02-01T11:24:40
FUT-L-01,long,H,320.0,340.0,1713.4,90.0,45.5,2026-02-01T11:24:50
FUT-L-01,long,H,320.0,340.0,1719.751,90.0,45.564,2026-02-01T11:25:00
FUT-L-01,long,H,320.0,340.0,1731.762,90.0,45.644,2026-02-01T11:25:10
FUT-L-01,long,H,320.0,340.0,1760.542,90.0,45.743,2026-02-01T11:25:20
FUT-L-01,long,H,320.0,340.0,1777.737,90.0,45.831,2026-02-01T11:25:30
FUT-L-01,long,H,320.0,340.0,1792.345,90.0,45.894,2026-02-01T11:25:40
FUT-L-01,long,H,320.0,340.0,1800.215,90.0,45.974,2026-02-01T11:25:50
FUT-L-01,long,H,320.0,340.0,1812.661,90.0,46.034,2026-02-01T11:26:00
FUT-L-01,long,H,320.0,340.0,1806.883,90.0,46.132,2026-02-01T11:26:10
FUT-L-01,long,H,320.0,340.0,1814.059,90.0,46.21,2026-02-01T11:26:20
FUT-L-01,long,H,320.0,340.0,1849.195,90.0,46.293,2026-02-01T11:26:30
FUT-L-01,long,H,320.0,340.0,1859.564,90.0,46.361,2026-02-01T11:26:40
FUT-L-01,long,H,320.0,340.0,1869.821,90.0,46.405,2026-02-01T11:26:50
FUT-L-01,long,H,320.0,340.0,1868.134,90.0,46.473,2026-02-01T11:27:00
FUT-L-01,long,H,320.0,340.0,1886.825,90.0,46.523,2026-02-01T11:27:10
FUT-L-01,long,H,320.0,340.0,1900.0,90.0,46.579,2026-02-01T11:27:20
FUT-L-01,long,H,320.0,340.0,1900.0,90.0,46.656,2026-02-01T11:27:30
FUT-L-01,long,H,320.0,340.0,1900.0,90.0,46.739,2026-02-01T11:27:40
FUT-L-01,long,H,320.0,340.0,1900.0,90.0,46.828,2026-02-01T11:27:50
FUT-L-01,long,H,320.0,340.0,1900.0,90.0,46.912,2026-02-01T11:28:00
FUT-L-01,long,H,319.977,340.0,1900.0,90.0,46.98,2026-02-01T11:28:10
FUT-L-01,long,H,319.781,340.0,1900.0,90.0,46.98,2026-02-01T11:28:20
FUT-L-01,long,H,319.526,340.0,1900.0,90.0,47.013,2026-02-01T11:28:30
FUT-L-01,long,H,319.512,340.0,1900.0,90.0,47.066,2026-02-01T11:28:40
FUT-L-01,long,H,319.307,340.0,1900.0,90.0,47.143,2026-02-01T11:28:50
FUT-L-01,long,H,319.262,340.0,1900.0,90.0,47.196,2026-02-01T11:29:00
FUT-L-01,long,H,319.043,340.0,1900.0,90.0,47.288,2026-02-01T11:29:10
FUT-L-01,long,H,318.706,340.0,1900.0,90.0,47.343,2026-02-01T11:29:20
FUT-L-01,long,H,318.542,340.0,1900.0,90.0,47.42,2026-02-01T11:29:30
FUT-L-01,long,H,318.281,340.0,1900.0,90.0,47.463,2026-02-01T11:29:40
FUT-L-01,long,H,318.088,340.0,1900.0,90.0,47.547,2026-02-01T11:29:50
FUT-L-01,long,H,317.906,340.0,1900.0,90.0,47.621,2026-02-01T11:30:00
FUT-L-01,long,H,317.693,340.0,1900.0,90.0,47.706,2026-02-01T11:30:10
FUT-L-01,long,H,317.468,340.0,1900.0,90.0,47.794,2026-02-01T11:30:20
FUT-L-01,long,H,317.39,340.0,1900.0,90.0,47.854,2026-02-01T11:30:30
FUT-L-01,long,H,317.152,340.0,1900.0,90.0,47.93,2026-02-01T11:30:40
FUT-L-01,long,H,317.09,340.0,1900.0,90.0,48.013,2026-02-01T11:30:50
FUT-L-01,long,H,316.973,340.0,1900.0,90.0,48.081,2026-02-01T11:31:00
FUT-L-01,long,H,316.757,340.0,1900.0,90.0,48.148,2026-02-01T11:31:10
FUT-L-01,long,H,316.585,340.0,1900.0,90.0,48.221,2026-02-01T11:31:20
FUT-L-01,long,H,316.278,340.0,1900.0,90.0,48.294,2026-02-01T11:31:30
FUT-L-01,long,H,315.95,340.0,1900.0,90.0,48.356,2026-02-01T11:31:40
FUT-L-01,long,H,315.657,340.0,1900.0,90.0,48.419,2026-02-01T11:31:50
FUT-L-01,long,H,315.318,340.0,1900.0,90.0,48.506,2026-02-01T11:32:00
FUT-L-01,long,H,315.011,340.0,1900.0,90.0,48.553,2026-02-01T11:32:10
FUT-L-01,long,H,314.716,340.0,1900.0,90.0,48.611,2026-02-01T11:32:20
FUT-L-01,long,H,314.539,340.0,1900.0,90.0,48.691,2026-02-01T11:32:30
FUT-L-01,long,H,314.348,340.0,1900.0,90.0,48.767,2026-02-01T11:32:40
FUT-L-01,long,H,314.065,340.0,1900.0,90.0,48.843,2026-02-01T11:32:50
FUT-L-01,long,H,313.882,340.0,1900.0,90.0,48.926,2026-02-01T11:33:00
FUT-L-01,long,H,313.868,340.0,1900.0,90.0,49.002,2026-02-01T11:33:10
FUT-L-01,long,H,313.538,340.0,1900.0,90.0,49.098,2026-02-01T11:33:20
FUT-L-01,long,H,313.485,340.0,1900.0,90.0,49.186,2026-02-01T11:33:30
FUT-L-01,long,H,313.136,340.0,1900.0,90.0,49.263,2026-02-01T11:33:40
FUT-L-01,long,H,312.935,340.0,1900.0,90.0,49.307,2026-02-01T11:33:50
FUT-L-01,long,H,312.796,340.0,1900.0,90.0,49.375,2026-02-01T11:34:00
FUT-L-01,long,H,312.618,339.77,1900.0,90.0,49.461,2026-02-01T11:34:10
FUT-L-01,long,H,312.561,339.659,1900.0,90.0,49.506,2026-02-01T11:34:20
FUT-L-01,long,H,312.466,339.352,1900.0,90.0,49.56,2026-02-01T11:34:30
FUT-L-01,long,H,312.446,339.295,1900.0,90.0,49.624,2026-02-01T11:34:40
FUT-L-01,long,H,312.117,339.054,1900.0,90.0,49.693,2026-02-01T11:34:50
FUT-L-01,long,H,311.894,338.617,1900.0,90.0,49.789,2026-02-01T11:35:00
FUT-L-01,long,H,311.782,338.412,1900.0,90.0,49.85,2026-02-01T11:35:10
FUT-L-01,long,H,311.48,337.838,1900.0,90.0,49.944,2026-02-01T11:35:20
FUT-L-01,long,H,311.265,337.53,1900.0,90.0,49.993,2026-02-01T11:35:30
FUT-L-01,long,H,311.072,337.381,1900.0,90.0,50.054,2026-02-01T11:35:40
FUT-L-01,long,H,310.911,337.006,1900.0,90.0,50.105,2026-02-01T11:35:50
FUT-L-01,long,H,310.807,336.831,1900.0,90.0,50.173,2026-02-01T11:36:00
FUT-L-01,long,H,310.805,336.663,1900.0,90.0,50.242,2026-02-01T11:36:10
FUT-L-01,long,H,310.707,336.486,1900.0,90.0,50.336,2026-02-01T11:36:20
FUT-L-01,long,H,310.615,336.351,1900.0,90.0,50.417,2026-02-01T11:36:30
FUT-L-01,long,H,310.531,336.195,1900.0,90.0,50.503,2026-02-01T11:36:40
FUT-L-01,long,H,310.532,336.135,1900.0,90.0,50.545,2026-02-01T11:36:50
FUT-L-01,long,H,310.469,336.203,1900.0,90.0,50.624,2026-02-01T11:37:00
FUT-L-01,long,H,310.582,336.066,1900.0,90.0,50.662,2026-02-01T11:37:10
FUT-L-01,long,H,310.489,336.05,1900.0,90.0,50.742,2026-02-01T11:37:20
FUT-L-01,long,H,310.41,335.942,1900.0,90.0,50.794,2026-02-01T11:37:30
FUT-L-01,long,H,310.391,335.928,1900.0,90.0,50.839,2026-02-01T11:37:40
FUT-L-01,long,H,310.5,336.093,1900.0,90.0,50.912,2026-02-01T11:37:50
FUT-L-01,long,H,310.56,336.244,1900.0,90.0,50.989,2026-02-01T11:38:00
FUT-L-01,long,H,310.549,336.286,1900.0,90.0,51.083,2026-02-01T11:38:10
FUT-L-01,long,H,310.548,336.176,1900.0,90.0,51.128,2026-02-01T11:38:20
FUT-L-01,long,H,310.627,336.266,1900.0,90.0,51.216,2026-02-01T11:38:30
FUT-L-01,long,H,310.621,336.428,1900.0,90.0,51.315,2026-02-01T11:38:40
FUT-L-01,long,H,310.614,336.522,1900.0,90.0,51.364,2026-02-01T11:38:50
FUT-L-01,long,H,310.699,336.67,1900.0,90.0,51.427,2026-02-01T11:39:00
FUT-L-01,long,H,310.788,336.612,1900.0,90.0,51.491,2026-02-01T11:39:10
FUT-L-01,long,H,310.966,336.814,1900.0,90.0,51.566,2026-02-01T11:39:20
FUT-L-01,long,H,311.027,336.881,1900.0,90.0,51.603,2026-02-01T11:39:30
FUT-L-01,long,H,311.044,337.218,1900.0,90.0,51.632,2026-02-01T11:39:40
FUT-L-01,long,H,311.192,337.469,1900.0,90.0,51.732,2026-02-01T11:39:50
FUT-L-01,long,H,311.467,337.518,1900.0,90.0,51.792,2026-02-01T11:40:00
FUT-L-01,long,H,311.491,337.613,1900.0,90.0,51.839,2026-02-01T11:40:10
FUT-L-01,long,H,311.688,337.913,1900.0,90.0,51.877,2026-02-01T11:40:20
FUT-L-01,long,H,311.685,338.152,1900.0,90.0,51.967,2026-02-01T11:40:30
FUT-L-01,long,H,311.904,338.405,1900.0,90.0,52.065,2026-02-01T11:40:40
FUT-L-01,long,H,311.958,338.653,1900.0,90.0,52.142,2026-02-01T11:40:50
FUT-L-01,long,H,311.978,338.825,1900.0,90.0,52.229,2026-02-01T11:41:00
FUT-L-01,long,H,312.114,339.046,1900.0,90.0,52.278,2026-02-01T11:41:10
FUT-L-01,long,H,312.397,339.642,1900.0,90.0,52.317,2026-02-01T11:41:20
FUT-L-01,long,H,312.536,339.995,1900.0,90.0,52.414,2026-02-01T11:41:30
FUT-L-01,long,H,312.56,340.0,1900.0,90.0,52.492,2026-02-01T11:41:40
FUT-L-01,long,H,312.772,340.0,1900.0,90.0,52.578,2026-02-01T11:41:50
FUT-L-01,long,H,312.998,340.0,1900.0,90.0,52.634,2026-02-01T11:42:00
FUT-L-01,long,H,313.488,340.0,1900.0,90.0,52.695,2026-02-01T11:42:10
FUT-L-01,long,H,313.814,340.0,1900.0,90.0,52.776,2026-02-01T11:42:20
FUT-L-01,long,H,314.2,340.0,1900.0,90.0,52.844,2026-02-01T11:42:30
FUT-L-01,long,H,314.466,340.0,1900.0,90.0,52.928,2026-02-01T11:42:40
FUT-L-01,long,H,314.963,340.0,1900.0,90.0,52.987,2026-02-01T11:42:50
FUT-L-01,long,H,315.405,340.0,1900.0,90.0,53.064,2026-02-01T11:43:00
FUT-L-01,long,H,315.851,340.0,1900.0,90.0,53.128,2026-02-01T11:43:10
FUT-L-01,long,H,316.31,340.0,1900.0,90.0,53.187,2026-02-01T11:43:20
FUT-L-01,long,H,316.466,340.0,1900.0,90.0,53.263,2026-02-01T11:43:30
FUT-L-01,long,H,316.795,340.0,1900.0,90.0,53.309,2026-02-01T11:43:40
FUT-L-01,long,H,317.129,340.0,1900.0,90.0,53.395,2026-02-01T11:43:50
FUT-L-01,long,H,317.358,340.0,1900.0,90.0,53.485,2026-02-01T11:44:00
FUT-L-01,long,H,317.615,340.0,1900.0,90.0,53.557,2026-02-01T11:44:10
FUT-L-01,long,H,317.958,340.0,1900.0,90.0,53.609,2026-02-01T11:44:20
FUT-L-01,long,H,318.426,340.0,1900.0,90.0,53.665,2026-02-01T11:44:30
FUT-L-01,long,H,318.785,340.0,1900.0,90.0,53.76,2026-02-01T11:44:40
FUT-L-01,long,H,319.27,340.0,1900.0,90.0,53.832,2026-02-01T11:44:50
FUT-L-01,long,H,319.595,340.0,1900.0,90.0,53.928,2026-02-01T11:45:00
FUT-L-01,long,H,320.0,340.0,1900.0,90.0,53.999,2026-02-01T11:45:10
FUT-L-01,long,H,320.0,340.0,1900.0,90.0,54.036,2026-02-01T11:45:20
FUT-L-01,long,H,320.0,340.0,1900.0,90.0,54.062,2026-02-01T11:45:30
FUT-L-01,long,H,320.0,340.0,1900.0,90.0,54.123,2026-02-01T11:45:40
FUT-L-01,long,H,320.0,340.0,1900.0,90.0,54.19,2026-02-01T11:45:50
FUT-L-01,long,H,320.0,340.0,1900.0,90.0,54.257,2026-02-01T11:46:00
FUT-L-01,long,H,320.0,340.0,1900.0,90.0,54.303,2026-02-01T11:46:10
FUT-L-01,long,H,320.0,340.0,1900.0,90.0,54.347,2026-02-01T11:46:20
FUT-L-01,long,H,320.0,340.0,1900.0,90.0,54.448,2026-02-01T11:46:30
FUT-L-01,long,H,320.0,340.0,1900.0,90.0,54.496,2026-02-01T11:46:40
FUT-L-01,long,H,320.0,340.0,1900.0,90.0,54.575,2026-02-01T11:46:50
FUT-L-01,long,H,320.0,340.0,1900.0,90.0,54.628,2026-02-01T11:47:00
FUT-L-01,long,H,320.0,340.0,1900.0,90.0,54.691,2026-02-01T11:47:10
FUT-L-01,long,H,320.0,340.0,1900.0,90.0,54.76,2026-02-01T11:47:20
FUT-L-01,long,H,320.0,340.0,1900.0,90.0,54.803,2026-02-01T11:47:30
FUT-L-01,long,H,320.0,340.0,1900.0,90.0,54.865,2026-02-01T11:47:40
FUT-L-01,long,H,320.0,340.0,1900.0,90.0,54.966,2026-02-01T11:47:50
FUT-L-01,long,H,320.0,340.0,1900.0,90.0,55.003,2026-02-01T11:48:00
FUT-L-01,long,H,320.0,340.0,1900.0,90.0,55.077,2026-02-01T11:48:10
FUT-L-01,long,H,320.0,340.0,1900.0,90.0,55.127,2026-02-01T11:48:20
FUT-L-01,long,H,320.0,340.0,1900.0,90.0,55.2,2026-02-01T11:48:30
FUT-L-01,long,H,320.0,340.0,1900.0,90.0,55.262,2026-02-01T11:48:40
FUT-L-01,long,H,320.0,340.0,1900.0,90.0,55.323,2026-02-01T11:48:50
FUT-L-01,long,H,320.0,340.0,1900.0,90.0,55.389,2026-02-01T11:49:00
FUT-L-01,long,H,320.0,340.0,1900.0,90.0,55.506,2026-02-01T11:49:10
FUT-L-01,long,H,320.0,340.0,1900.0,90.0,55.563,2026-02-01T11:49:20
FUT-L-01,long,H,320.0,340.0,1900.0,90.0,55.629,2026-02-01T11:49:30
FUT-L-01,long,H,320.0,340.0,1900.0,90.0,55.691,2026-02-01T11:49:40
FUT-L-01,long,H,320.0,340.0,1900.0,90.0,55.758,2026-02-01T11:49:50
FUT-L-01,long,H,320.0,340.0,1900.0,90.0,55.827,2026-02-01T11:50:00
FUT-L-01,long,H,320.0,340.0,1900.0,90.0,55.908,2026-02-01T11:50:10
FUT-L-01,long,H,320.0,340.0,1900.0,90.0,55.982,2026-02-01T11:50:20
FUT-L-01,long,H,320.0,340.0,1900.0,90.0,56.073,2026-02-01T11:50:30
FUT-L-01,long,H,320.0,340.0,1900.0,90.0,56.157,2026-02-01T11:50:40
FUT-L-01,long,H,320.0,340.0,1900.0,90.0,56.253,2026-02-01T11:50:50
FUT-L-01,long,H,320.0,340.0,1900.0,90.0,56.312,2026-02-01T11:51:00
FUT-L-01,long,H,320.0,340.0,1900.0,90.0,56.35,2026-02-01T11:51:10
FUT-L-01,long,H,320.0,340.0,1900.0,90.0,56.421,2026-02-01T11:51:20
FUT-L-01,long,H,320.0,340.0,1900.0,90.0,56.485,2026-02-01T11:51:30
FUT-L-01,long,H,320.0,340.0,1900.0,90.0,56.554,2026-02-01T11:51:40
FUT-L-01,long,H,320.0,340.0,1900.0,90.0,56.624,2026-02-01T11:51:50
FUT-L-01,long,H,320.0,340.0,1900.0,90.0,56.714,2026-02-01T11:52:00
FUT-L-01,long,H,320.0,340.0,1900.0,90.0,56.77,2026-02-01T11:52:10
FUT-L-01,long,H,320.0,340.0,1900.0,90.0,56.823,2026-02-01T11:52:20
FUT-L-01,long,H,320.0,340.0,1900.0,90.0,56.873,2026-02-01T11:52:30
FUT-L-01,long,H,320.0,340.0,1900.0,90.0,56.922,2026-02-01T11:52:40
FUT-L-01,long,H,320.0,340.0,1900.0,90.0,57.012,2026-02-01T11:52:50
FUT-L-01,long,H,320.0,340.0,1900.0,90.0,57.063,2026-02-01T11:53:00
FUT-L-01,long,H,320.0,340.0,1900.0,90.0,57.146,2026-02-01T11:53:10
FUT-L-01,long,H,320.0,340.0,1900.0,90.0,57.227,2026-02-01T11:53:20
FUT-L-01,long,H,320.0,340.0,1900.0,90.0,57.293,2026-02-01T11:53:30
FUT-L-01,long,H,320.0,340.0,1900.0,90.0,57.372,2026-02-01T11:53:40
FUT-L-01,long,H,320.0,340.0,1900.0,90.0,57.456,2026-02-01T11:53:50
FUT-L-01,long,H,320.0,340.0,1900.0,90.0,57.55,2026-02-01T11:54:00
FUT-L-01,long,H,320.0,340.0,1900.0,90.0,57.625,2026-02-01T11:54:10
FUT-L-01,long,H,320.0,340.0,1900.0,90.0,57.703,2026-02-01T11:54:20
FUT-L-01,long,H,320.0,340.0,1900.0,90.0,57.799,2026-02-01T11:54:30
FUT-L-01,long,H,320.0,340.0,1900.0,90.0,57.846,2026-02-01T11:54:40
FUT-L-01,long,H,320.0,340.0,1900.0,90.0,57.925,2026-02-01T11:54:50
FUT-L-01,long,H,320.0,340.0,1900.0,90.0,58.003,2026-02-01T11:55:00
FUT-L-01,long,H,320.0,340.0,1900.0,90.0,58.11,2026-02-01T11:55:10
FUT-L-01,long,H,320.0,340.0,1900.0,90.0,58.175,2026-02-01T11:55:20
FUT-L-01,long,H,320.0,340.0,1900.0,90.0,58.239,2026-02-01T11:55:30
FUT-L-01,long,H,320.0,340.0,1900.0,90.0,58.318,2026-02-01T11:55:40
FUT-L-01,long,H,320.0,340.0,1900.0,90.0,58.386,2026-02-01T11:55:50
FUT-L-01,long,H,320.0,340.0,1900.0,90.0,58.449,2026-02-01T11:56:00
FUT-L-01,long,H,320.0,340.0,1900.0,90.0,58.488,2026-02-01T11:56:10
FUT-L-01,long,H,320.0,340.0,1900.0,90.0,58.561,2026-02-01T11:56:20
FUT-L-01,long,H,320.0,340.0,1900.0,90.0,58.659,2026-02-01T11:56:30
FUT-L-01,long,H,320.0,340.0,1900.0,90.0,58.713,2026-02-01T11:56:40
FUT-L-01,long,H,320.0,340.0,1900.0,90.0,58.796,2026-02-01T11:56:50
FUT-L-01,long,H,320.0,340.0,1900.0,90.0,58.851,2026-02-01T11:57:00
FUT-L-01,long,H,320.0,340.0,1900.0,90.0,58.922,2026-02-01T11:57:10
FUT-L-01,long,H,320.0,340.0,1900.0,90.0,58.994,2026-02-01T11:57:20
FUT-L-01,long,H,320.0,340.0,1900.0,90.0,59.077,2026-02-01T11:57:30
FUT-L-01,long,H,320.0,340.0,1900.0,90.0,59.155,2026-02-01T11:57:40
FUT-L-01,long,H,320.0,340.0,1900.0,90.0,59.236,2026-02-01T11:57:50
FUT-L-01,long,H,320.0,340.0,1900.0,90.0,59.314,2026-02-01T11:58:00
FUT-L-01,long,H,320.0,340.0,1900.0,90.0,59.351,2026-02-01T11:58:10
FUT-L-01,long,H,320.0,340.0,1900.0,90.0,59.426,2026-02-01T11:58:20
FUT-L-01,long,H,320.0,340.0,1900.0,90.0,59.477,2026-02-01T11:58:30
FUT-L-01,long,H,320.0,340.0,1900.0,90.0,59.55,2026-02-01T11:58:40
FUT-L-01,long,H,320.0,340.0,1900.0,90.0,59.635,2026-02-01T11:58:50
FUT-L-01,long,H,320.0,340.0,1900.0,90.0,59.713,2026-02-01T11:59:00
FUT-L-01,long,H,320.0,340.0,1900.0,90.0,59.779,2026-02-01T11:59:10
FUT-L-01,long,H,320.0,340.0,1900.0,90.0,59.854,2026-02-01T11:59:20
FUT-L-01,long,H,320.0,340.0,1900.0,90.0,59.917,2026-02-01T11:59:30
FUT-L-01,long,H,320.0,340.0,1900.0,90.0,59.989,2026-02-01T11:59:40
FUT-L-01,long,H,320.0,340.0,1900.0,90.0,60.059,2026-02-01T11:59:50
FUT-L-01,long,H,320.0,340.0,1900.0,90.0,60.135,2026-02-01T12:00:00
FUT-L-01,long,H,320.0,340.0,1900.0,90.0,60.187,2026-02-01T12:00:10
FUT-L-01,long,H,320.0,340.0,1900.0,90.0,60.226,2026-02-01T12:00:20
FUT-L-01,long,H,320.0,340.0,1900.0,90.0,60.301,2026-02-01T12:00:30
FUT-L-01,long,H,320.0,340.0,1900.0,90.0,60.381,2026-02-01T12:00:40
FUT-L-01,long,H,320.0,340.0,1900.0,90.0,60.45,2026-02-01T12:00:50
FUT-L-01,long,H,320.0,340.0,1900.0,90.0,60.541,2026-02-01T12:01:00
FUT-L-01,long,H,320.0,340.0,1900.0,90.0,60.57,2026-02-01T12:01:10
FUT-L-01,long,H,320.0,340.0,1900.0,90.0,60.637,2026-02-01T12:01:20
FUT-L-01,long,H,320.0,340.0,1900.0,90.0,60.675,2026-02-01T12:01:30
FUT-L-01,long,H,320.0,340.0,1900.0,90.0,60.709,2026-02-01T12:01:40
FUT-L-01,long,H,320.0,340.0,1900.0,90.0,60.789,2026-02-01T12:01:50
FUT-L-01,long,H,320.0,340.0,1900.0,90.0,60.86,2026-02-01T12:02:00
FUT-L-01,long,H,320.0,340.0,1900.0,90.0,60.925,2026-02-01T12:02:10
FUT-L-01,long,H,320.0,340.0,1900.0,90.0,60.971,2026-02-01T12:02:20
FUT-L-01,long,H,320.0,340.0,1900.0,90.0,61.031,2026-02-01T12:02:30
FUT-L-01,long,H,320.0,340.0,1900.0,90.0,61.089,2026-02-01T12:02:40
FUT-L-01,long,H,320.0,340.0,1900.0,90.0,61.185,2026-02-01T12:02:50
FUT-L-01,long,H,320.0,340.0,1900.0,90.0,61.258,2026-02-01T12:03:00
FUT-L-01,long,H,320.0,340.0,1900.0,90.0,61.349,2026-02-01T12:03:10
FUT-L-01,long,H,320.0,340.0,1900.0,90.0,61.432,2026-02-01T12:03:20
FUT-L-01,long,H,320.0,340.0,1900.0,90.0,61.487,2026-02-01T12:03:30
FUT-L-01,long,H,320.0,340.0,1900.0,90.0,61.57,2026-02-01T12:03:40
FUT-L-01,long,H,320.0,340.0,1900.0,90.0,61.634,2026-02-01T12:03:50
FUT-L-01,long,H,320.0,340.0,1900.0,90.0,61.678,2026-02-01T12:04:00
FUT-L-01,long,H,320.0,340.0,1900.0,90.0,61.728,2026-02-01T12:04:10
FUT-L-01,long,H,320.0,340.0,1900.0,90.0,61.796,2026-02-01T12:04:20
FUT-L-01,long,H,320.0,340.0,1900.0,90.0,61.841,2026-02-01T12:04:30
FUT-L-01,long,H,320.0,340.0,1900.0,90.0,61.89,2026-02-01T12:04:40
FUT-L-01,long,H,320.0,340.0,1900.0,90.0,61.978,2026-02-01T12:04:50
FUT-L-01,long,H,320.0,340.0,1900.0,90.0,62.05,2026-02-01T12:05:00
FUT-L-01,long,H,320.0,340.0,1900.0,90.0,62.118,2026-02-01T12:05:10
FUT-L-01,long,H,320.0,340.0,1900.0,90.0,62.163,2026-02-01T12:05:20
FUT-L-01,long,H,320.0,340.0,1900.0,90.0,62.229,2026-02-01T12:05:30
FUT-L-01,long,H,320.0,340.0,1900.0,90.0,62.314,2026-02-01T12:05:40
FUT-L-01,long,H,320.0,340.0,1900.0,90.0,62.339,2026-02-01T12:05:50
FUT-L-01,long,H,320.0,340.0,1900.0,90.0,62.374,2026-02-01T12:06:00
FUT-L-01,long,H,320.0,340.0,1900.0,90.0,62.425,2026-02-01T12:06:10
FUT-L-01,long,H,320.0,340.0,1900.0,90.0,62.484,2026-02-01T12:06:20
FUT-L-01,long,H,320.0,340.0,1900.0,90.0,62.547,2026-02-01T12:06:30
FUT-L-01,long,H,320.0,340.0,1900.0,90.0,62.616,2026-02-01T12:06:40
FUT-L-01,long,H,320.0,340.0,1900.0,90.0,62.684,2026-02-01T12:06:50
FUT-L-01,long,H,320.0,340.0,1900.0,90.0,62.775,2026-02-01T12:07:00
FUT-L-01,long,H,320.0,340.0,1900.0,90.0,62.843,2026-02-01T12:07:10
FUT-L-01,long,H,320.0,340.0,1900.0,90.0,62.958,2026-02-01T12:07:20
FUT-L-01,long,H,320.0,340.0,1900.0,90.0,63.044,2026-02-01T12:07:30
FUT-L-01,long,H,320.0,340.0,1900.0,90.0,63.126,2026-02-01T12:07:40
FUT-L-01,long,H,320.0,340.0,1900.0,90.0,63.165,2026-02-01T12:07:50
FUT-L-01,long,H,320.0,340.0,1900.0,90.0,63.238,2026-02-01T12:08:00
FUT-L-01,long,H,320.0,340.0,1900.0,90.0,63.346,2026-02-01T12:08:10
FUT-L-01,long,H,320.0,340.0,1900.0,90.0,63.452,2026-02-01T12:08:20
FUT-L-01,long,H,320.0,340.0,1900.0,90.0,63.528,2026-02-01T12:08:30
FUT-L-01,long,H,320.0,339.908,1900.0,90.0,63.586,2026-02-01T12:08:40
FUT-L-01,long,H,320.0,339.637,1900.0,90.0,63.656,2026-02-01T12:08:50
FUT-L-01,long,H,320.0,339.304,1900.0,90.0,63.703,2026-02-01T12:09:00
FUT-L-01,long,H,320.0,339.077,1900.0,90.0,63.785,2026-02-01T12:09:10
FUT-L-01,long,H,320.0,338.97,1900.0,90.0,63.849,2026-02-01T12:09:20
FUT-L-01,long,H,320.0,339.126,1900.0,90.0,63.96,2026-02-01T12:09:30
FUT-L-01,long,H,319.955,338.786,1900.0,90.0,64.04,2026-02-01T12:09:40
FUT-L-01,long,H,319.561,338.612,1900.0,90.0,64.127,2026-02-01T12:09:50
FUT-L-01,long,H,319.059,338.499,1900.0,90.0,64.213,2026-02-01T12:10:00
FUT-L-01,long,H,318.534,338.2,1900.0,90.0,64.305,2026-02-01T12:10:10
FUT-L-01,long,H,318.168,338.044,1900.0,90.0,64.367,2026-02-01T12:10:20
FUT-L-01,long,H,317.742,337.695,1900.0,90.0,64.434,2026-02-01T12:10:30
FUT-L-01,long,H,317.462,337.613,1900.0,90.0,64.498,2026-02-01T12:10:40
FUT-L-01,long,H,317.025,337.526,1900.0,90.0,64.591,2026-02-01T12:10:50
FUT-L-01,long,H,316.676,337.418,1900.0,90.0,64.675,2026-02-01T12:11:00
FUT-L-01,long,H,316.563,337.187,1885.251,90.0,64.724,2026-02-01T12:11:10
FUT-L-01,long,H,316.242,337.231,1882.128,90.0,64.801,2026-02-01T12:11:20
FUT-L-01,long,H,315.792,337.194,1871.807,90.0,64.864,2026-02-01T12:11:30
FUT-L-01,long,H,315.245,337.223,1854.499,90.0,64.949,2026-02-01T12:11:40
FUT-L-01,long,H,315.139,337.222,1837.169,90.0,65.017,2026-02-01T12:11:50
FUT-L-01,long,H,315.123,337.312,1819.815,90.0,65.083,2026-02-01T12:12:00
FUT-L-01,long,H,314.967,337.416,1814.969,90.0,65.173,2026-02-01T12:12:10
FUT-L-01,long,H,314.803,337.532,1804.985,90.0,65.229,2026-02-01T12:12:20
FUT-L-01,long,H,314.577,337.818,1800.283,90.0,65.308,2026-02-01T12:12:30
FUT-L-01,long,H,314.393,337.886,1800.538,90.0,65.353,2026-02-01T12:12:40
FUT-L-01,long,H,314.147,338.067,1795.433,90.0,65.402,2026-02-01T12:12:50
FUT-L-01,long,H,314.122,338.177,1779.92,90.0,65.481,2026-02-01T12:13:00
FUT-L-01,long,H,313.884,338.446,1777.661,90.0,65.547,2026-02-01T12:13:10
FUT-L-01,long,H,313.734,338.451,1760.625,90.0,65.615,2026-02-01T12:13:20
FUT-L-01,long,H,313.595,338.67,1757.138,90.0,65.735,2026-02-01T12:13:30
